Transaction ID,Customer ID,Category,Item,Price Per Unit,Quantity,Total Spent,Payment Method,Location,Transaction Date,Discount Applied,Timestamp
TXN_6867343,CUST_09,Patisserie,Item_10_PAT,18.5,10.0,185.0,Digital Wallet,Online,2024-04-08,True,1712534400
TXN_3731986,CUST_22,Milk Products,Item_17_MILK,29.0,9.0,261.0,Digital Wallet,Online,2023-07-23,True,1690070400
TXN_9303719,CUST_02,Butchers,Item_12_BUT,21.5,2.0,43.0,Credit Card,Online,2022-10-05,False,1664928000
TXN_4575373,CUST_05,Food,Item_6_FOOD,12.5,7.0,87.5,Digital Wallet,Online,2022-10-02,False,1664668800
TXN_3652209,CUST_07,Food,Item_1_FOOD,5.0,8.0,40.0,Credit Card,In-store,2023-06-10,True,1686355200
TXN_9728486,CUST_23,Furniture,Item_16_FUR,27.5,1.0,27.5,Credit Card,In-store,2023-04-26,False,1682467200
TXN_2722661,CUST_25,Butchers,Item_22_BUT,36.5,3.0,109.5,Cash,Online,2024-03-14,False,1710374400
TXN_8776416,CUST_22,Butchers,Item_3_BUT,8.0,9.0,72.0,Cash,In-store,2024-12-14,True,1734134400
TXN_5422631,CUST_09,Milk Products,Item_2_MILK,6.5,8.0,52.0,Digital Wallet,In-store,2025-01-12,True,1736640000
TXN_5874772,CUST_23,Food,Item_2_FOOD,6.5,7.0,45.5,Cash,Online,2023-09-09,True,1694217600
TXN_4413070,CUST_14,Patisserie,Item_24_PAT,39.5,6.0,237.0,Digital Wallet,In-store,2022-05-20,False,1653004800
TXN_7563311,CUST_23,Patisserie,Item_17_PAT,29.0,8.0,232.0,Cash,Online,2024-11-16,True,1731715200
TXN_4396807,CUST_17,Electric household essentials,Item_13_EHE,23.0,1.0,23.0,Digital Wallet,In-store,2022-02-07,False,1644192000
TXN_3314099,CUST_04,Food,Item_10_FOOD,18.5,1.0,18.5,Cash,Online,2023-09-30,False,1696032000
TXN_9980736,CUST_13,Furniture,Item_14_FUR,24.5,2.0,49.0,Cash,Online,2023-08-29,False,1693267200
TXN_9057609,CUST_18,Butchers,Item_20_BUT,33.5,4.0,134.0,Credit Card,In-store,2022-03-16,True,1647388800
TXN_1599706,CUST_14,Furniture,Item_25_FUR,41.0,10.0,410.0,Credit Card,In-store,2024-03-24,True,1711238400
TXN_1598860,CUST_08,Food,Item_14_FOOD,24.5,10.0,245.0,Cash,In-store,2022-10-23,True,1666483200
TXN_7138501,CUST_18,Patisserie,Item_22_PAT,36.5,5.0,182.5,Credit Card,In-store,2022-03-10,False,1646870400
TXN_5444504,CUST_05,Food,Item_11_FOOD,20.0,10.0,200.0,Digital Wallet,Online,2022-04-26,False,1650931200
TXN_4353295,CUST_22,Patisserie,Item_6_PAT,12.5,8.0,100.0,Credit Card,Online,2022-04-05,True,1649116800
TXN_1543244,CUST_20,Food,Item_14_FOOD,24.5,8.0,196.0,Credit Card,Online,2024-10-25,True,1729814400
TXN_6398436,CUST_15,Beverages,Item_25_BEV,41.0,7.0,287.0,Credit Card,In-store,2024-06-03,True,1717372800
TXN_9065245,CUST_02,Food,Item_23_FOOD,38.0,2.0,76.0,Digital Wallet,In-store,2024-03-10,False,1710028800
TXN_6963438,CUST_11,Furniture,Item_10_FUR,18.5,5.0,92.5,Credit Card,Online,2024-04-23,True,1713830400
TXN_5836005,CUST_19,Butchers,Item_23_BUT,38.0,5.0,190.0,Credit Card,In-store,2024-10-19,False,1729296000
TXN_4223250,CUST_16,Beverages,Item_22_BEV,36.5,7.0,255.5,Cash,Online,2023-05-31,True,1685491200
TXN_9587232,CUST_20,Food,Item_12_FOOD,21.5,5.0,107.5,Digital Wallet,Online,2023-02-28,True,1677542400
TXN_6404316,CUST_04,Computers and electric accessories,Item_16_CEA,27.5,6.0,165.0,Credit Card,Online,2022-04-06,False,1649203200
TXN_9331642,CUST_12,Patisserie,Item_11_PAT,20.0,4.0,80.0,Credit Card,Online,2022-07-06,True,1657065600
TXN_9729422,CUST_13,Butchers,Item_16_BUT,27.5,6.0,165.0,Credit Card,Online,2024-12-31,True,1735603200
TXN_5379241,CUST_05,Butchers,Item_20_BUT,33.5,10.0,335.0,Credit Card,In-store,2023-04-12,False,1681257600
TXN_8413369,CUST_23,Computers and electric accessories,Item_5_CEA,11.0,6.0,66.0,Credit Card,Online,2024-03-09,True,1709942400
TXN_4836321,CUST_21,Food,Item_12_FOOD,21.5,10.0,215.0,Digital Wallet,In-store,2023-01-14,False,1673654400
TXN_8218431,CUST_01,Furniture,Item_23_FUR,38.0,5.0,190.0,Digital Wallet,Online,2023-04-29,False,1682726400
TXN_7909783,CUST_12,Computers and electric accessories,Item_5_CEA,11.0,1.0,11.0,Credit Card,Online,2023-12-17,True,1702771200
TXN_5046007,CUST_07,Computers and electric accessories,Item_15_CEA,26.0,9.0,234.0,Cash,Online,2024-07-22,True,1721606400
TXN_3424571,CUST_09,Milk Products,Item_6_MILK,12.5,7.0,87.5,Credit Card,Online,2023-01-13,False,1673568000
TXN_6820452,CUST_10,Computers and electric accessories,Item_24_CEA,39.5,8.0,316.0,Credit Card,In-store,2023-04-18,False,1681776000
TXN_1998771,CUST_25,Milk Products,Item_16_MILK,27.5,3.0,82.5,Digital Wallet,Online,2024-11-07,True,1730937600
TXN_1132097,CUST_24,Patisserie,Item_11_PAT,20.0,9.0,180.0,Credit Card,In-store,2023-05-18,True,1684368000
TXN_5418871,CUST_04,Computers and electric accessories,Item_22_CEA,36.5,7.0,255.5,Cash,In-store,2022-03-16,False,1647388800
TXN_6952276,CUST_01,Food,Item_22_FOOD,36.5,10.0,365.0,Credit Card,Online,2024-08-02,True,1722556800
TXN_5885894,CUST_01,Patisserie,Item_14_PAT,24.5,10.0,245.0,Credit Card,In-store,2022-02-09,False,1644364800
TXN_3671271,CUST_18,Patisserie,Item_12_PAT,21.5,8.0,172.0,Cash,In-store,2023-11-27,False,1701043200
TXN_9908330,CUST_19,Food,Item_18_FOOD,30.5,4.0,122.0,Credit Card,Online,2022-09-29,True,1664409600
TXN_2016332,CUST_17,Patisserie,Item_1_PAT,5.0,6.0,30.0,Digital Wallet,Online,2022-12-17,True,1671235200
TXN_1260450,CUST_25,Furniture,Item_22_FUR,36.5,10.0,365.0,Digital Wallet,In-store,2023-12-24,True,1703376000
TXN_6315447,CUST_21,Patisserie,Item_7_PAT,14.0,9.0,126.0,Digital Wallet,In-store,2025-01-12,False,1736640000
TXN_5973228,CUST_12,Beverages,Item_7_BEV,14.0,6.0,84.0,Digital Wallet,Online,2023-12-25,True,1703462400
TXN_1142481,CUST_02,Beverages,Item_22_BEV,36.5,6.0,219.0,Cash,In-store,2023-02-07,True,1675728000
TXN_1061030,CUST_20,Computers and electric accessories,Item_22_CEA,36.5,4.0,146.0,Digital Wallet,Online,2024-07-14,True,1720915200
TXN_8114453,CUST_10,Electric household essentials,Item_21_EHE,35.0,2.0,70.0,Digital Wallet,In-store,2023-05-09,False,1683590400
TXN_8024803,CUST_09,Furniture,Item_11_FUR,20.0,8.0,160.0,Digital Wallet,In-store,2024-08-22,False,1724284800
TXN_5062634,CUST_04,Patisserie,Item_25_PAT,41.0,2.0,82.0,Credit Card,Online,2023-07-06,True,1688601600
TXN_2646301,CUST_18,Furniture,Item_24_FUR,39.5,9.0,355.5,Credit Card,In-store,2022-12-07,False,1670371200
TXN_8322008,CUST_22,Food,Item_4_FOOD,9.5,3.0,28.5,Cash,In-store,2024-08-20,False,1724112000
TXN_3035546,CUST_19,Beverages,Item_14_BEV,24.5,2.0,49.0,Credit Card,In-store,2023-07-12,True,1689120000
TXN_8414071,CUST_20,Patisserie,Item_12_PAT,21.5,9.0,193.5,Cash,In-store,2023-05-02,True,1682985600
TXN_5705131,CUST_19,Milk Products,Item_4_MILK,9.5,4.0,38.0,Digital Wallet,Online,2024-03-27,True,1711497600
TXN_5938028,CUST_18,Computers and electric accessories,Item_7_CEA,14.0,1.0,14.0,Digital Wallet,Online,2023-02-20,True,1676851200
TXN_9619859,CUST_01,Butchers,Item_21_BUT,35.0,4.0,140.0,Cash,In-store,2024-04-05,False,1712275200
TXN_6158929,CUST_21,Food,Item_11_FOOD,20.0,6.0,120.0,Cash,Online,2022-01-29,True,1643414400
TXN_5328604,CUST_07,Food,Item_20_FOOD,33.5,10.0,335.0,Cash,Online,2024-07-08,False,1720396800
TXN_4324641,CUST_01,Patisserie,Item_16_PAT,27.5,6.0,165.0,Cash,In-store,2023-11-07,False,1699315200
TXN_2940500,CUST_06,Computers and electric accessories,Item_25_CEA,41.0,1.0,41.0,Cash,In-store,2024-11-05,False,1730764800
TXN_1945960,CUST_09,Butchers,Item_8_BUT,15.5,10.0,155.0,Digital Wallet,In-store,2023-04-06,False,1680739200
TXN_8219228,CUST_17,Computers and electric accessories,Item_10_CEA,18.5,5.0,92.5,Cash,Online,2022-05-27,False,1653609600
TXN_5471094,CUST_14,Butchers,Item_2_BUT,6.5,3.0,19.5,Digital Wallet,In-store,2022-08-24,False,1661299200
TXN_9255329,CUST_01,Furniture,Item_25_FUR,41.0,7.0,287.0,Digital Wallet,In-store,2022-03-02,False,1646179200
TXN_9279462,CUST_25,Furniture,Item_5_FUR,11.0,3.0,33.0,Credit Card,In-store,2022-02-05,False,1644019200
TXN_4372655,CUST_08,Food,Item_9_FOOD,17.0,7.0,119.0,Cash,In-store,2024-11-03,False,1730592000
TXN_7655704,CUST_11,Computers and electric accessories,Item_21_CEA,35.0,8.0,280.0,Digital Wallet,Online,2022-08-08,True,1659916800
TXN_6908058,CUST_25,Computers and electric accessories,Item_8_CEA,15.5,10.0,155.0,Cash,In-store,2023-07-22,False,1689984000
TXN_3208232,CUST_25,Electric household essentials,Item_8_EHE,15.5,4.0,62.0,Digital Wallet,In-store,2024-01-13,False,1705104000
TXN_2212643,CUST_09,Food,Item_3_FOOD,8.0,4.0,32.0,Credit Card,In-store,2022-12-29,False,1672272000
TXN_3403695,CUST_25,Beverages,Item_23_BEV,38.0,8.0,304.0,Cash,Online,2024-09-27,True,1727395200
TXN_9940030,CUST_25,Beverages,Item_19_BEV,32.0,6.0,192.0,Credit Card,In-store,2022-01-19,True,1642550400
TXN_6195024,CUST_13,Beverages,Item_20_BEV,33.5,5.0,167.5,Cash,Online,2024-08-09,False,1723161600
TXN_5243520,CUST_13,Patisserie,Item_10_PAT,18.5,5.0,92.5,Cash,In-store,2024-05-16,False,1715817600
TXN_4608122,CUST_21,Butchers,Item_16_BUT,27.5,10.0,275.0,Digital Wallet,Online,2022-10-01,False,1664582400
TXN_6923419,CUST_17,Furniture,Item_5_FUR,11.0,8.0,88.0,Digital Wallet,Online,2022-06-28,False,1656374400
TXN_6989569,CUST_11,Milk Products,Item_21_MILK,35.0,2.0,70.0,Credit Card,In-store,2022-01-17,False,1642377600
TXN_5647023,CUST_12,Furniture,Item_24_FUR,39.5,4.0,158.0,Digital Wallet,In-store,2022-04-14,True,1649894400
TXN_8049831,CUST_18,Beverages,Item_6_BEV,12.5,2.0,25.0,Cash,In-store,2023-01-05,False,1672876800
TXN_3831408,CUST_18,Milk Products,Item_1_MILK,5.0,10.0,50.0,Digital Wallet,Online,2022-02-11,True,1644537600
TXN_3519817,CUST_22,Butchers,Item_18_BUT,30.5,4.0,122.0,Digital Wallet,Online,2022-06-14,True,1655164800
TXN_4801202,CUST_16,Furniture,Item_1_FUR,5.0,3.0,15.0,Digital Wallet,Online,2024-05-31,False,1717113600
TXN_5111184,CUST_19,Milk Products,Item_11_MILK,20.0,6.0,120.0,Credit Card,Online,2024-07-18,True,1721260800
TXN_1499774,CUST_07,Butchers,Item_3_BUT,8.0,5.0,40.0,Credit Card,In-store,2022-12-15,True,1671062400
TXN_2565828,CUST_21,Food,Item_24_FOOD,39.5,10.0,395.0,Credit Card,Online,2022-02-18,False,1645142400
TXN_6312937,CUST_14,Computers and electric accessories,Item_13_CEA,23.0,2.0,46.0,Digital Wallet,In-store,2024-02-09,False,1707436800
TXN_8775503,CUST_08,Computers and electric accessories,Item_6_CEA,12.5,2.0,25.0,Digital Wallet,In-store,2024-10-11,False,1728604800
TXN_4947386,CUST_13,Food,Item_18_FOOD,30.5,10.0,305.0,Cash,Online,2024-11-12,False,1731369600
TXN_4276451,CUST_17,Beverages,Item_22_BEV,36.5,1.0,36.5,Credit Card,Online,2024-05-27,False,1716768000
TXN_3380295,CUST_08,Beverages,Item_6_BEV,12.5,5.0,62.5,Cash,Online,2023-02-08,False,1675814400
TXN_8616546,CUST_09,Beverages,Item_21_BEV,35.0,8.0,280.0,Credit Card,Online,2023-04-01,True,1680307200
TXN_5046818,CUST_02,Butchers,Item_22_BUT,36.5,6.0,219.0,Digital Wallet,In-store,2024-07-03,False,1719964800
TXN_4626993,CUST_24,Butchers,Item_13_BUT,23.0,7.0,161.0,Credit Card,Online,2023-08-23,False,1692748800
TXN_5256349,CUST_25,Beverages,Item_2_BEV,6.5,4.0,26.0,Digital Wallet,Online,2022-09-27,False,1664236800
TXN_3822751,CUST_21,Butchers,Item_7_BUT,14.0,9.0,126.0,Digital Wallet,In-store,2024-03-04,False,1709510400
TXN_9209383,CUST_12,Electric household essentials,Item_7_EHE,14.0,9.0,126.0,Credit Card,In-store,2024-09-16,False,1726444800
TXN_2196324,CUST_11,Butchers,Item_21_BUT,35.0,9.0,315.0,Cash,In-store,2024-02-08,True,1707350400
TXN_7020797,CUST_22,Food,Item_9_FOOD,17.0,5.0,85.0,Digital Wallet,In-store,2024-04-20,False,1713571200
TXN_7594834,CUST_22,Furniture,Item_25_FUR,41.0,1.0,41.0,Credit Card,In-store,2024-03-16,False,1710547200
TXN_3229559,CUST_02,Beverages,Item_7_BEV,14.0,9.0,126.0,Digital Wallet,Online,2022-12-02,True,1669939200
TXN_8283332,CUST_16,Beverages,Item_23_BEV,38.0,6.0,228.0,Cash,Online,2023-11-13,False,1699833600
TXN_5205620,CUST_17,Patisserie,Item_11_PAT,20.0,7.0,140.0,Cash,In-store,2023-06-26,True,1687737600
TXN_4448047,CUST_03,Milk Products,Item_8_MILK,15.5,6.0,93.0,Credit Card,Online,2022-06-15,False,1655251200
TXN_2163190,CUST_20,Patisserie,Item_16_PAT,27.5,2.0,55.0,Digital Wallet,Online,2022-05-30,True,1653868800
TXN_3338914,CUST_16,Food,Item_20_FOOD,33.5,10.0,335.0,Digital Wallet,Online,2024-05-29,False,1716940800
TXN_8959624,CUST_09,Milk Products,Item_1_MILK,5.0,7.0,35.0,Digital Wallet,Online,2024-12-18,False,1734480000
TXN_9760482,CUST_07,Computers and electric accessories,Item_11_CEA,20.0,9.0,180.0,Digital Wallet,In-store,2023-01-06,True,1672963200
TXN_8136588,CUST_07,Milk Products,Item_16_MILK,27.5,7.0,192.5,Digital Wallet,In-store,2022-10-24,False,1666569600
TXN_4844684,CUST_20,Butchers,Item_20_BUT,33.5,5.0,167.5,Digital Wallet,Online,2022-07-23,False,1658534400
TXN_9882772,CUST_09,Furniture,Item_17_FUR,29.0,9.0,261.0,Cash,Online,2023-08-07,True,1691366400
TXN_9896056,CUST_10,Electric household essentials,Item_20_EHE,33.5,3.0,100.5,Digital Wallet,Online,2022-12-29,True,1672272000
TXN_3135312,CUST_11,Electric household essentials,Item_16_EHE,27.5,10.0,275.0,Cash,Online,2022-09-27,True,1664236800
TXN_4879766,CUST_13,Computers and electric accessories,Item_20_CEA,33.5,4.0,134.0,Digital Wallet,Online,2023-06-03,False,1685750400
TXN_5822350,CUST_16,Electric household essentials,Item_23_EHE,38.0,1.0,38.0,Cash,In-store,2022-03-21,True,1647820800
TXN_2755139,CUST_21,Milk Products,Item_4_MILK,9.5,1.0,9.5,Digital Wallet,Online,2023-12-19,False,1702944000
TXN_8960682,CUST_25,Electric household essentials,Item_1_EHE,5.0,2.0,10.0,Cash,Online,2023-06-10,False,1686355200
TXN_8973416,CUST_13,Butchers,Item_13_BUT,23.0,6.0,138.0,Cash,In-store,2022-09-10,True,1662768000
TXN_5487046,CUST_22,Computers and electric accessories,Item_19_CEA,32.0,9.0,288.0,Cash,Online,2022-06-06,False,1654473600
TXN_5945222,CUST_04,Butchers,Item_20_BUT,33.5,5.0,167.5,Digital Wallet,In-store,2024-08-11,False,1723334400
TXN_1334483,CUST_17,Computers and electric accessories,Item_11_CEA,20.0,3.0,60.0,Cash,Online,2023-07-17,False,1689552000
TXN_8777313,CUST_20,Food,Item_25_FOOD,41.0,3.0,123.0,Digital Wallet,In-store,2023-04-20,False,1681948800
TXN_2690179,CUST_12,Electric household essentials,Item_12_EHE,21.5,2.0,43.0,Digital Wallet,In-store,2023-09-09,True,1694217600
TXN_2795990,CUST_03,Electric household essentials,Item_22_EHE,36.5,2.0,73.0,Digital Wallet,In-store,2024-07-15,False,1721001600
TXN_2438514,CUST_15,Patisserie,Item_13_PAT,23.0,3.0,69.0,Digital Wallet,Online,2024-02-13,True,1707782400
TXN_6229786,CUST_04,Food,Item_18_FOOD,30.5,2.0,61.0,Cash,In-store,2022-01-20,False,1642636800
TXN_6490151,CUST_08,Computers and electric accessories,Item_21_CEA,35.0,4.0,140.0,Digital Wallet,In-store,2024-10-17,False,1729123200
TXN_9331694,CUST_13,Computers and electric accessories,Item_2_CEA,6.5,8.0,52.0,Credit Card,Online,2023-12-09,False,1702080000
TXN_8547389,CUST_11,Electric household essentials,Item_17_EHE,29.0,4.0,116.0,Cash,Online,2022-05-26,False,1653523200
TXN_7324151,CUST_16,Computers and electric accessories,Item_21_CEA,35.0,2.0,70.0,Credit Card,In-store,2024-08-30,False,1724976000
TXN_6590263,CUST_14,Patisserie,Item_1_PAT,5.0,7.0,35.0,Digital Wallet,Online,2024-12-11,False,1733875200
TXN_2251132,CUST_20,Food,Item_6_FOOD,12.5,4.0,50.0,Cash,Online,2024-07-15,False,1721001600
TXN_1048755,CUST_05,Butchers,Item_25_BUT,41.0,3.0,123.0,Credit Card,Online,2024-10-06,True,1728172800
TXN_2530704,CUST_25,Butchers,Item_23_BUT,38.0,2.0,76.0,Digital Wallet,In-store,2024-01-04,False,1704326400
TXN_1722933,CUST_20,Computers and electric accessories,Item_21_CEA,35.0,7.0,245.0,Cash,Online,2023-08-12,False,1691798400
TXN_5846723,CUST_05,Patisserie,Item_10_PAT,18.5,3.0,55.5,Cash,In-store,2024-01-28,False,1706400000
TXN_8759839,CUST_10,Milk Products,Item_2_MILK,6.5,1.0,6.5,Digital Wallet,Online,2024-06-03,False,1717372800
TXN_2202698,CUST_16,Milk Products,Item_8_MILK,15.5,6.0,93.0,Digital Wallet,In-store,2022-08-18,False,1660780800
TXN_7296074,CUST_23,Computers and electric accessories,Item_18_CEA,30.5,5.0,152.5,Credit Card,Online,2022-10-09,True,1665273600
TXN_3866783,CUST_12,Food,Item_25_FOOD,41.0,3.0,123.0,Credit Card,In-store,2022-03-27,False,1648339200
TXN_9048177,CUST_08,Patisserie,Item_6_PAT,12.5,2.0,25.0,Digital Wallet,In-store,2023-11-03,False,1698969600
TXN_8842339,CUST_22,Beverages,Item_12_BEV,21.5,8.0,172.0,Digital Wallet,In-store,2023-05-14,False,1684022400
TXN_6288602,CUST_12,Butchers,Item_21_BUT,35.0,8.0,280.0,Credit Card,In-store,2023-11-28,True,1701129600
TXN_5488509,CUST_21,Butchers,Item_16_BUT,27.5,7.0,192.5,Digital Wallet,Online,2022-02-12,False,1644624000
TXN_8503614,CUST_12,Electric household essentials,Item_21_EHE,35.0,3.0,105.0,Credit Card,Online,2022-12-14,True,1670976000
TXN_7423171,CUST_21,Food,Item_12_FOOD,21.5,7.0,150.5,Digital Wallet,In-store,2024-09-13,False,1726185600
TXN_7443511,CUST_08,Milk Products,Item_1_MILK,5.0,2.0,10.0,Digital Wallet,Online,2023-05-07,True,1683417600
TXN_4394615,CUST_20,Milk Products,Item_4_MILK,9.5,2.0,19.0,Credit Card,In-store,2024-10-20,False,1729382400
TXN_3557501,CUST_08,Food,Item_3_FOOD,8.0,6.0,48.0,Credit Card,In-store,2024-01-10,False,1704844800
TXN_9827245,CUST_02,Electric household essentials,Item_21_EHE,35.0,5.0,175.0,Digital Wallet,Online,2022-04-12,False,1649721600
TXN_4731761,CUST_17,Beverages,Item_6_BEV,12.5,3.0,37.5,Credit Card,In-store,2024-08-19,False,1724025600
TXN_8186195,CUST_20,Beverages,Item_8_BEV,15.5,5.0,77.5,Digital Wallet,Online,2023-02-19,True,1676764800
TXN_1536301,CUST_14,Food,Item_10_FOOD,18.5,7.0,129.5,Cash,In-store,2023-06-12,False,1686528000
TXN_4476611,CUST_13,Food,Item_14_FOOD,24.5,6.0,147.0,Credit Card,Online,2023-03-01,True,1677628800
TXN_4547031,CUST_18,Patisserie,Item_6_PAT,12.5,3.0,37.5,Cash,In-store,2024-03-27,False,1711497600
TXN_6923046,CUST_11,Butchers,Item_12_BUT,21.5,1.0,21.5,Credit Card,Online,2023-08-22,False,1692662400
TXN_5461118,CUST_03,Butchers,Item_8_BUT,15.5,3.0,46.5,Credit Card,In-store,2024-08-20,True,1724112000
TXN_8574406,CUST_16,Furniture,Item_8_FUR,15.5,5.0,77.5,Credit Card,In-store,2024-05-23,True,1716422400
TXN_4459526,CUST_11,Milk Products,Item_3_MILK,8.0,9.0,72.0,Cash,In-store,2022-01-03,False,1641168000
TXN_7160998,CUST_13,Computers and electric accessories,Item_1_CEA,5.0,7.0,35.0,Credit Card,Online,2022-02-08,True,1644278400
TXN_9684703,CUST_15,Computers and electric accessories,Item_6_CEA,12.5,1.0,12.5,Digital Wallet,In-store,2024-02-05,False,1707091200
TXN_8878269,CUST_05,Computers and electric accessories,Item_19_CEA,32.0,4.0,128.0,Cash,In-store,2024-12-08,False,1733616000
TXN_5481124,CUST_03,Furniture,Item_15_FUR,26.0,9.0,234.0,Cash,In-store,2022-01-14,False,1642118400
TXN_3191741,CUST_01,Patisserie,Item_15_PAT,26.0,9.0,234.0,Digital Wallet,In-store,2024-11-17,False,1731801600
TXN_9469962,CUST_08,Beverages,Item_3_BEV,8.0,6.0,48.0,Cash,Online,2024-02-26,False,1708905600
TXN_5072173,CUST_23,Computers and electric accessories,Item_10_CEA,18.5,7.0,129.5,Digital Wallet,Online,2024-09-21,True,1726876800
TXN_5293933,CUST_20,Computers and electric accessories,Item_5_CEA,11.0,5.0,55.0,Cash,In-store,2022-12-06,False,1670284800
TXN_7801513,CUST_01,Electric household essentials,Item_5_EHE,11.0,6.0,66.0,Digital Wallet,In-store,2022-09-21,True,1663718400
TXN_1729525,CUST_08,Beverages,Item_23_BEV,38.0,7.0,266.0,Digital Wallet,In-store,2022-11-10,False,1668038400
TXN_2593560,CUST_07,Butchers,Item_13_BUT,23.0,6.0,138.0,Cash,In-store,2023-07-07,True,1688688000
TXN_6961502,CUST_13,Butchers,Item_17_BUT,29.0,1.0,29.0,Digital Wallet,In-store,2022-11-09,False,1667952000
TXN_8817119,CUST_22,Butchers,Item_20_BUT,33.5,5.0,167.5,Credit Card,Online,2024-04-27,True,1714176000
TXN_5438923,CUST_03,Milk Products,Item_24_MILK,39.5,4.0,158.0,Credit Card,Online,2023-07-21,False,1689897600
TXN_5911306,CUST_21,Milk Products,Item_20_MILK,33.5,8.0,268.0,Digital Wallet,Online,2022-10-10,True,1665360000
TXN_8714034,CUST_09,Electric household essentials,Item_6_EHE,12.5,4.0,50.0,Digital Wallet,In-store,2023-01-07,True,1673049600
TXN_5960646,CUST_21,Beverages,Item_3_BEV,8.0,8.0,64.0,Digital Wallet,Online,2024-03-18,True,1710720000
TXN_1839621,CUST_01,Butchers,Item_8_BUT,15.5,1.0,15.5,Digital Wallet,Online,2024-04-07,True,1712448000
TXN_5944361,CUST_01,Milk Products,Item_19_MILK,32.0,4.0,128.0,Credit Card,In-store,2022-10-10,False,1665360000
TXN_7159417,CUST_11,Food,Item_13_FOOD,23.0,5.0,115.0,Cash,In-store,2024-03-14,False,1710374400
TXN_3759367,CUST_18,Beverages,Item_19_BEV,32.0,1.0,32.0,Digital Wallet,In-store,2023-05-07,True,1683417600
TXN_1676564,CUST_12,Furniture,Item_2_FUR,6.5,6.0,39.0,Digital Wallet,Online,2024-06-18,True,1718668800
TXN_7493896,CUST_11,Electric household essentials,Item_11_EHE,20.0,4.0,80.0,Cash,In-store,2024-12-07,True,1733529600
TXN_2080115,CUST_18,Butchers,Item_24_BUT,39.5,7.0,276.5,Cash,Online,2024-01-05,True,1704412800
TXN_2634868,CUST_13,Patisserie,Item_11_PAT,20.0,4.0,80.0,Cash,In-store,2024-06-26,False,1719360000
TXN_9937190,CUST_23,Food,Item_13_FOOD,23.0,3.0,69.0,Digital Wallet,In-store,2023-07-14,False,1689292800
TXN_9222292,CUST_15,Furniture,Item_24_FUR,39.5,9.0,355.5,Digital Wallet,In-store,2024-12-25,False,1735084800
TXN_5275517,CUST_10,Food,Item_17_FOOD,29.0,8.0,232.0,Cash,Online,2024-11-29,True,1732838400
TXN_5343433,CUST_20,Computers and electric accessories,Item_19_CEA,32.0,7.0,224.0,Credit Card,Online,2022-12-11,True,1670716800
TXN_7425133,CUST_03,Patisserie,Item_20_PAT,33.5,10.0,335.0,Cash,In-store,2024-05-21,False,1716249600
TXN_8793391,CUST_16,Beverages,Item_2_BEV,6.5,8.0,52.0,Credit Card,Online,2024-04-14,True,1713052800
TXN_3357122,CUST_05,Butchers,Item_22_BUT,36.5,2.0,73.0,Credit Card,Online,2024-02-19,False,1708300800
TXN_8846811,CUST_21,Butchers,Item_21_BUT,35.0,1.0,35.0,Digital Wallet,Online,2022-09-06,False,1662422400
TXN_6576457,CUST_19,Patisserie,Item_9_PAT,17.0,10.0,170.0,Credit Card,In-store,2022-03-17,True,1647475200
TXN_4581475,CUST_17,Computers and electric accessories,Item_11_CEA,20.0,6.0,120.0,Credit Card,In-store,2023-06-16,True,1686873600
TXN_6582130,CUST_03,Electric household essentials,Item_13_EHE,23.0,9.0,207.0,Digital Wallet,Online,2024-12-25,False,1735084800
TXN_2910621,CUST_02,Beverages,Item_10_BEV,18.5,10.0,185.0,Digital Wallet,In-store,2023-03-05,False,1677974400
TXN_9627402,CUST_04,Butchers,Item_3_BUT,8.0,10.0,80.0,Cash,Online,2022-02-23,False,1645574400
TXN_5351535,CUST_23,Patisserie,Item_25_PAT,41.0,8.0,328.0,Cash,In-store,2024-10-15,True,1728950400
TXN_4435938,CUST_05,Electric household essentials,Item_13_EHE,23.0,4.0,92.0,Credit Card,In-store,2023-08-06,False,1691280000
TXN_9755626,CUST_25,Patisserie,Item_11_PAT,20.0,3.0,60.0,Digital Wallet,Online,2023-01-31,False,1675123200
TXN_3842430,CUST_19,Food,Item_18_FOOD,30.5,8.0,244.0,Credit Card,In-store,2023-03-04,True,1677888000
TXN_1102128,CUST_22,Furniture,Item_5_FUR,11.0,3.0,33.0,Credit Card,In-store,2024-05-01,False,1714521600
TXN_5823559,CUST_14,Furniture,Item_24_FUR,39.5,1.0,39.5,Digital Wallet,In-store,2024-01-17,False,1705449600
TXN_6830801,CUST_14,Milk Products,Item_6_MILK,12.5,3.0,37.5,Credit Card,In-store,2022-05-20,False,1653004800
TXN_7480229,CUST_06,Furniture,Item_24_FUR,39.5,6.0,237.0,Credit Card,In-store,2022-01-22,True,1642809600
TXN_9970141,CUST_10,Electric household essentials,Item_1_EHE,5.0,3.0,15.0,Cash,In-store,2023-07-03,False,1688342400
TXN_1841098,CUST_11,Food,Item_20_FOOD,33.5,2.0,67.0,Cash,In-store,2023-10-22,False,1697932800
TXN_3456177,CUST_01,Butchers,Item_13_BUT,23.0,3.0,69.0,Credit Card,Online,2023-06-23,True,1687478400
TXN_8870473,CUST_17,Milk Products,Item_13_MILK,23.0,1.0,23.0,Credit Card,In-store,2023-05-29,False,1685318400
TXN_9933625,CUST_25,Patisserie,Item_20_PAT,33.5,8.0,268.0,Cash,Online,2022-11-02,True,1667347200
TXN_3668440,CUST_21,Butchers,Item_3_BUT,8.0,2.0,16.0,Cash,In-store,2022-01-18,True,1642464000
TXN_4255841,CUST_21,Computers and electric accessories,Item_22_CEA,36.5,9.0,328.5,Credit Card,Online,2023-08-12,False,1691798400
TXN_1795154,CUST_23,Computers and electric accessories,Item_10_CEA,18.5,7.0,129.5,Digital Wallet,In-store,2023-06-14,True,1686700800
TXN_3717384,CUST_01,Food,Item_14_FOOD,24.5,6.0,147.0,Cash,In-store,2023-05-11,False,1683763200
TXN_9616213,CUST_23,Furniture,Item_24_FUR,39.5,3.0,118.5,Credit Card,Online,2023-03-11,True,1678492800
TXN_6728454,CUST_08,Milk Products,Item_24_MILK,39.5,3.0,118.5,Credit Card,Online,2023-10-17,True,1697500800
TXN_4322217,CUST_21,Computers and electric accessories,Item_18_CEA,30.5,2.0,61.0,Digital Wallet,In-store,2024-11-23,True,1732320000
TXN_2151215,CUST_02,Butchers,Item_5_BUT,11.0,4.0,44.0,Cash,In-store,2023-11-24,False,1700784000
TXN_9987791,CUST_08,Milk Products,Item_22_MILK,36.5,2.0,73.0,Digital Wallet,In-store,2022-10-07,True,1665100800
TXN_9659532,CUST_21,Furniture,Item_4_FUR,9.5,8.0,76.0,Cash,In-store,2023-01-08,True,1673136000
TXN_6596970,CUST_25,Food,Item_12_FOOD,21.5,6.0,129.0,Credit Card,In-store,2023-10-29,True,1698537600
TXN_1742336,CUST_08,Patisserie,Item_13_PAT,23.0,4.0,92.0,Credit Card,Online,2022-03-08,False,1646697600
TXN_2232768,CUST_02,Food,Item_20_FOOD,33.5,9.0,301.5,Digital Wallet,In-store,2024-09-29,False,1727568000
TXN_4863238,CUST_13,Food,Item_11_FOOD,20.0,4.0,80.0,Credit Card,In-store,2022-11-16,True,1668556800
TXN_7222601,CUST_18,Electric household essentials,Item_12_EHE,21.5,2.0,43.0,Cash,Online,2022-09-10,False,1662768000
TXN_7864933,CUST_24,Beverages,Item_17_BEV,29.0,1.0,29.0,Cash,In-store,2022-11-29,True,1669680000
TXN_8228155,CUST_17,Butchers,Item_13_BUT,23.0,5.0,115.0,Credit Card,Online,2022-08-19,True,1660867200
TXN_8504691,CUST_08,Milk Products,Item_1_MILK,5.0,1.0,5.0,Credit Card,Online,2023-12-21,True,1703116800
TXN_9440172,CUST_20,Beverages,Item_25_BEV,41.0,9.0,369.0,Credit Card,In-store,2023-10-25,False,1698192000
TXN_7436006,CUST_16,Patisserie,Item_8_PAT,15.5,7.0,108.5,Cash,In-store,2023-07-25,True,1690243200
TXN_5434897,CUST_25,Butchers,Item_23_BUT,38.0,1.0,38.0,Cash,In-store,2023-03-21,False,1679356800
TXN_2218629,CUST_10,Computers and electric accessories,Item_19_CEA,32.0,3.0,96.0,Credit Card,Online,2022-03-21,False,1647820800
TXN_9978418,CUST_10,Butchers,Item_14_BUT,24.5,5.0,122.5,Digital Wallet,Online,2024-02-24,False,1708732800
TXN_6660687,CUST_02,Furniture,Item_17_FUR,29.0,9.0,261.0,Digital Wallet,Online,2024-12-27,False,1735257600
TXN_7647224,CUST_13,Milk Products,Item_1_MILK,5.0,7.0,35.0,Credit Card,In-store,2022-03-19,True,1647648000
TXN_9671345,CUST_21,Furniture,Item_20_FUR,33.5,2.0,67.0,Cash,Online,2022-09-13,False,1663027200
TXN_6893703,CUST_13,Patisserie,Item_13_PAT,23.0,1.0,23.0,Credit Card,In-store,2023-09-03,True,1693699200
TXN_5224257,CUST_08,Butchers,Item_6_BUT,12.5,9.0,112.5,Cash,Online,2022-08-13,False,1660348800
TXN_7326092,CUST_01,Butchers,Item_23_BUT,38.0,5.0,190.0,Credit Card,Online,2023-09-19,False,1695081600
TXN_4657560,CUST_06,Patisserie,Item_22_PAT,36.5,5.0,182.5,Digital Wallet,In-store,2022-10-18,True,1666051200
TXN_6810161,CUST_17,Food,Item_11_FOOD,20.0,3.0,60.0,Cash,Online,2024-05-05,False,1714867200
TXN_3107156,CUST_02,Computers and electric accessories,Item_24_CEA,39.5,8.0,316.0,Cash,Online,2024-12-23,True,1734912000
TXN_2540525,CUST_03,Computers and electric accessories,Item_22_CEA,36.5,2.0,73.0,Cash,In-store,2023-04-29,False,1682726400
TXN_7595380,CUST_06,Furniture,Item_9_FUR,17.0,4.0,68.0,Cash,In-store,2022-11-13,False,1668297600
TXN_9778912,CUST_14,Electric household essentials,Item_21_EHE,35.0,8.0,280.0,Credit Card,Online,2024-08-27,False,1724716800
TXN_9228328,CUST_05,Furniture,Item_20_FUR,33.5,1.0,33.5,Digital Wallet,In-store,2022-09-29,False,1664409600
TXN_8148435,CUST_24,Electric household essentials,Item_23_EHE,38.0,6.0,228.0,Credit Card,Online,2024-01-20,True,1705708800
TXN_1325795,CUST_10,Computers and electric accessories,Item_14_CEA,24.5,6.0,147.0,Digital Wallet,In-store,2022-04-29,False,1651190400
TXN_9131959,CUST_01,Milk Products,Item_2_MILK,6.5,1.0,6.5,Credit Card,Online,2022-01-11,False,1641859200
TXN_2755690,CUST_08,Computers and electric accessories,Item_12_CEA,21.5,9.0,193.5,Cash,Online,2024-11-04,False,1730678400
TXN_2687566,CUST_19,Furniture,Item_16_FUR,27.5,1.0,27.5,Credit Card,Online,2022-03-21,False,1647820800
TXN_6070296,CUST_19,Electric household essentials,Item_5_EHE,11.0,3.0,33.0,Cash,In-store,2024-01-31,False,1706659200
TXN_1694461,CUST_17,Butchers,Item_12_BUT,21.5,10.0,215.0,Cash,Online,2022-07-13,True,1657670400
TXN_4728272,CUST_21,Computers and electric accessories,Item_22_CEA,36.5,9.0,328.5,Cash,Online,2023-02-27,False,1677456000
TXN_1213835,CUST_02,Beverages,Item_22_BEV,36.5,4.0,146.0,Digital Wallet,In-store,2022-07-06,False,1657065600
TXN_3331644,CUST_20,Milk Products,Item_16_MILK,27.5,8.0,220.0,Digital Wallet,Online,2024-04-27,True,1714176000
TXN_2605227,CUST_12,Butchers,Item_7_BUT,14.0,2.0,28.0,Cash,In-store,2024-02-03,False,1706918400
TXN_2782829,CUST_02,Electric household essentials,Item_12_EHE,21.5,7.0,150.5,Cash,In-store,2024-03-14,True,1710374400
TXN_3253186,CUST_04,Milk Products,Item_23_MILK,38.0,9.0,342.0,Cash,Online,2022-09-14,True,1663113600
TXN_5905211,CUST_18,Computers and electric accessories,Item_5_CEA,11.0,3.0,33.0,Digital Wallet,Online,2024-03-21,False,1710979200
TXN_2937307,CUST_15,Patisserie,Item_14_PAT,24.5,6.0,147.0,Cash,In-store,2025-01-06,True,1736121600
TXN_2712285,CUST_22,Furniture,Item_2_FUR,6.5,5.0,32.5,Cash,In-store,2022-06-25,False,1656115200
TXN_2079721,CUST_12,Butchers,Item_21_BUT,35.0,1.0,35.0,Digital Wallet,In-store,2023-12-14,True,1702512000
TXN_5809744,CUST_18,Food,Item_9_FOOD,17.0,4.0,68.0,Cash,In-store,2023-01-29,True,1674950400
TXN_6567750,CUST_05,Furniture,Item_14_FUR,24.5,4.0,98.0,Credit Card,In-store,2022-10-26,True,1666742400
TXN_6837444,CUST_19,Computers and electric accessories,Item_16_CEA,27.5,9.0,247.5,Cash,Online,2023-01-13,False,1673568000
TXN_9307798,CUST_05,Patisserie,Item_4_PAT,9.5,2.0,19.0,Digital Wallet,In-store,2023-07-05,True,1688515200
TXN_8377166,CUST_06,Butchers,Item_20_BUT,33.5,2.0,67.0,Credit Card,In-store,2024-03-27,False,1711497600
TXN_9027643,CUST_01,Patisserie,Item_5_PAT,11.0,10.0,110.0,Cash,In-store,2024-10-25,True,1729814400
TXN_5547887,CUST_01,Patisserie,Item_17_PAT,29.0,10.0,290.0,Digital Wallet,Online,2024-09-10,True,1725926400
TXN_2009395,CUST_13,Food,Item_11_FOOD,20.0,6.0,120.0,Digital Wallet,Online,2024-08-12,False,1723420800
TXN_7725571,CUST_09,Furniture,Item_25_FUR,41.0,3.0,123.0,Credit Card,Online,2024-06-24,True,1719187200
TXN_5827116,CUST_03,Computers and electric accessories,Item_11_CEA,20.0,7.0,140.0,Cash,In-store,2023-11-05,False,1699142400
TXN_5314835,CUST_22,Patisserie,Item_1_PAT,5.0,7.0,35.0,Digital Wallet,Online,2024-07-05,True,1720137600
TXN_8172094,CUST_21,Patisserie,Item_6_PAT,12.5,8.0,100.0,Digital Wallet,In-store,2022-03-05,False,1646438400
TXN_4882798,CUST_23,Furniture,Item_6_FUR,12.5,10.0,125.0,Credit Card,In-store,2022-04-22,True,1650585600
TXN_4283900,CUST_04,Beverages,Item_24_BEV,39.5,6.0,237.0,Credit Card,Online,2022-06-23,False,1655942400
TXN_1224321,CUST_05,Computers and electric accessories,Item_6_CEA,12.5,1.0,12.5,Digital Wallet,Online,2022-08-22,False,1661126400
TXN_4879732,CUST_21,Milk Products,Item_18_MILK,30.5,3.0,91.5,Cash,Online,2022-02-27,True,1645920000
TXN_1642953,CUST_18,Electric household essentials,Item_16_EHE,27.5,5.0,137.5,Digital Wallet,In-store,2022-10-30,True,1667088000
TXN_9917843,CUST_11,Milk Products,Item_4_MILK,9.5,10.0,95.0,Digital Wallet,Online,2024-03-04,True,1709510400
TXN_4602333,CUST_19,Milk Products,Item_14_MILK,24.5,10.0,245.0,Credit Card,Online,2024-12-30,True,1735516800
TXN_4766175,CUST_24,Furniture,Item_11_FUR,20.0,3.0,60.0,Digital Wallet,Online,2024-03-25,False,1711324800
TXN_2331955,CUST_10,Patisserie,Item_20_PAT,33.5,4.0,134.0,Cash,Online,2023-04-01,False,1680307200
TXN_1373649,CUST_09,Electric household essentials,Item_22_EHE,36.5,6.0,219.0,Cash,In-store,2023-05-07,False,1683417600
TXN_8660082,CUST_08,Beverages,Item_20_BEV,33.5,1.0,33.5,Credit Card,In-store,2024-05-18,True,1715990400
TXN_4244094,CUST_04,Food,Item_6_FOOD,12.5,2.0,25.0,Digital Wallet,In-store,2022-09-06,False,1662422400
TXN_3949704,CUST_22,Electric household essentials,Item_21_EHE,35.0,9.0,315.0,Cash,Online,2022-06-12,False,1654992000
TXN_1304201,CUST_09,Furniture,Item_5_FUR,11.0,4.0,44.0,Credit Card,In-store,2024-03-14,True,1710374400
TXN_1481263,CUST_13,Patisserie,Item_9_PAT,17.0,8.0,136.0,Digital Wallet,In-store,2022-12-04,False,1670112000
TXN_3256316,CUST_22,Food,Item_17_FOOD,29.0,1.0,29.0,Cash,Online,2024-07-10,False,1720569600
TXN_4412300,CUST_05,Electric household essentials,Item_23_EHE,38.0,10.0,380.0,Digital Wallet,In-store,2022-08-18,False,1660780800
TXN_8350639,CUST_21,Furniture,Item_2_FUR,6.5,9.0,58.5,Digital Wallet,Online,2023-07-12,False,1689120000
TXN_6417585,CUST_05,Electric household essentials,Item_19_EHE,32.0,2.0,64.0,Cash,In-store,2023-02-08,True,1675814400
TXN_8355393,CUST_10,Milk Products,Item_17_MILK,29.0,5.0,145.0,Cash,In-store,2022-01-24,False,1642982400
TXN_5759876,CUST_03,Food,Item_25_FOOD,41.0,3.0,123.0,Cash,Online,2023-12-27,True,1703635200
TXN_5786761,CUST_03,Computers and electric accessories,Item_6_CEA,12.5,5.0,62.5,Credit Card,Online,2023-10-25,True,1698192000
TXN_3055303,CUST_23,Food,Item_22_FOOD,36.5,1.0,36.5,Cash,Online,2022-06-30,True,1656547200
TXN_3042204,CUST_16,Patisserie,Item_12_PAT,21.5,5.0,107.5,Digital Wallet,Online,2023-05-14,True,1684022400
TXN_7810642,CUST_12,Beverages,Item_6_BEV,12.5,8.0,100.0,Credit Card,Online,2024-03-04,False,1709510400
TXN_1386229,CUST_08,Computers and electric accessories,Item_11_CEA,20.0,4.0,80.0,Credit Card,Online,2023-04-02,False,1680393600
TXN_5372777,CUST_08,Milk Products,Item_1_MILK,5.0,6.0,30.0,Credit Card,Online,2022-05-30,True,1653868800
TXN_2082706,CUST_17,Furniture,Item_12_FUR,21.5,8.0,172.0,Cash,Online,2024-10-10,True,1728518400
TXN_1808071,CUST_25,Food,Item_13_FOOD,23.0,2.0,46.0,Digital Wallet,In-store,2022-10-14,False,1665705600
TXN_2118429,CUST_21,Butchers,Item_5_BUT,11.0,5.0,55.0,Digital Wallet,In-store,2022-10-17,True,1665964800
TXN_4298975,CUST_22,Milk Products,Item_18_MILK,30.5,2.0,61.0,Digital Wallet,Online,2023-12-18,False,1702857600
TXN_4793201,CUST_12,Beverages,Item_16_BEV,27.5,2.0,55.0,Credit Card,In-store,2023-09-01,True,1693526400
TXN_1910565,CUST_18,Furniture,Item_9_FUR,17.0,9.0,153.0,Digital Wallet,In-store,2024-03-26,False,1711411200
TXN_5645530,CUST_14,Beverages,Item_14_BEV,24.5,10.0,245.0,Digital Wallet,Online,2024-06-06,False,1717632000
TXN_7221565,CUST_24,Furniture,Item_17_FUR,29.0,1.0,29.0,Cash,In-store,2022-02-13,True,1644710400
TXN_2175503,CUST_20,Electric household essentials,Item_21_EHE,35.0,6.0,210.0,Cash,In-store,2024-01-02,False,1704153600
TXN_3919101,CUST_18,Milk Products,Item_11_MILK,20.0,4.0,80.0,Digital Wallet,Online,2022-05-22,False,1653177600
TXN_1987133,CUST_09,Furniture,Item_11_FUR,20.0,3.0,60.0,Credit Card,Online,2022-06-07,False,1654560000
TXN_9150129,CUST_06,Electric household essentials,Item_4_EHE,9.5,10.0,95.0,Cash,In-store,2024-06-27,True,1719446400
TXN_1011892,CUST_08,Furniture,Item_24_FUR,39.5,2.0,79.0,Credit Card,Online,2023-08-27,False,1693094400
TXN_5476321,CUST_02,Computers and electric accessories,Item_15_CEA,26.0,3.0,78.0,Credit Card,Online,2023-04-24,True,1682294400
TXN_3525189,CUST_04,Furniture,Item_4_FUR,9.5,4.0,38.0,Cash,Online,2024-01-25,True,1706140800
TXN_5861199,CUST_19,Beverages,Item_18_BEV,30.5,10.0,305.0,Cash,Online,2022-12-30,False,1672358400
TXN_6215665,CUST_22,Beverages,Item_23_BEV,38.0,1.0,38.0,Digital Wallet,Online,2023-06-13,False,1686614400
TXN_7710775,CUST_05,Furniture,Item_23_FUR,38.0,5.0,190.0,Digital Wallet,In-store,2023-02-22,False,1677024000
TXN_4701071,CUST_13,Furniture,Item_1_FUR,5.0,6.0,30.0,Digital Wallet,Online,2023-04-11,True,1681171200
TXN_1593038,CUST_10,Patisserie,Item_11_PAT,20.0,8.0,160.0,Digital Wallet,Online,2023-02-27,True,1677456000
TXN_5423342,CUST_19,Computers and electric accessories,Item_8_CEA,15.5,3.0,46.5,Digital Wallet,In-store,2023-10-21,False,1697846400
TXN_2010040,CUST_10,Beverages,Item_19_BEV,32.0,8.0,256.0,Cash,Online,2024-02-01,False,1706745600
TXN_1285469,CUST_20,Electric household essentials,Item_8_EHE,15.5,7.0,108.5,Digital Wallet,Online,2022-06-17,False,1655424000
TXN_7308742,CUST_14,Furniture,Item_8_FUR,15.5,2.0,31.0,Credit Card,In-store,2023-07-19,False,1689724800
TXN_4979615,CUST_19,Food,Item_12_FOOD,21.5,10.0,215.0,Cash,In-store,2024-05-10,False,1715299200
TXN_5115102,CUST_14,Computers and electric accessories,Item_23_CEA,38.0,4.0,152.0,Credit Card,Online,2025-01-12,True,1736640000
TXN_4408493,CUST_20,Butchers,Item_13_BUT,23.0,10.0,230.0,Digital Wallet,In-store,2023-01-10,True,1673308800
TXN_2263002,CUST_09,Patisserie,Item_16_PAT,27.5,9.0,247.5,Digital Wallet,Online,2022-06-10,False,1654819200
TXN_5671217,CUST_17,Computers and electric accessories,Item_12_CEA,21.5,9.0,193.5,Digital Wallet,Online,2023-01-06,True,1672963200
TXN_9763067,CUST_18,Furniture,Item_16_FUR,27.5,10.0,275.0,Cash,In-store,2024-08-04,False,1722729600
TXN_8177929,CUST_12,Furniture,Item_23_FUR,38.0,2.0,76.0,Credit Card,Online,2022-06-12,True,1654992000
TXN_1826446,CUST_21,Butchers,Item_18_BUT,30.5,9.0,274.5,Credit Card,In-store,2022-06-13,False,1655078400
TXN_2275327,CUST_08,Patisserie,Item_13_PAT,23.0,3.0,69.0,Cash,In-store,2022-08-13,False,1660348800
TXN_3876653,CUST_23,Computers and electric accessories,Item_7_CEA,14.0,7.0,98.0,Cash,In-store,2024-07-06,False,1720224000
TXN_8090678,CUST_08,Electric household essentials,Item_8_EHE,15.5,5.0,77.5,Digital Wallet,Online,2024-05-01,False,1714521600
TXN_7555309,CUST_12,Beverages,Item_12_BEV,21.5,5.0,107.5,Credit Card,Online,2022-07-15,True,1657843200
TXN_7232230,CUST_17,Computers and electric accessories,Item_5_CEA,11.0,5.0,55.0,Credit Card,Online,2023-06-14,False,1686700800
TXN_4797019,CUST_19,Milk Products,Item_13_MILK,23.0,6.0,138.0,Cash,Online,2023-06-30,False,1688083200
TXN_6375385,CUST_24,Furniture,Item_11_FUR,20.0,8.0,160.0,Digital Wallet,Online,2023-06-07,False,1686096000
TXN_1243810,CUST_15,Furniture,Item_11_FUR,20.0,8.0,160.0,Cash,Online,2023-12-28,True,1703721600
TXN_9398224,CUST_18,Electric household essentials,Item_8_EHE,15.5,5.0,77.5,Digital Wallet,In-store,2024-02-16,True,1708041600
TXN_9044784,CUST_21,Electric household essentials,Item_25_EHE,41.0,5.0,205.0,Digital Wallet,Online,2024-03-22,True,1711065600
TXN_5720404,CUST_22,Beverages,Item_22_BEV,36.5,7.0,255.5,Cash,In-store,2022-03-22,True,1647907200
TXN_2533200,CUST_05,Patisserie,Item_1_PAT,5.0,8.0,40.0,Credit Card,Online,2022-10-28,False,1666915200
TXN_9340286,CUST_19,Milk Products,Item_6_MILK,12.5,2.0,25.0,Cash,In-store,2024-08-13,False,1723507200
TXN_3242349,CUST_03,Furniture,Item_14_FUR,24.5,7.0,171.5,Cash,Online,2022-12-26,True,1672012800
TXN_9299802,CUST_03,Patisserie,Item_17_PAT,29.0,1.0,29.0,Cash,Online,2023-03-25,False,1679702400
TXN_5371741,CUST_12,Electric household essentials,Item_17_EHE,29.0,4.0,116.0,Digital Wallet,In-store,2022-08-21,True,1661040000
TXN_7101302,CUST_16,Beverages,Item_20_BEV,33.5,1.0,33.5,Cash,In-store,2024-10-24,True,1729728000
TXN_7903686,CUST_10,Beverages,Item_17_BEV,29.0,1.0,29.0,Digital Wallet,Online,2022-03-13,True,1647129600
TXN_5381188,CUST_17,Furniture,Item_1_FUR,5.0,5.0,25.0,Credit Card,Online,2022-12-15,True,1671062400
TXN_9844205,CUST_05,Furniture,Item_17_FUR,29.0,2.0,58.0,Cash,Online,2023-01-12,False,1673481600
TXN_9443022,CUST_12,Milk Products,Item_15_MILK,26.0,2.0,52.0,Cash,In-store,2024-03-27,True,1711497600
TXN_2545845,CUST_09,Computers and electric accessories,Item_18_CEA,30.5,9.0,274.5,Cash,In-store,2024-08-28,True,1724803200
TXN_9793935,CUST_18,Milk Products,Item_18_MILK,30.5,7.0,213.5,Credit Card,In-store,2023-10-04,True,1696377600
TXN_1919020,CUST_20,Butchers,Item_22_BUT,36.5,10.0,365.0,Digital Wallet,In-store,2022-03-18,True,1647561600
TXN_9972181,CUST_22,Electric household essentials,Item_21_EHE,35.0,5.0,175.0,Cash,In-store,2024-12-28,False,1735344000
TXN_4432365,CUST_01,Butchers,Item_12_BUT,21.5,5.0,107.5,Cash,In-store,2022-03-17,True,1647475200
TXN_7305258,CUST_14,Patisserie,Item_23_PAT,38.0,3.0,114.0,Digital Wallet,Online,2022-04-25,False,1650844800
TXN_8802743,CUST_23,Milk Products,Item_19_MILK,32.0,6.0,192.0,Credit Card,Online,2023-09-17,True,1694908800
TXN_4759687,CUST_24,Milk Products,Item_2_MILK,6.5,10.0,65.0,Credit Card,Online,2023-06-20,True,1687219200
TXN_7157580,CUST_14,Food,Item_12_FOOD,21.5,9.0,193.5,Digital Wallet,Online,2022-11-05,False,1667606400
TXN_4249343,CUST_22,Milk Products,Item_17_MILK,29.0,2.0,58.0,Digital Wallet,In-store,2022-07-10,False,1657411200
TXN_6137503,CUST_02,Butchers,Item_23_BUT,38.0,7.0,266.0,Credit Card,In-store,2022-04-05,False,1649116800
TXN_5300736,CUST_02,Furniture,Item_24_FUR,39.5,7.0,276.5,Cash,In-store,2022-07-17,True,1658016000
TXN_1370562,CUST_25,Computers and electric accessories,Item_11_CEA,20.0,7.0,140.0,Credit Card,Online,2022-09-01,False,1661990400
TXN_7327686,CUST_02,Furniture,Item_11_FUR,20.0,2.0,40.0,Cash,Online,2024-05-17,False,1715904000
TXN_6017693,CUST_14,Beverages,Item_11_BEV,20.0,1.0,20.0,Digital Wallet,Online,2022-02-24,True,1645660800
TXN_7165120,CUST_17,Patisserie,Item_22_PAT,36.5,2.0,73.0,Cash,In-store,2023-10-23,False,1698019200
TXN_9703848,CUST_15,Food,Item_15_FOOD,26.0,4.0,104.0,Cash,Online,2022-06-16,True,1655337600
TXN_2702011,CUST_12,Furniture,Item_12_FUR,21.5,5.0,107.5,Cash,Online,2023-12-28,True,1703721600
TXN_6364377,CUST_10,Milk Products,Item_17_MILK,29.0,2.0,58.0,Credit Card,In-store,2024-12-03,False,1733184000
TXN_8231762,CUST_11,Beverages,Item_20_BEV,33.5,6.0,201.0,Credit Card,Online,2022-01-17,False,1642377600
TXN_7101979,CUST_15,Computers and electric accessories,Item_20_CEA,33.5,7.0,234.5,Credit Card,In-store,2023-04-14,True,1681430400
TXN_6917255,CUST_07,Food,Item_8_FOOD,15.5,6.0,93.0,Credit Card,In-store,2024-07-31,True,1722384000
TXN_3821185,CUST_23,Computers and electric accessories,Item_15_CEA,26.0,4.0,104.0,Digital Wallet,In-store,2024-09-11,True,1726012800
TXN_5773991,CUST_01,Food,Item_3_FOOD,8.0,7.0,56.0,Cash,Online,2022-09-30,False,1664496000
TXN_8508384,CUST_18,Food,Item_4_FOOD,9.5,3.0,28.5,Credit Card,In-store,2022-01-29,True,1643414400
TXN_8994966,CUST_14,Butchers,Item_5_BUT,11.0,5.0,55.0,Cash,Online,2024-12-25,True,1735084800
TXN_4108548,CUST_20,Electric household essentials,Item_6_EHE,12.5,2.0,25.0,Cash,Online,2023-03-12,False,1678579200
TXN_8781758,CUST_20,Furniture,Item_5_FUR,11.0,5.0,55.0,Credit Card,In-store,2024-02-13,True,1707782400
TXN_5396051,CUST_08,Butchers,Item_20_BUT,33.5,2.0,67.0,Cash,In-store,2024-09-01,True,1725148800
TXN_4766907,CUST_03,Butchers,Item_8_BUT,15.5,9.0,139.5,Digital Wallet,Online,2022-03-05,False,1646438400
TXN_4191425,CUST_25,Beverages,Item_18_BEV,30.5,1.0,30.5,Digital Wallet,In-store,2024-10-08,False,1728345600
TXN_1721597,CUST_22,Computers and electric accessories,Item_11_CEA,20.0,1.0,20.0,Credit Card,Online,2023-04-20,False,1681948800
TXN_8418594,CUST_23,Food,Item_4_FOOD,9.5,9.0,85.5,Credit Card,In-store,2024-12-10,True,1733788800
TXN_5430495,CUST_11,Beverages,Item_20_BEV,33.5,5.0,167.5,Digital Wallet,Online,2024-01-11,False,1704931200
TXN_8715323,CUST_09,Butchers,Item_20_BUT,33.5,2.0,67.0,Credit Card,In-store,2023-03-12,False,1678579200
TXN_9730853,CUST_19,Beverages,Item_11_BEV,20.0,3.0,60.0,Credit Card,Online,2022-11-16,True,1668556800
TXN_4924226,CUST_05,Beverages,Item_8_BEV,15.5,4.0,62.0,Cash,In-store,2023-03-06,False,1678060800
TXN_2086962,CUST_13,Food,Item_6_FOOD,12.5,5.0,62.5,Credit Card,In-store,2022-04-06,False,1649203200
TXN_3302248,CUST_20,Electric household essentials,Item_10_EHE,18.5,3.0,55.5,Credit Card,Online,2024-01-04,False,1704326400
TXN_7830284,CUST_19,Electric household essentials,Item_21_EHE,35.0,5.0,175.0,Credit Card,Online,2022-08-10,True,1660089600
TXN_8466219,CUST_25,Butchers,Item_16_BUT,27.5,4.0,110.0,Digital Wallet,In-store,2022-05-15,False,1652572800
TXN_6321123,CUST_17,Furniture,Item_6_FUR,12.5,9.0,112.5,Credit Card,In-store,2024-05-25,False,1716595200
TXN_4825724,CUST_01,Furniture,Item_24_FUR,39.5,1.0,39.5,Digital Wallet,In-store,2024-12-22,False,1734825600
TXN_9634891,CUST_25,Computers and electric accessories,Item_17_CEA,29.0,6.0,174.0,Credit Card,Online,2022-01-14,True,1642118400
TXN_8935391,CUST_16,Milk Products,Item_16_MILK,27.5,1.0,27.5,Credit Card,Online,2022-09-06,True,1662422400
TXN_6889696,CUST_10,Electric household essentials,Item_8_EHE,15.5,3.0,46.5,Cash,Online,2023-06-20,False,1687219200
TXN_7543333,CUST_24,Computers and electric accessories,Item_16_CEA,27.5,5.0,137.5,Digital Wallet,In-store,2022-03-28,True,1648425600
TXN_4396240,CUST_23,Electric household essentials,Item_23_EHE,38.0,9.0,342.0,Cash,Online,2024-04-28,True,1714262400
TXN_3375368,CUST_12,Milk Products,Item_11_MILK,20.0,1.0,20.0,Digital Wallet,In-store,2022-04-08,False,1649376000
TXN_2975097,CUST_02,Butchers,Item_22_BUT,36.5,7.0,255.5,Cash,In-store,2023-03-12,True,1678579200
TXN_9586952,CUST_11,Computers and electric accessories,Item_7_CEA,14.0,3.0,42.0,Digital Wallet,Online,2023-06-19,True,1687132800
TXN_3575121,CUST_17,Food,Item_12_FOOD,21.5,8.0,172.0,Cash,Online,2022-09-06,True,1662422400
TXN_3686072,CUST_03,Butchers,Item_21_BUT,35.0,5.0,175.0,Credit Card,In-store,2023-02-23,False,1677110400
TXN_1745446,CUST_02,Computers and electric accessories,Item_17_CEA,29.0,1.0,29.0,Cash,Online,2022-12-11,False,1670716800
TXN_1909877,CUST_13,Milk Products,Item_19_MILK,32.0,10.0,320.0,Cash,Online,2024-06-08,True,1717804800
TXN_8629942,CUST_20,Beverages,Item_24_BEV,39.5,4.0,158.0,Cash,In-store,2024-12-08,True,1733616000
TXN_6357302,CUST_20,Beverages,Item_15_BEV,26.0,1.0,26.0,Credit Card,In-store,2022-09-09,False,1662681600
TXN_8755760,CUST_10,Milk Products,Item_13_MILK,23.0,9.0,207.0,Digital Wallet,In-store,2024-10-22,True,1729555200
TXN_5750056,CUST_24,Furniture,Item_21_FUR,35.0,2.0,70.0,Digital Wallet,In-store,2023-09-20,True,1695168000
TXN_7435444,CUST_18,Computers and electric accessories,Item_11_CEA,20.0,6.0,120.0,Credit Card,Online,2022-07-27,True,1658880000
TXN_3812949,CUST_17,Beverages,Item_17_BEV,29.0,1.0,29.0,Cash,In-store,2023-07-07,True,1688688000
TXN_3743264,CUST_20,Milk Products,Item_20_MILK,33.5,2.0,67.0,Digital Wallet,In-store,2022-12-27,False,1672099200
TXN_2199268,CUST_15,Patisserie,Item_9_PAT,17.0,2.0,34.0,Cash,In-store,2024-10-06,True,1728172800
TXN_7472110,CUST_20,Patisserie,Item_8_PAT,15.5,3.0,46.5,Credit Card,Online,2022-08-02,True,1659398400
TXN_8360887,CUST_12,Milk Products,Item_22_MILK,36.5,10.0,365.0,Cash,Online,2024-12-06,False,1733443200
TXN_5926927,CUST_24,Patisserie,Item_11_PAT,20.0,1.0,20.0,Credit Card,Online,2025-01-03,False,1735862400
TXN_2845414,CUST_24,Furniture,Item_21_FUR,35.0,10.0,350.0,Digital Wallet,Online,2023-06-19,False,1687132800
TXN_2231888,CUST_24,Patisserie,Item_23_PAT,38.0,6.0,228.0,Cash,In-store,2024-10-07,False,1728259200
TXN_3603496,CUST_03,Computers and electric accessories,Item_22_CEA,36.5,8.0,292.0,Credit Card,Online,2023-11-08,False,1699401600
TXN_7423131,CUST_08,Patisserie,Item_12_PAT,21.5,3.0,64.5,Digital Wallet,Online,2023-09-08,True,1694131200
TXN_1176248,CUST_16,Beverages,Item_4_BEV,9.5,6.0,57.0,Credit Card,In-store,2022-12-06,True,1670284800
TXN_6490027,CUST_19,Beverages,Item_21_BEV,35.0,9.0,315.0,Credit Card,Online,2024-08-20,False,1724112000
TXN_2633712,CUST_04,Furniture,Item_15_FUR,26.0,6.0,156.0,Cash,In-store,2023-01-14,False,1673654400
TXN_2028333,CUST_18,Milk Products,Item_16_MILK,27.5,4.0,110.0,Digital Wallet,In-store,2024-07-28,True,1722124800
TXN_4452566,CUST_15,Beverages,Item_4_BEV,9.5,8.0,76.0,Digital Wallet,In-store,2022-01-07,False,1641513600
TXN_5476798,CUST_02,Butchers,Item_23_BUT,38.0,10.0,380.0,Digital Wallet,Online,2022-10-07,False,1665100800
TXN_3245999,CUST_08,Furniture,Item_21_FUR,35.0,10.0,350.0,Credit Card,Online,2024-08-08,True,1723075200
TXN_7101386,CUST_16,Computers and electric accessories,Item_20_CEA,33.5,5.0,167.5,Cash,In-store,2022-11-05,True,1667606400
TXN_9141699,CUST_06,Food,Item_22_FOOD,36.5,2.0,73.0,Cash,Online,2023-05-04,False,1683158400
TXN_8376834,CUST_16,Computers and electric accessories,Item_6_CEA,12.5,6.0,75.0,Digital Wallet,Online,2023-02-03,False,1675382400
TXN_9976272,CUST_23,Milk Products,Item_16_MILK,27.5,1.0,27.5,Credit Card,Online,2023-08-22,False,1692662400
TXN_2683845,CUST_17,Butchers,Item_18_BUT,30.5,10.0,305.0,Cash,Online,2022-08-01,False,1659312000
TXN_1076536,CUST_23,Computers and electric accessories,Item_8_CEA,15.5,7.0,108.5,Digital Wallet,In-store,2023-05-24,True,1684886400
TXN_1196570,CUST_22,Beverages,Item_6_BEV,12.5,8.0,100.0,Digital Wallet,Online,2024-02-09,True,1707436800
TXN_9441688,CUST_03,Patisserie,Item_4_PAT,9.5,10.0,95.0,Digital Wallet,In-store,2022-08-23,False,1661212800
TXN_1126177,CUST_05,Patisserie,Item_7_PAT,14.0,9.0,126.0,Digital Wallet,In-store,2022-09-26,False,1664150400
TXN_1232531,CUST_12,Beverages,Item_2_BEV,6.5,3.0,19.5,Cash,Online,2024-05-27,True,1716768000
TXN_8266591,CUST_02,Food,Item_5_FOOD,11.0,9.0,99.0,Digital Wallet,In-store,2024-12-01,True,1733011200
TXN_8073779,CUST_25,Patisserie,Item_20_PAT,33.5,7.0,234.5,Credit Card,In-store,2022-07-03,False,1656806400
TXN_8261937,CUST_14,Electric household essentials,Item_5_EHE,11.0,2.0,22.0,Digital Wallet,In-store,2022-03-10,True,1646870400
TXN_3617161,CUST_10,Computers and electric accessories,Item_12_CEA,21.5,7.0,150.5,Cash,Online,2022-04-16,False,1650067200
TXN_6684210,CUST_11,Electric household essentials,Item_9_EHE,17.0,3.0,51.0,Cash,Online,2023-02-16,True,1676505600
TXN_5849098,CUST_16,Furniture,Item_21_FUR,35.0,3.0,105.0,Cash,Online,2024-06-23,False,1719100800
TXN_3010762,CUST_24,Furniture,Item_1_FUR,5.0,2.0,10.0,Digital Wallet,In-store,2023-07-14,True,1689292800
TXN_2693158,CUST_18,Patisserie,Item_7_PAT,14.0,10.0,140.0,Digital Wallet,In-store,2022-10-28,True,1666915200
TXN_9205349,CUST_24,Furniture,Item_7_FUR,14.0,7.0,98.0,Credit Card,Online,2022-10-24,True,1666569600
TXN_7263862,CUST_08,Milk Products,Item_2_MILK,6.5,8.0,52.0,Credit Card,In-store,2024-07-08,False,1720396800
TXN_9293724,CUST_18,Electric household essentials,Item_6_EHE,12.5,6.0,75.0,Cash,In-store,2022-11-13,False,1668297600
TXN_8674901,CUST_17,Furniture,Item_15_FUR,26.0,1.0,26.0,Cash,Online,2022-07-02,True,1656720000
TXN_1537702,CUST_25,Furniture,Item_20_FUR,33.5,1.0,33.5,Digital Wallet,In-store,2022-06-05,True,1654387200
TXN_3910370,CUST_22,Beverages,Item_14_BEV,24.5,2.0,49.0,Digital Wallet,In-store,2022-12-23,True,1671753600
TXN_3549273,CUST_20,Furniture,Item_11_FUR,20.0,9.0,180.0,Cash,In-store,2023-08-01,False,1690848000
TXN_6746331,CUST_11,Butchers,Item_13_BUT,23.0,3.0,69.0,Digital Wallet,In-store,2024-07-08,False,1720396800
TXN_3404023,CUST_04,Electric household essentials,Item_23_EHE,38.0,4.0,152.0,Digital Wallet,Online,2022-08-08,False,1659916800
TXN_7604627,CUST_09,Butchers,Item_22_BUT,36.5,2.0,73.0,Cash,Online,2023-04-19,True,1681862400
TXN_5912161,CUST_11,Patisserie,Item_22_PAT,36.5,10.0,365.0,Cash,In-store,2022-11-04,True,1667520000
TXN_8490314,CUST_24,Electric household essentials,Item_15_EHE,26.0,3.0,78.0,Cash,In-store,2024-12-28,True,1735344000
TXN_2217907,CUST_07,Beverages,Item_14_BEV,24.5,2.0,49.0,Credit Card,In-store,2022-05-15,True,1652572800
TXN_5986313,CUST_05,Beverages,Item_24_BEV,39.5,6.0,237.0,Credit Card,In-store,2023-01-03,True,1672704000
TXN_6964259,CUST_14,Milk Products,Item_6_MILK,12.5,6.0,75.0,Credit Card,Online,2023-09-29,False,1695945600
TXN_2012246,CUST_17,Furniture,Item_11_FUR,20.0,8.0,160.0,Credit Card,In-store,2023-08-28,False,1693180800
TXN_5292453,CUST_09,Furniture,Item_16_FUR,27.5,8.0,220.0,Cash,Online,2023-04-22,False,1682121600
TXN_3747046,CUST_11,Electric household essentials,Item_18_EHE,30.5,2.0,61.0,Digital Wallet,Online,2022-11-22,False,1669075200
TXN_5563947,CUST_01,Food,Item_17_FOOD,29.0,3.0,87.0,Digital Wallet,In-store,2022-06-02,False,1654128000
TXN_8839706,CUST_15,Patisserie,Item_6_PAT,12.5,10.0,125.0,Credit Card,Online,2024-11-28,False,1732752000
TXN_1778326,CUST_20,Computers and electric accessories,Item_14_CEA,24.5,9.0,220.5,Credit Card,In-store,2023-09-01,False,1693526400
TXN_2119388,CUST_17,Butchers,Item_16_BUT,27.5,7.0,192.5,Digital Wallet,Online,2022-09-13,True,1663027200
TXN_8707599,CUST_07,Food,Item_6_FOOD,12.5,10.0,125.0,Cash,In-store,2022-01-26,False,1643155200
TXN_9429754,CUST_14,Milk Products,Item_9_MILK,17.0,8.0,136.0,Cash,Online,2023-08-27,True,1693094400
TXN_1750091,CUST_01,Milk Products,Item_4_MILK,9.5,1.0,9.5,Credit Card,In-store,2023-06-19,True,1687132800
TXN_1101287,CUST_05,Furniture,Item_11_FUR,20.0,2.0,40.0,Credit Card,Online,2024-01-05,True,1704412800
TXN_8972051,CUST_10,Electric household essentials,Item_17_EHE,29.0,1.0,29.0,Credit Card,In-store,2024-02-28,True,1709078400
TXN_9906990,CUST_22,Butchers,Item_3_BUT,8.0,9.0,72.0,Digital Wallet,In-store,2022-07-11,False,1657497600
TXN_6829985,CUST_05,Beverages,Item_3_BEV,8.0,2.0,16.0,Cash,Online,2023-11-22,False,1700611200
TXN_6375821,CUST_19,Butchers,Item_25_BUT,41.0,5.0,205.0,Credit Card,Online,2023-09-29,False,1695945600
TXN_9749789,CUST_18,Milk Products,Item_19_MILK,32.0,2.0,64.0,Credit Card,In-store,2024-12-10,False,1733788800
TXN_7796666,CUST_13,Food,Item_12_FOOD,21.5,10.0,215.0,Cash,Online,2024-09-08,False,1725753600
TXN_8608354,CUST_08,Patisserie,Item_22_PAT,36.5,1.0,36.5,Digital Wallet,In-store,2024-04-09,True,1712620800
TXN_1036311,CUST_16,Electric household essentials,Item_17_EHE,29.0,1.0,29.0,Cash,In-store,2022-12-22,False,1671667200
TXN_5896151,CUST_21,Electric household essentials,Item_15_EHE,26.0,6.0,156.0,Digital Wallet,Online,2024-02-25,False,1708819200
TXN_1157052,CUST_24,Butchers,Item_13_BUT,23.0,4.0,92.0,Credit Card,Online,2022-11-02,True,1667347200
TXN_5381793,CUST_05,Furniture,Item_3_FUR,8.0,9.0,72.0,Cash,In-store,2024-12-09,True,1733702400
TXN_3197907,CUST_25,Patisserie,Item_19_PAT,32.0,6.0,192.0,Cash,In-store,2024-02-09,False,1707436800
TXN_9891054,CUST_20,Computers and electric accessories,Item_15_CEA,26.0,10.0,260.0,Cash,Online,2022-10-11,False,1665446400
TXN_7359436,CUST_16,Food,Item_14_FOOD,24.5,10.0,245.0,Cash,In-store,2024-01-02,True,1704153600
TXN_3615491,CUST_02,Patisserie,Item_9_PAT,17.0,7.0,119.0,Credit Card,In-store,2023-09-25,False,1695600000
TXN_5238211,CUST_09,Furniture,Item_15_FUR,26.0,8.0,208.0,Cash,In-store,2023-12-15,True,1702598400
TXN_2861834,CUST_25,Patisserie,Item_15_PAT,26.0,3.0,78.0,Cash,Online,2023-04-01,True,1680307200
TXN_3299143,CUST_11,Furniture,Item_2_FUR,6.5,9.0,58.5,Credit Card,Online,2024-03-02,True,1709337600
TXN_1350410,CUST_01,Furniture,Item_10_FUR,18.5,3.0,55.5,Credit Card,Online,2024-09-11,False,1726012800
TXN_7958601,CUST_08,Milk Products,Item_15_MILK,26.0,1.0,26.0,Cash,Online,2022-06-11,True,1654905600
TXN_1151406,CUST_04,Butchers,Item_19_BUT,32.0,9.0,288.0,Digital Wallet,Online,2022-05-18,True,1652832000
TXN_1358761,CUST_10,Food,Item_6_FOOD,12.5,3.0,37.5,Cash,In-store,2024-05-15,False,1715731200
TXN_5805061,CUST_06,Beverages,Item_8_BEV,15.5,3.0,46.5,Credit Card,Online,2023-07-31,True,1690761600
TXN_3009822,CUST_20,Patisserie,Item_11_PAT,20.0,5.0,100.0,Cash,In-store,2024-05-07,False,1715040000
TXN_4836949,CUST_07,Computers and electric accessories,Item_14_CEA,24.5,10.0,245.0,Credit Card,In-store,2022-02-02,True,1643760000
TXN_7558362,CUST_08,Patisserie,Item_2_PAT,6.5,4.0,26.0,Credit Card,In-store,2024-06-01,False,1717200000
TXN_2550629,CUST_10,Butchers,Item_23_BUT,38.0,5.0,190.0,Digital Wallet,Online,2022-04-03,True,1648944000
TXN_1476715,CUST_11,Beverages,Item_17_BEV,29.0,8.0,232.0,Credit Card,In-store,2022-02-08,False,1644278400
TXN_5653387,CUST_12,Furniture,Item_7_FUR,14.0,7.0,98.0,Credit Card,Online,2022-05-29,True,1653782400
TXN_8819433,CUST_06,Computers and electric accessories,Item_12_CEA,21.5,8.0,172.0,Digital Wallet,In-store,2024-04-15,False,1713139200
TXN_9998575,CUST_13,Food,Item_6_FOOD,12.5,9.0,112.5,Credit Card,In-store,2024-01-02,True,1704153600
TXN_8519777,CUST_16,Beverages,Item_24_BEV,39.5,3.0,118.5,Digital Wallet,Online,2022-07-02,True,1656720000
TXN_7797790,CUST_24,Beverages,Item_19_BEV,32.0,7.0,224.0,Digital Wallet,Online,2022-10-09,True,1665273600
TXN_3184832,CUST_06,Electric household essentials,Item_11_EHE,20.0,2.0,40.0,Credit Card,In-store,2022-02-08,True,1644278400
TXN_7741209,CUST_07,Milk Products,Item_3_MILK,8.0,6.0,48.0,Cash,In-store,2024-06-10,False,1717977600
TXN_4077794,CUST_19,Butchers,Item_23_BUT,38.0,2.0,76.0,Cash,In-store,2024-07-30,True,1722297600
TXN_3292575,CUST_15,Furniture,Item_16_FUR,27.5,5.0,137.5,Credit Card,Online,2024-04-15,False,1713139200
TXN_6959357,CUST_07,Milk Products,Item_6_MILK,12.5,4.0,50.0,Cash,In-store,2023-02-23,True,1677110400
TXN_5532386,CUST_02,Milk Products,Item_13_MILK,23.0,7.0,161.0,Credit Card,Online,2024-03-19,True,1710806400
TXN_4242577,CUST_12,Butchers,Item_25_BUT,41.0,5.0,205.0,Cash,Online,2023-02-21,True,1676937600
TXN_2251911,CUST_08,Furniture,Item_20_FUR,33.5,9.0,301.5,Digital Wallet,In-store,2024-09-28,False,1727481600
TXN_4034256,CUST_07,Furniture,Item_11_FUR,20.0,6.0,120.0,Digital Wallet,Online,2022-02-06,False,1644105600
TXN_8491772,CUST_07,Electric household essentials,Item_23_EHE,38.0,3.0,114.0,Cash,Online,2022-10-21,True,1666310400
TXN_3986908,CUST_13,Food,Item_4_FOOD,9.5,4.0,38.0,Credit Card,Online,2024-10-27,True,1729987200
TXN_4848504,CUST_07,Furniture,Item_12_FUR,21.5,4.0,86.0,Credit Card,Online,2023-01-06,True,1672963200
TXN_3238663,CUST_06,Butchers,Item_8_BUT,15.5,3.0,46.5,Cash,In-store,2023-11-29,False,1701216000
TXN_7467332,CUST_15,Furniture,Item_2_FUR,6.5,3.0,19.5,Digital Wallet,Online,2022-04-19,False,1650326400
TXN_7821157,CUST_11,Computers and electric accessories,Item_9_CEA,17.0,8.0,136.0,Credit Card,Online,2022-08-22,True,1661126400
TXN_5510641,CUST_14,Patisserie,Item_17_PAT,29.0,3.0,87.0,Cash,Online,2023-10-21,False,1697846400
TXN_1623314,CUST_20,Patisserie,Item_4_PAT,9.5,8.0,76.0,Digital Wallet,In-store,2024-12-26,False,1735171200
TXN_9269245,CUST_07,Butchers,Item_6_BUT,12.5,1.0,12.5,Credit Card,In-store,2024-12-15,True,1734220800
TXN_8785418,CUST_07,Patisserie,Item_1_PAT,5.0,9.0,45.0,Credit Card,Online,2023-02-12,True,1676160000
TXN_8224848,CUST_20,Computers and electric accessories,Item_3_CEA,8.0,5.0,40.0,Digital Wallet,In-store,2022-12-18,True,1671321600
TXN_6166688,CUST_08,Patisserie,Item_25_PAT,41.0,6.0,246.0,Credit Card,Online,2023-09-29,True,1695945600
TXN_9951016,CUST_25,Patisserie,Item_2_PAT,6.5,3.0,19.5,Cash,Online,2022-02-01,False,1643673600
TXN_4956767,CUST_08,Furniture,Item_7_FUR,14.0,8.0,112.0,Credit Card,Online,2023-03-19,False,1679184000
TXN_1392217,CUST_23,Patisserie,Item_8_PAT,15.5,9.0,139.5,Digital Wallet,Online,2024-09-11,True,1726012800
TXN_8507665,CUST_13,Butchers,Item_18_BUT,30.5,8.0,244.0,Digital Wallet,Online,2023-04-08,False,1680912000
TXN_7837225,CUST_19,Furniture,Item_19_FUR,32.0,3.0,96.0,Cash,In-store,2023-09-08,True,1694131200
TXN_6598320,CUST_06,Food,Item_6_FOOD,12.5,4.0,50.0,Digital Wallet,Online,2024-05-05,True,1714867200
TXN_9170556,CUST_16,Milk Products,Item_1_MILK,5.0,7.0,35.0,Cash,In-store,2023-05-28,True,1685232000
TXN_8863568,CUST_22,Furniture,Item_21_FUR,35.0,2.0,70.0,Digital Wallet,Online,2022-05-25,True,1653436800
TXN_9077506,CUST_22,Milk Products,Item_13_MILK,23.0,1.0,23.0,Credit Card,Online,2023-07-11,True,1689033600
TXN_1256115,CUST_20,Computers and electric accessories,Item_10_CEA,18.5,5.0,92.5,Credit Card,Online,2024-11-25,True,1732492800
TXN_6857566,CUST_23,Computers and electric accessories,Item_13_CEA,23.0,2.0,46.0,Credit Card,In-store,2024-03-14,True,1710374400
TXN_7425088,CUST_07,Computers and electric accessories,Item_19_CEA,32.0,5.0,160.0,Credit Card,In-store,2022-03-25,False,1648166400
TXN_3757243,CUST_09,Patisserie,Item_11_PAT,20.0,10.0,200.0,Cash,In-store,2024-12-09,False,1733702400
TXN_1011915,CUST_16,Patisserie,Item_19_PAT,32.0,10.0,320.0,Credit Card,In-store,2023-03-25,True,1679702400
TXN_5703677,CUST_23,Butchers,Item_6_BUT,12.5,9.0,112.5,Cash,In-store,2022-09-13,False,1663027200
TXN_5598006,CUST_05,Electric household essentials,Item_13_EHE,23.0,5.0,115.0,Cash,In-store,2024-01-09,False,1704758400
TXN_4438498,CUST_07,Beverages,Item_14_BEV,24.5,5.0,122.5,Credit Card,Online,2022-06-02,True,1654128000
TXN_9898312,CUST_18,Electric household essentials,Item_16_EHE,27.5,7.0,192.5,Credit Card,Online,2024-03-06,True,1709683200
TXN_2914395,CUST_19,Computers and electric accessories,Item_6_CEA,12.5,2.0,25.0,Credit Card,Online,2022-12-26,True,1672012800
TXN_8624505,CUST_19,Food,Item_13_FOOD,23.0,9.0,207.0,Cash,In-store,2023-09-15,True,1694736000
TXN_2192964,CUST_17,Food,Item_9_FOOD,17.0,7.0,119.0,Digital Wallet,In-store,2022-01-29,False,1643414400
TXN_5157703,CUST_17,Electric household essentials,Item_1_EHE,5.0,10.0,50.0,Cash,In-store,2022-08-30,True,1661817600
TXN_9861104,CUST_02,Electric household essentials,Item_23_EHE,38.0,1.0,38.0,Credit Card,In-store,2024-05-01,False,1714521600
TXN_2641403,CUST_04,Furniture,Item_1_FUR,5.0,3.0,15.0,Digital Wallet,Online,2022-07-12,True,1657584000
TXN_8263646,CUST_05,Butchers,Item_20_BUT,33.5,4.0,134.0,Cash,In-store,2022-11-15,False,1668470400
TXN_1713611,CUST_24,Electric household essentials,Item_16_EHE,27.5,1.0,27.5,Digital Wallet,Online,2024-09-14,True,1726272000
TXN_2843259,CUST_24,Patisserie,Item_16_PAT,27.5,1.0,27.5,Digital Wallet,In-store,2023-03-25,True,1679702400
TXN_2266101,CUST_15,Patisserie,Item_19_PAT,32.0,2.0,64.0,Digital Wallet,In-store,2024-01-29,False,1706486400
TXN_3278532,CUST_07,Furniture,Item_16_FUR,27.5,9.0,247.5,Cash,In-store,2025-01-12,False,1736640000
TXN_2880856,CUST_18,Patisserie,Item_13_PAT,23.0,4.0,92.0,Credit Card,In-store,2024-02-15,False,1707955200
TXN_8948224,CUST_12,Food,Item_11_FOOD,20.0,10.0,200.0,Credit Card,Online,2023-03-14,False,1678752000
TXN_6311622,CUST_17,Furniture,Item_17_FUR,29.0,7.0,203.0,Credit Card,In-store,2023-11-30,True,1701302400
TXN_4879594,CUST_14,Furniture,Item_15_FUR,26.0,9.0,234.0,Digital Wallet,Online,2023-12-26,False,1703548800
TXN_4274209,CUST_01,Beverages,Item_10_BEV,18.5,9.0,166.5,Cash,Online,2024-11-19,False,1731974400
TXN_6178045,CUST_06,Food,Item_6_FOOD,12.5,1.0,12.5,Credit Card,Online,2024-02-03,False,1706918400
TXN_8568584,CUST_14,Butchers,Item_20_BUT,33.5,4.0,134.0,Cash,Online,2024-09-25,False,1727222400
TXN_5518578,CUST_06,Electric household essentials,Item_19_EHE,32.0,6.0,192.0,Cash,In-store,2022-09-15,False,1663200000
TXN_6625191,CUST_22,Beverages,Item_14_BEV,24.5,8.0,196.0,Digital Wallet,Online,2022-05-23,False,1653264000
TXN_2259360,CUST_25,Electric household essentials,Item_12_EHE,21.5,6.0,129.0,Digital Wallet,In-store,2022-02-17,False,1645056000
TXN_5276201,CUST_08,Computers and electric accessories,Item_21_CEA,35.0,7.0,245.0,Digital Wallet,In-store,2023-03-24,True,1679616000
TXN_4785966,CUST_09,Electric household essentials,Item_10_EHE,18.5,1.0,18.5,Digital Wallet,In-store,2022-09-11,True,1662854400
TXN_8377286,CUST_16,Electric household essentials,Item_15_EHE,26.0,5.0,130.0,Credit Card,In-store,2024-06-25,False,1719273600
TXN_2789621,CUST_05,Milk Products,Item_25_MILK,41.0,3.0,123.0,Digital Wallet,In-store,2023-07-15,False,1689379200
TXN_8578826,CUST_24,Computers and electric accessories,Item_9_CEA,17.0,3.0,51.0,Digital Wallet,Online,2024-08-15,False,1723680000
TXN_9212341,CUST_02,Butchers,Item_13_BUT,23.0,9.0,207.0,Credit Card,In-store,2023-08-23,False,1692748800
TXN_1587097,CUST_03,Computers and electric accessories,Item_16_CEA,27.5,10.0,275.0,Cash,In-store,2024-02-25,False,1708819200
TXN_3636688,CUST_23,Patisserie,Item_14_PAT,24.5,8.0,196.0,Credit Card,Online,2025-01-05,False,1736035200
TXN_8423309,CUST_16,Computers and electric accessories,Item_3_CEA,8.0,9.0,72.0,Credit Card,Online,2022-05-30,False,1653868800
TXN_1770062,CUST_05,Furniture,Item_25_FUR,41.0,2.0,82.0,Cash,In-store,2023-02-28,True,1677542400
TXN_4344002,CUST_07,Beverages,Item_11_BEV,20.0,3.0,60.0,Credit Card,Online,2023-09-28,False,1695859200
TXN_4161318,CUST_21,Electric household essentials,Item_13_EHE,23.0,7.0,161.0,Credit Card,Online,2023-08-18,False,1692316800
TXN_8660754,CUST_01,Computers and electric accessories,Item_9_CEA,17.0,2.0,34.0,Digital Wallet,In-store,2022-03-24,True,1648080000
TXN_5283643,CUST_02,Beverages,Item_24_BEV,39.5,8.0,316.0,Cash,Online,2023-07-09,True,1688860800
TXN_5401680,CUST_21,Electric household essentials,Item_11_EHE,20.0,9.0,180.0,Cash,In-store,2023-01-23,False,1674432000
TXN_6461094,CUST_19,Beverages,Item_2_BEV,6.5,3.0,19.5,Cash,In-store,2024-04-04,True,1712188800
TXN_2411071,CUST_17,Electric household essentials,Item_25_EHE,41.0,4.0,164.0,Cash,In-store,2023-11-28,False,1701129600
TXN_1898388,CUST_17,Milk Products,Item_19_MILK,32.0,8.0,256.0,Credit Card,In-store,2023-09-22,False,1695340800
TXN_1787892,CUST_20,Food,Item_10_FOOD,18.5,6.0,111.0,Digital Wallet,Online,2022-11-10,True,1668038400
TXN_2031813,CUST_12,Butchers,Item_2_BUT,6.5,1.0,6.5,Credit Card,Online,2024-07-11,True,1720656000
TXN_1426923,CUST_07,Food,Item_18_FOOD,30.5,5.0,152.5,Cash,In-store,2022-04-10,True,1649548800
TXN_7988578,CUST_23,Butchers,Item_22_BUT,36.5,7.0,255.5,Credit Card,In-store,2023-01-18,True,1674000000
TXN_7642752,CUST_01,Computers and electric accessories,Item_2_CEA,6.5,10.0,65.0,Cash,Online,2025-01-15,False,1736899200
TXN_5676229,CUST_18,Food,Item_13_FOOD,23.0,2.0,46.0,Credit Card,Online,2022-02-21,True,1645401600
TXN_4235666,CUST_05,Furniture,Item_18_FUR,30.5,8.0,244.0,Credit Card,Online,2022-05-19,False,1652918400
TXN_7633119,CUST_05,Electric household essentials,Item_13_EHE,23.0,9.0,207.0,Cash,Online,2022-03-01,True,1646092800
TXN_3833413,CUST_02,Butchers,Item_4_BUT,9.5,5.0,47.5,Credit Card,In-store,2023-03-20,False,1679270400
TXN_7085000,CUST_01,Electric household essentials,Item_5_EHE,11.0,8.0,88.0,Cash,Online,2022-07-23,True,1658534400
TXN_9925623,CUST_25,Beverages,Item_25_BEV,41.0,4.0,164.0,Credit Card,Online,2022-08-20,False,1660953600
TXN_6287957,CUST_01,Butchers,Item_16_BUT,27.5,5.0,137.5,Credit Card,Online,2023-06-19,True,1687132800
TXN_7166849,CUST_10,Furniture,Item_8_FUR,15.5,7.0,108.5,Credit Card,Online,2023-10-15,True,1697328000
TXN_3818660,CUST_12,Food,Item_12_FOOD,21.5,4.0,86.0,Cash,In-store,2024-12-13,False,1734048000
TXN_3470552,CUST_12,Furniture,Item_23_FUR,38.0,10.0,380.0,Digital Wallet,Online,2024-03-09,False,1709942400
TXN_8262433,CUST_22,Computers and electric accessories,Item_5_CEA,11.0,10.0,110.0,Credit Card,Online,2023-09-18,False,1694995200
TXN_7829206,CUST_23,Butchers,Item_8_BUT,15.5,1.0,15.5,Cash,Online,2024-12-05,True,1733356800
TXN_9922518,CUST_08,Food,Item_22_FOOD,36.5,9.0,328.5,Cash,Online,2023-07-30,True,1690675200
TXN_9250241,CUST_05,Beverages,Item_10_BEV,18.5,1.0,18.5,Cash,Online,2024-11-17,True,1731801600
TXN_9218611,CUST_01,Milk Products,Item_7_MILK,14.0,8.0,112.0,Digital Wallet,Online,2023-12-16,False,1702684800
TXN_2165118,CUST_11,Food,Item_17_FOOD,29.0,6.0,174.0,Cash,In-store,2023-11-28,False,1701129600
TXN_1096977,CUST_07,Food,Item_13_FOOD,23.0,9.0,207.0,Cash,In-store,2024-12-07,False,1733529600
TXN_1772882,CUST_15,Butchers,Item_11_BUT,20.0,9.0,180.0,Digital Wallet,In-store,2023-12-18,True,1702857600
TXN_7477131,CUST_15,Patisserie,Item_7_PAT,14.0,3.0,42.0,Cash,Online,2024-09-29,True,1727568000
TXN_9017628,CUST_19,Food,Item_5_FOOD,11.0,5.0,55.0,Credit Card,In-store,2022-10-10,False,1665360000
TXN_3294951,CUST_19,Food,Item_5_FOOD,11.0,10.0,110.0,Cash,In-store,2023-09-15,False,1694736000
TXN_9568940,CUST_24,Patisserie,Item_12_PAT,21.5,5.0,107.5,Cash,Online,2025-01-02,False,1735776000
TXN_2508784,CUST_02,Beverages,Item_8_BEV,15.5,7.0,108.5,Credit Card,Online,2024-08-29,True,1724889600
TXN_9196494,CUST_25,Electric household essentials,Item_25_EHE,41.0,5.0,205.0,Credit Card,In-store,2024-12-28,True,1735344000
TXN_5298533,CUST_03,Food,Item_6_FOOD,12.5,8.0,100.0,Cash,Online,2023-11-24,True,1700784000
TXN_4777165,CUST_08,Milk Products,Item_3_MILK,8.0,1.0,8.0,Cash,In-store,2022-06-01,True,1654041600
TXN_7109246,CUST_04,Butchers,Item_3_BUT,8.0,8.0,64.0,Cash,Online,2022-03-11,False,1646956800
TXN_5616762,CUST_04,Butchers,Item_12_BUT,21.5,8.0,172.0,Credit Card,Online,2022-01-24,True,1642982400
TXN_1231953,CUST_13,Computers and electric accessories,Item_9_CEA,17.0,8.0,136.0,Digital Wallet,Online,2024-02-16,False,1708041600
TXN_7547051,CUST_23,Food,Item_25_FOOD,41.0,3.0,123.0,Digital Wallet,In-store,2024-09-24,False,1727136000
TXN_4162114,CUST_11,Food,Item_12_FOOD,21.5,5.0,107.5,Cash,Online,2023-05-02,False,1682985600
TXN_4874732,CUST_24,Butchers,Item_25_BUT,41.0,5.0,205.0,Cash,Online,2022-10-04,True,1664841600
TXN_5086683,CUST_02,Furniture,Item_7_FUR,14.0,1.0,14.0,Digital Wallet,Online,2024-10-13,False,1728777600
TXN_7021336,CUST_25,Beverages,Item_3_BEV,8.0,10.0,80.0,Digital Wallet,Online,2022-07-03,True,1656806400
TXN_2059563,CUST_15,Computers and electric accessories,Item_12_CEA,21.5,5.0,107.5,Digital Wallet,Online,2024-07-23,True,1721692800
TXN_1497345,CUST_15,Furniture,Item_14_FUR,24.5,8.0,196.0,Cash,Online,2022-01-05,True,1641340800
TXN_1277309,CUST_24,Computers and electric accessories,Item_7_CEA,14.0,9.0,126.0,Credit Card,In-store,2023-06-01,False,1685577600
TXN_3803930,CUST_23,Electric household essentials,Item_22_EHE,36.5,5.0,182.5,Digital Wallet,Online,2025-01-14,True,1736812800
TXN_3514548,CUST_18,Electric household essentials,Item_25_EHE,41.0,1.0,41.0,Credit Card,In-store,2024-04-05,False,1712275200
TXN_2706063,CUST_15,Butchers,Item_12_BUT,21.5,4.0,86.0,Cash,Online,2022-09-10,False,1662768000
TXN_8914114,CUST_16,Milk Products,Item_7_MILK,14.0,8.0,112.0,Digital Wallet,In-store,2023-09-22,True,1695340800
TXN_1465531,CUST_20,Milk Products,Item_2_MILK,6.5,10.0,65.0,Credit Card,In-store,2024-07-03,True,1719964800
TXN_6666458,CUST_21,Furniture,Item_24_FUR,39.5,2.0,79.0,Digital Wallet,In-store,2023-03-29,False,1680048000
TXN_9941031,CUST_05,Patisserie,Item_5_PAT,11.0,5.0,55.0,Credit Card,In-store,2023-04-14,False,1681430400
TXN_5747894,CUST_14,Beverages,Item_7_BEV,14.0,6.0,84.0,Credit Card,Online,2024-09-25,False,1727222400
TXN_8847569,CUST_16,Electric household essentials,Item_21_EHE,35.0,5.0,175.0,Cash,In-store,2023-07-19,True,1689724800
TXN_1662766,CUST_18,Milk Products,Item_16_MILK,27.5,2.0,55.0,Digital Wallet,Online,2024-05-19,False,1716076800
TXN_6276011,CUST_15,Butchers,Item_22_BUT,36.5,4.0,146.0,Cash,Online,2022-06-10,True,1654819200
TXN_5038261,CUST_17,Patisserie,Item_1_PAT,5.0,8.0,40.0,Credit Card,In-store,2023-06-07,True,1686096000
TXN_4954934,CUST_13,Computers and electric accessories,Item_20_CEA,33.5,4.0,134.0,Cash,In-store,2024-08-13,False,1723507200
TXN_3032195,CUST_07,Beverages,Item_2_BEV,6.5,6.0,39.0,Digital Wallet,Online,2022-02-14,False,1644796800
TXN_9535889,CUST_08,Electric household essentials,Item_17_EHE,29.0,1.0,29.0,Credit Card,Online,2024-03-20,True,1710892800
TXN_6950644,CUST_13,Milk Products,Item_21_MILK,35.0,7.0,245.0,Credit Card,Online,2024-11-20,True,1732060800
TXN_6375978,CUST_23,Milk Products,Item_11_MILK,20.0,10.0,200.0,Digital Wallet,In-store,2022-04-07,False,1649289600
TXN_2090456,CUST_05,Butchers,Item_24_BUT,39.5,10.0,395.0,Cash,In-store,2023-12-15,True,1702598400
TXN_5403498,CUST_16,Furniture,Item_7_FUR,14.0,7.0,98.0,Credit Card,In-store,2024-05-18,True,1715990400
TXN_6255024,CUST_14,Beverages,Item_19_BEV,32.0,3.0,96.0,Digital Wallet,Online,2023-07-18,True,1689638400
TXN_9094922,CUST_23,Electric household essentials,Item_19_EHE,32.0,5.0,160.0,Credit Card,In-store,2022-07-12,False,1657584000
TXN_3928788,CUST_23,Food,Item_14_FOOD,24.5,8.0,196.0,Credit Card,Online,2024-04-29,False,1714348800
TXN_2306841,CUST_04,Furniture,Item_23_FUR,38.0,2.0,76.0,Cash,In-store,2023-05-06,True,1683331200
TXN_4176444,CUST_14,Butchers,Item_21_BUT,35.0,2.0,70.0,Digital Wallet,In-store,2022-10-15,False,1665792000
TXN_6651280,CUST_18,Patisserie,Item_16_PAT,27.5,6.0,165.0,Digital Wallet,In-store,2022-12-05,True,1670198400
TXN_5085529,CUST_05,Computers and electric accessories,Item_21_CEA,35.0,10.0,350.0,Credit Card,In-store,2023-09-22,True,1695340800
TXN_7459810,CUST_09,Food,Item_7_FOOD,14.0,8.0,112.0,Digital Wallet,Online,2022-12-01,False,1669852800
TXN_9834766,CUST_04,Butchers,Item_22_BUT,36.5,9.0,328.5,Credit Card,Online,2023-10-24,False,1698105600
TXN_3051299,CUST_20,Food,Item_14_FOOD,24.5,10.0,245.0,Digital Wallet,Online,2025-01-11,False,1736553600
TXN_5276329,CUST_09,Food,Item_5_FOOD,11.0,1.0,11.0,Cash,Online,2023-12-18,False,1702857600
TXN_9472056,CUST_16,Milk Products,Item_8_MILK,15.5,7.0,108.5,Cash,In-store,2024-06-22,True,1719014400
TXN_9328530,CUST_19,Furniture,Item_12_FUR,21.5,10.0,215.0,Credit Card,Online,2023-06-28,True,1687910400
TXN_9442074,CUST_06,Butchers,Item_7_BUT,14.0,6.0,84.0,Credit Card,Online,2023-10-24,True,1698105600
TXN_1860632,CUST_18,Computers and electric accessories,Item_14_CEA,24.5,8.0,196.0,Cash,In-store,2022-11-30,True,1669766400
TXN_8655596,CUST_15,Computers and electric accessories,Item_13_CEA,23.0,6.0,138.0,Credit Card,In-store,2024-12-29,False,1735430400
TXN_7516693,CUST_01,Food,Item_14_FOOD,24.5,2.0,49.0,Digital Wallet,Online,2023-04-19,False,1681862400
TXN_9501990,CUST_04,Milk Products,Item_1_MILK,5.0,5.0,25.0,Cash,In-store,2022-02-18,False,1645142400
TXN_6616600,CUST_17,Food,Item_11_FOOD,20.0,4.0,80.0,Digital Wallet,In-store,2022-11-20,True,1668902400
TXN_4494866,CUST_22,Computers and electric accessories,Item_2_CEA,6.5,4.0,26.0,Credit Card,In-store,2024-03-11,False,1710115200
TXN_1530750,CUST_08,Milk Products,Item_1_MILK,5.0,2.0,10.0,Cash,Online,2022-11-12,True,1668211200
TXN_8866685,CUST_13,Electric household essentials,Item_21_EHE,35.0,1.0,35.0,Digital Wallet,Online,2022-08-04,False,1659571200
TXN_2985819,CUST_13,Beverages,Item_17_BEV,29.0,9.0,261.0,Digital Wallet,Online,2023-09-07,False,1694044800
TXN_9803487,CUST_13,Beverages,Item_4_BEV,9.5,5.0,47.5,Credit Card,Online,2023-03-29,False,1680048000
TXN_5726935,CUST_09,Milk Products,Item_13_MILK,23.0,9.0,207.0,Credit Card,Online,2022-02-23,True,1645574400
TXN_9012270,CUST_18,Beverages,Item_17_BEV,29.0,4.0,116.0,Digital Wallet,Online,2022-10-17,False,1665964800
TXN_8454077,CUST_11,Computers and electric accessories,Item_3_CEA,8.0,2.0,16.0,Cash,Online,2023-02-15,True,1676419200
TXN_5684370,CUST_11,Computers and electric accessories,Item_19_CEA,32.0,5.0,160.0,Cash,In-store,2022-10-06,True,1665014400
TXN_8625922,CUST_08,Beverages,Item_6_BEV,12.5,10.0,125.0,Credit Card,Online,2023-12-22,False,1703203200
TXN_6490751,CUST_07,Electric household essentials,Item_8_EHE,15.5,1.0,15.5,Credit Card,In-store,2023-04-27,True,1682553600
TXN_7481579,CUST_09,Patisserie,Item_9_PAT,17.0,8.0,136.0,Cash,In-store,2023-05-13,False,1683936000
TXN_3958182,CUST_25,Food,Item_13_FOOD,23.0,8.0,184.0,Credit Card,Online,2024-01-17,True,1705449600
TXN_9855768,CUST_02,Milk Products,Item_3_MILK,8.0,4.0,32.0,Cash,Online,2024-02-06,False,1707177600
TXN_9442836,CUST_17,Butchers,Item_8_BUT,15.5,9.0,139.5,Credit Card,In-store,2023-02-21,False,1676937600
TXN_1846815,CUST_14,Butchers,Item_20_BUT,33.5,6.0,201.0,Cash,In-store,2023-12-22,False,1703203200
TXN_1909410,CUST_14,Patisserie,Item_21_PAT,35.0,1.0,35.0,Cash,In-store,2023-09-06,False,1693958400
TXN_9619819,CUST_24,Milk Products,Item_7_MILK,14.0,9.0,126.0,Digital Wallet,In-store,2022-11-08,False,1667865600
TXN_2081389,CUST_05,Milk Products,Item_23_MILK,38.0,6.0,228.0,Digital Wallet,In-store,2024-03-18,False,1710720000
TXN_7417646,CUST_13,Furniture,Item_25_FUR,41.0,6.0,246.0,Credit Card,Online,2024-03-06,False,1709683200
TXN_5674806,CUST_14,Butchers,Item_12_BUT,21.5,1.0,21.5,Credit Card,In-store,2022-09-29,True,1664409600
TXN_4524072,CUST_13,Furniture,Item_17_FUR,29.0,6.0,174.0,Cash,In-store,2024-01-14,True,1705190400
TXN_8789507,CUST_01,Electric household essentials,Item_25_EHE,41.0,4.0,164.0,Digital Wallet,In-store,2023-09-30,True,1696032000
TXN_7757078,CUST_22,Food,Item_11_FOOD,20.0,1.0,20.0,Digital Wallet,Online,2023-02-21,False,1676937600
TXN_4635088,CUST_11,Milk Products,Item_16_MILK,27.5,3.0,82.5,Digital Wallet,In-store,2022-12-08,False,1670457600
TXN_5398868,CUST_09,Milk Products,Item_24_MILK,39.5,9.0,355.5,Credit Card,In-store,2023-04-18,False,1681776000
TXN_8378613,CUST_01,Patisserie,Item_12_PAT,21.5,9.0,193.5,Digital Wallet,In-store,2023-03-01,False,1677628800
TXN_6202481,CUST_14,Food,Item_21_FOOD,35.0,5.0,175.0,Credit Card,Online,2023-03-31,True,1680220800
TXN_8796421,CUST_20,Computers and electric accessories,Item_23_CEA,38.0,6.0,228.0,Cash,Online,2023-04-08,False,1680912000
TXN_4614873,CUST_03,Furniture,Item_15_FUR,26.0,9.0,234.0,Cash,Online,2023-07-29,False,1690588800
TXN_4358862,CUST_06,Butchers,Item_2_BUT,6.5,4.0,26.0,Digital Wallet,In-store,2022-04-19,True,1650326400
TXN_2539807,CUST_18,Beverages,Item_14_BEV,24.5,5.0,122.5,Cash,Online,2022-05-15,True,1652572800
TXN_1273334,CUST_22,Beverages,Item_25_BEV,41.0,10.0,410.0,Digital Wallet,In-store,2022-11-04,True,1667520000
TXN_3076324,CUST_07,Patisserie,Item_17_PAT,29.0,2.0,58.0,Credit Card,In-store,2023-06-12,True,1686528000
TXN_6185567,CUST_11,Furniture,Item_5_FUR,11.0,4.0,44.0,Digital Wallet,Online,2024-07-17,True,1721174400
TXN_8267845,CUST_14,Computers and electric accessories,Item_11_CEA,20.0,8.0,160.0,Cash,In-store,2024-02-13,True,1707782400
TXN_6619000,CUST_16,Furniture,Item_12_FUR,21.5,10.0,215.0,Cash,Online,2024-05-02,True,1714608000
TXN_3042689,CUST_01,Furniture,Item_7_FUR,14.0,3.0,42.0,Credit Card,In-store,2024-05-16,True,1715817600
TXN_4764571,CUST_18,Food,Item_2_FOOD,6.5,6.0,39.0,Digital Wallet,Online,2023-01-16,False,1673827200
TXN_5028536,CUST_03,Butchers,Item_13_BUT,23.0,1.0,23.0,Digital Wallet,In-store,2024-09-21,False,1726876800
TXN_3776622,CUST_11,Computers and electric accessories,Item_19_CEA,32.0,10.0,320.0,Digital Wallet,In-store,2024-11-05,True,1730764800
TXN_7969813,CUST_17,Electric household essentials,Item_12_EHE,21.5,1.0,21.5,Credit Card,In-store,2022-06-16,True,1655337600
TXN_1202644,CUST_01,Food,Item_25_FOOD,41.0,5.0,205.0,Credit Card,In-store,2023-04-02,False,1680393600
TXN_4222025,CUST_02,Electric household essentials,Item_9_EHE,17.0,4.0,68.0,Digital Wallet,Online,2022-03-27,False,1648339200
TXN_4050560,CUST_13,Electric household essentials,Item_15_EHE,26.0,6.0,156.0,Cash,Online,2024-07-17,False,1721174400
TXN_6606292,CUST_19,Beverages,Item_22_BEV,36.5,5.0,182.5,Cash,In-store,2023-12-21,False,1703116800
TXN_8048817,CUST_23,Patisserie,Item_22_PAT,36.5,7.0,255.5,Cash,In-store,2024-09-12,True,1726099200
TXN_8735696,CUST_06,Butchers,Item_15_BUT,26.0,7.0,182.0,Digital Wallet,Online,2024-02-05,False,1707091200
TXN_7978024,CUST_15,Electric household essentials,Item_17_EHE,29.0,9.0,261.0,Digital Wallet,Online,2022-02-27,False,1645920000
TXN_4351976,CUST_15,Computers and electric accessories,Item_15_CEA,26.0,6.0,156.0,Cash,Online,2024-08-03,False,1722643200
TXN_9212134,CUST_25,Furniture,Item_25_FUR,41.0,1.0,41.0,Digital Wallet,In-store,2024-07-14,False,1720915200
TXN_6309225,CUST_07,Electric household essentials,Item_8_EHE,15.5,4.0,62.0,Digital Wallet,Online,2023-08-15,False,1692057600
TXN_2844489,CUST_21,Butchers,Item_18_BUT,30.5,9.0,274.5,Credit Card,In-store,2022-09-26,True,1664150400
TXN_9555119,CUST_15,Food,Item_8_FOOD,15.5,7.0,108.5,Digital Wallet,Online,2023-03-29,True,1680048000
TXN_6589273,CUST_07,Computers and electric accessories,Item_20_CEA,33.5,3.0,100.5,Credit Card,Online,2022-03-25,True,1648166400
TXN_4109801,CUST_24,Food,Item_21_FOOD,35.0,3.0,105.0,Digital Wallet,In-store,2023-07-11,True,1689033600
TXN_2453867,CUST_03,Food,Item_9_FOOD,17.0,7.0,119.0,Credit Card,In-store,2023-07-02,False,1688256000
TXN_1896794,CUST_18,Furniture,Item_19_FUR,32.0,7.0,224.0,Credit Card,Online,2023-10-23,True,1698019200
TXN_2208386,CUST_22,Food,Item_24_FOOD,39.5,2.0,79.0,Credit Card,Online,2023-08-30,True,1693353600
TXN_3778032,CUST_01,Electric household essentials,Item_9_EHE,17.0,5.0,85.0,Cash,Online,2022-01-21,False,1642723200
TXN_8514175,CUST_10,Patisserie,Item_5_PAT,11.0,1.0,11.0,Digital Wallet,In-store,2024-12-28,True,1735344000
TXN_2764427,CUST_03,Milk Products,Item_18_MILK,30.5,8.0,244.0,Cash,In-store,2024-07-16,False,1721088000
TXN_6731052,CUST_11,Milk Products,Item_24_MILK,39.5,7.0,276.5,Digital Wallet,In-store,2024-09-11,True,1726012800
TXN_8892083,CUST_11,Food,Item_11_FOOD,20.0,8.0,160.0,Cash,In-store,2023-02-03,False,1675382400
TXN_2111400,CUST_15,Beverages,Item_4_BEV,9.5,10.0,95.0,Digital Wallet,In-store,2024-01-12,True,1705017600
TXN_1828172,CUST_06,Computers and electric accessories,Item_24_CEA,39.5,6.0,237.0,Credit Card,In-store,2024-11-14,True,1731542400
TXN_5431616,CUST_17,Furniture,Item_8_FUR,15.5,1.0,15.5,Cash,In-store,2024-11-26,False,1732579200
TXN_8377623,CUST_15,Beverages,Item_25_BEV,41.0,2.0,82.0,Credit Card,In-store,2024-07-17,False,1721174400
TXN_5374169,CUST_24,Milk Products,Item_4_MILK,9.5,5.0,47.5,Credit Card,Online,2022-02-24,False,1645660800
TXN_6471352,CUST_17,Beverages,Item_11_BEV,20.0,4.0,80.0,Cash,Online,2025-01-05,False,1736035200
TXN_4610549,CUST_24,Beverages,Item_12_BEV,21.5,3.0,64.5,Credit Card,In-store,2022-08-26,False,1661472000
TXN_3301574,CUST_11,Beverages,Item_13_BEV,23.0,4.0,92.0,Digital Wallet,Online,2022-07-25,True,1658707200
TXN_3372645,CUST_02,Beverages,Item_12_BEV,21.5,10.0,215.0,Cash,In-store,2022-05-01,True,1651363200
TXN_5259345,CUST_02,Electric household essentials,Item_15_EHE,26.0,10.0,260.0,Credit Card,In-store,2024-05-15,False,1715731200
TXN_6308565,CUST_19,Computers and electric accessories,Item_5_CEA,11.0,4.0,44.0,Credit Card,Online,2024-02-10,False,1707523200
TXN_9181921,CUST_16,Furniture,Item_23_FUR,38.0,2.0,76.0,Cash,In-store,2023-06-22,True,1687392000
TXN_2157777,CUST_05,Beverages,Item_14_BEV,24.5,7.0,171.5,Cash,Online,2024-01-07,True,1704585600
TXN_3779677,CUST_21,Food,Item_17_FOOD,29.0,6.0,174.0,Digital Wallet,Online,2024-08-13,False,1723507200
TXN_7976109,CUST_23,Patisserie,Item_22_PAT,36.5,8.0,292.0,Cash,Online,2023-08-14,False,1691971200
TXN_3308490,CUST_15,Furniture,Item_23_FUR,38.0,1.0,38.0,Digital Wallet,In-store,2024-12-11,False,1733875200
TXN_2107995,CUST_19,Butchers,Item_2_BUT,6.5,7.0,45.5,Cash,Online,2023-05-16,False,1684195200
TXN_4963384,CUST_22,Milk Products,Item_6_MILK,12.5,2.0,25.0,Credit Card,Online,2024-10-07,False,1728259200
TXN_8025714,CUST_12,Beverages,Item_12_BEV,21.5,7.0,150.5,Cash,Online,2024-06-03,False,1717372800
TXN_9315060,CUST_07,Furniture,Item_24_FUR,39.5,7.0,276.5,Cash,Online,2024-10-14,False,1728864000
TXN_6981363,CUST_14,Food,Item_3_FOOD,8.0,9.0,72.0,Credit Card,Online,2024-04-24,True,1713916800
TXN_2694632,CUST_15,Butchers,Item_22_BUT,36.5,3.0,109.5,Digital Wallet,In-store,2023-06-15,True,1686787200
TXN_3056691,CUST_22,Food,Item_2_FOOD,6.5,5.0,32.5,Credit Card,In-store,2022-10-08,True,1665187200
TXN_9835267,CUST_23,Milk Products,Item_13_MILK,23.0,8.0,184.0,Credit Card,Online,2023-07-15,True,1689379200
TXN_1634027,CUST_05,Milk Products,Item_13_MILK,23.0,1.0,23.0,Digital Wallet,Online,2023-02-03,True,1675382400
TXN_6095170,CUST_13,Furniture,Item_23_FUR,38.0,10.0,380.0,Credit Card,Online,2022-11-27,True,1669507200
TXN_7551798,CUST_20,Butchers,Item_3_BUT,8.0,4.0,32.0,Digital Wallet,Online,2023-06-15,True,1686787200
TXN_2558370,CUST_02,Butchers,Item_12_BUT,21.5,9.0,193.5,Credit Card,In-store,2023-04-09,True,1680998400
TXN_6431534,CUST_21,Beverages,Item_5_BEV,11.0,5.0,55.0,Credit Card,Online,2023-06-21,False,1687305600
TXN_6587636,CUST_13,Patisserie,Item_16_PAT,27.5,7.0,192.5,Cash,Online,2022-04-30,True,1651276800
TXN_3951114,CUST_23,Beverages,Item_14_BEV,24.5,5.0,122.5,Digital Wallet,Online,2022-01-16,True,1642291200
TXN_2897310,CUST_19,Butchers,Item_17_BUT,29.0,9.0,261.0,Digital Wallet,In-store,2023-06-25,False,1687651200
TXN_4751128,CUST_18,Electric household essentials,Item_5_EHE,11.0,10.0,110.0,Digital Wallet,Online,2022-04-19,True,1650326400
TXN_2085114,CUST_15,Beverages,Item_22_BEV,36.5,3.0,109.5,Cash,In-store,2025-01-01,True,1735689600
TXN_6265170,CUST_14,Computers and electric accessories,Item_11_CEA,20.0,6.0,120.0,Digital Wallet,Online,2023-06-15,True,1686787200
TXN_1690344,CUST_11,Milk Products,Item_3_MILK,8.0,9.0,72.0,Cash,Online,2025-01-09,False,1736380800
TXN_6781800,CUST_24,Furniture,Item_19_FUR,32.0,8.0,256.0,Cash,Online,2024-09-26,True,1727308800
TXN_2949356,CUST_17,Beverages,Item_24_BEV,39.5,8.0,316.0,Digital Wallet,Online,2022-08-01,False,1659312000
TXN_2145753,CUST_05,Electric household essentials,Item_23_EHE,38.0,9.0,342.0,Credit Card,In-store,2022-03-18,False,1647561600
TXN_5660916,CUST_02,Food,Item_25_FOOD,41.0,3.0,123.0,Digital Wallet,In-store,2023-09-19,True,1695081600
TXN_9418798,CUST_11,Furniture,Item_14_FUR,24.5,1.0,24.5,Credit Card,Online,2022-03-07,False,1646611200
TXN_1871707,CUST_10,Electric household essentials,Item_20_EHE,33.5,1.0,33.5,Digital Wallet,In-store,2022-04-01,False,1648771200
TXN_1414376,CUST_12,Food,Item_4_FOOD,9.5,6.0,57.0,Cash,In-store,2022-12-26,True,1672012800
TXN_9015176,CUST_01,Furniture,Item_15_FUR,26.0,7.0,182.0,Digital Wallet,In-store,2023-03-01,False,1677628800
TXN_6699706,CUST_23,Furniture,Item_7_FUR,14.0,1.0,14.0,Digital Wallet,Online,2023-12-31,False,1703980800
TXN_5893458,CUST_25,Butchers,Item_13_BUT,23.0,4.0,92.0,Credit Card,In-store,2023-08-13,False,1691884800
TXN_3564962,CUST_01,Electric household essentials,Item_4_EHE,9.5,10.0,95.0,Digital Wallet,In-store,2022-03-05,True,1646438400
TXN_9824009,CUST_16,Computers and electric accessories,Item_5_CEA,11.0,6.0,66.0,Digital Wallet,In-store,2025-01-16,False,1736985600
TXN_2399606,CUST_15,Beverages,Item_4_BEV,9.5,7.0,66.5,Cash,Online,2022-07-23,False,1658534400
TXN_1695036,CUST_02,Electric household essentials,Item_4_EHE,9.5,1.0,9.5,Digital Wallet,In-store,2024-08-18,False,1723939200
TXN_7414120,CUST_20,Patisserie,Item_23_PAT,38.0,5.0,190.0,Digital Wallet,Online,2022-01-15,False,1642204800
TXN_9229474,CUST_22,Beverages,Item_11_BEV,20.0,4.0,80.0,Digital Wallet,In-store,2023-05-23,False,1684800000
TXN_6445701,CUST_04,Furniture,Item_7_FUR,14.0,4.0,56.0,Credit Card,Online,2023-01-28,True,1674864000
TXN_4375152,CUST_17,Butchers,Item_25_BUT,41.0,8.0,328.0,Credit Card,Online,2022-04-14,True,1649894400
TXN_8936010,CUST_14,Furniture,Item_15_FUR,26.0,3.0,78.0,Credit Card,Online,2024-04-10,False,1712707200
TXN_5338975,CUST_01,Butchers,Item_13_BUT,23.0,3.0,69.0,Cash,Online,2024-01-25,True,1706140800
TXN_6039588,CUST_01,Furniture,Item_14_FUR,24.5,7.0,171.5,Credit Card,In-store,2024-03-02,True,1709337600
TXN_1490410,CUST_20,Patisserie,Item_7_PAT,14.0,6.0,84.0,Digital Wallet,In-store,2022-08-22,False,1661126400
TXN_4740089,CUST_05,Furniture,Item_8_FUR,15.5,9.0,139.5,Credit Card,Online,2023-07-27,True,1690416000
TXN_7268120,CUST_23,Patisserie,Item_22_PAT,36.5,9.0,328.5,Cash,In-store,2023-01-15,False,1673740800
TXN_5078259,CUST_22,Patisserie,Item_2_PAT,6.5,3.0,19.5,Cash,In-store,2023-01-16,False,1673827200
TXN_9601122,CUST_24,Beverages,Item_11_BEV,20.0,9.0,180.0,Cash,In-store,2024-01-13,False,1705104000
TXN_1793827,CUST_01,Electric household essentials,Item_20_EHE,33.5,6.0,201.0,Cash,Online,2022-02-15,True,1644883200
TXN_4715095,CUST_14,Beverages,Item_14_BEV,24.5,10.0,245.0,Cash,Online,2022-01-31,True,1643587200
TXN_7094868,CUST_20,Furniture,Item_20_FUR,33.5,1.0,33.5,Digital Wallet,Online,2023-11-07,True,1699315200
TXN_5937987,CUST_12,Beverages,Item_4_BEV,9.5,7.0,66.5,Digital Wallet,Online,2022-10-24,True,1666569600
TXN_5012256,CUST_10,Furniture,Item_24_FUR,39.5,4.0,158.0,Digital Wallet,In-store,2022-04-16,False,1650067200
TXN_5848699,CUST_19,Patisserie,Item_13_PAT,23.0,1.0,23.0,Digital Wallet,Online,2023-10-29,False,1698537600
TXN_5485024,CUST_09,Milk Products,Item_7_MILK,14.0,2.0,28.0,Digital Wallet,In-store,2024-05-12,False,1715472000
TXN_5703980,CUST_02,Computers and electric accessories,Item_22_CEA,36.5,2.0,73.0,Cash,Online,2023-09-24,False,1695513600
TXN_5777361,CUST_11,Patisserie,Item_2_PAT,6.5,1.0,6.5,Digital Wallet,Online,2024-03-18,False,1710720000
TXN_3736146,CUST_07,Patisserie,Item_23_PAT,38.0,10.0,380.0,Credit Card,In-store,2024-09-25,True,1727222400
TXN_3259882,CUST_03,Milk Products,Item_17_MILK,29.0,9.0,261.0,Digital Wallet,In-store,2023-01-18,False,1674000000
TXN_8221101,CUST_18,Patisserie,Item_23_PAT,38.0,6.0,228.0,Digital Wallet,In-store,2022-02-09,True,1644364800
TXN_9284796,CUST_11,Electric household essentials,Item_15_EHE,26.0,9.0,234.0,Cash,In-store,2024-05-08,False,1715126400
TXN_4830417,CUST_18,Food,Item_14_FOOD,24.5,8.0,196.0,Digital Wallet,In-store,2024-09-29,False,1727568000
TXN_9090610,CUST_10,Butchers,Item_7_BUT,14.0,10.0,140.0,Digital Wallet,Online,2023-05-16,False,1684195200
TXN_6485374,CUST_18,Patisserie,Item_18_PAT,30.5,8.0,244.0,Credit Card,In-store,2024-05-20,False,1716163200
TXN_1395136,CUST_07,Patisserie,Item_12_PAT,21.5,6.0,129.0,Digital Wallet,Online,2022-04-17,False,1650153600
TXN_5119926,CUST_20,Patisserie,Item_20_PAT,33.5,5.0,167.5,Credit Card,In-store,2024-01-02,True,1704153600
TXN_7221106,CUST_22,Milk Products,Item_1_MILK,5.0,8.0,40.0,Cash,In-store,2023-03-15,True,1678838400
TXN_9362588,CUST_09,Food,Item_22_FOOD,36.5,2.0,73.0,Credit Card,Online,2023-03-03,False,1677801600
TXN_4903332,CUST_08,Food,Item_21_FOOD,35.0,10.0,350.0,Credit Card,In-store,2023-01-18,True,1674000000
TXN_6555691,CUST_19,Food,Item_10_FOOD,18.5,8.0,148.0,Cash,In-store,2024-08-24,True,1724457600
TXN_7410836,CUST_05,Patisserie,Item_20_PAT,33.5,2.0,67.0,Digital Wallet,In-store,2023-01-22,False,1674345600
TXN_2075749,CUST_04,Milk Products,Item_4_MILK,9.5,5.0,47.5,Cash,Online,2024-11-07,True,1730937600
TXN_9183760,CUST_12,Electric household essentials,Item_16_EHE,27.5,1.0,27.5,Digital Wallet,In-store,2024-05-04,False,1714780800
TXN_6339700,CUST_15,Milk Products,Item_13_MILK,23.0,7.0,161.0,Credit Card,Online,2022-01-27,True,1643241600
TXN_3784837,CUST_16,Butchers,Item_23_BUT,38.0,1.0,38.0,Credit Card,Online,2024-06-06,False,1717632000
TXN_5286530,CUST_01,Computers and electric accessories,Item_6_CEA,12.5,6.0,75.0,Digital Wallet,In-store,2024-02-28,True,1709078400
TXN_5565868,CUST_22,Computers and electric accessories,Item_11_CEA,20.0,9.0,180.0,Cash,In-store,2024-07-30,True,1722297600
TXN_1921846,CUST_04,Milk Products,Item_3_MILK,8.0,3.0,24.0,Credit Card,In-store,2024-12-12,False,1733961600
TXN_4662950,CUST_08,Furniture,Item_16_FUR,27.5,2.0,55.0,Credit Card,In-store,2022-10-29,True,1667001600
TXN_6152928,CUST_24,Patisserie,Item_17_PAT,29.0,7.0,203.0,Credit Card,In-store,2022-03-24,False,1648080000
TXN_4293234,CUST_23,Furniture,Item_6_FUR,12.5,10.0,125.0,Cash,In-store,2022-05-11,True,1652227200
TXN_1479772,CUST_13,Electric household essentials,Item_17_EHE,29.0,6.0,174.0,Digital Wallet,In-store,2023-07-22,False,1689984000
TXN_3024691,CUST_25,Electric household essentials,Item_21_EHE,35.0,4.0,140.0,Digital Wallet,In-store,2024-02-14,True,1707868800
TXN_1611768,CUST_03,Patisserie,Item_20_PAT,33.5,5.0,167.5,Credit Card,Online,2022-07-26,True,1658793600
TXN_1992937,CUST_20,Butchers,Item_25_BUT,41.0,6.0,246.0,Digital Wallet,Online,2025-01-08,False,1736294400
TXN_2734006,CUST_09,Beverages,Item_10_BEV,18.5,9.0,166.5,Credit Card,In-store,2023-06-07,True,1686096000
TXN_6085136,CUST_12,Food,Item_25_FOOD,41.0,7.0,287.0,Credit Card,Online,2023-01-01,True,1672531200
TXN_6208291,CUST_12,Furniture,Item_15_FUR,26.0,9.0,234.0,Credit Card,Online,2023-03-10,False,1678406400
TXN_9397356,CUST_23,Furniture,Item_11_FUR,20.0,7.0,140.0,Credit Card,In-store,2022-02-09,False,1644364800
TXN_3228853,CUST_19,Milk Products,Item_23_MILK,38.0,9.0,342.0,Cash,Online,2023-06-02,True,1685664000
TXN_9904612,CUST_16,Patisserie,Item_7_PAT,14.0,4.0,56.0,Digital Wallet,Online,2024-01-03,False,1704240000
TXN_8552732,CUST_02,Furniture,Item_25_FUR,41.0,8.0,328.0,Cash,In-store,2024-03-28,True,1711584000
TXN_7202102,CUST_06,Patisserie,Item_16_PAT,27.5,2.0,55.0,Digital Wallet,Online,2022-03-09,True,1646784000
TXN_3692324,CUST_25,Patisserie,Item_23_PAT,38.0,6.0,228.0,Cash,Online,2024-01-24,True,1706054400
TXN_8170651,CUST_18,Furniture,Item_15_FUR,26.0,2.0,52.0,Digital Wallet,In-store,2024-08-14,True,1723593600
TXN_2155063,CUST_15,Electric household essentials,Item_22_EHE,36.5,9.0,328.5,Digital Wallet,In-store,2024-09-18,False,1726617600
TXN_4498044,CUST_17,Furniture,Item_2_FUR,6.5,4.0,26.0,Cash,Online,2023-06-22,True,1687392000
TXN_9297266,CUST_16,Patisserie,Item_7_PAT,14.0,1.0,14.0,Digital Wallet,Online,2024-07-17,False,1721174400
TXN_6749563,CUST_15,Milk Products,Item_3_MILK,8.0,2.0,16.0,Cash,Online,2023-10-31,True,1698710400
TXN_5426061,CUST_12,Patisserie,Item_13_PAT,23.0,9.0,207.0,Cash,Online,2024-06-23,False,1719100800
TXN_4742105,CUST_23,Milk Products,Item_3_MILK,8.0,7.0,56.0,Credit Card,In-store,2023-12-09,False,1702080000
TXN_9188702,CUST_25,Milk Products,Item_6_MILK,12.5,2.0,25.0,Cash,Online,2024-07-20,False,1721433600
TXN_2996741,CUST_16,Beverages,Item_2_BEV,6.5,3.0,19.5,Credit Card,In-store,2022-08-08,False,1659916800
TXN_6195176,CUST_08,Beverages,Item_2_BEV,6.5,3.0,19.5,Cash,In-store,2023-06-10,False,1686355200
TXN_3032775,CUST_07,Computers and electric accessories,Item_3_CEA,8.0,4.0,32.0,Cash,Online,2022-05-14,True,1652486400
TXN_3624582,CUST_15,Milk Products,Item_16_MILK,27.5,9.0,247.5,Credit Card,In-store,2022-02-04,False,1643932800
TXN_8534609,CUST_14,Food,Item_17_FOOD,29.0,5.0,145.0,Cash,In-store,2023-03-08,True,1678233600
TXN_7393477,CUST_02,Food,Item_25_FOOD,41.0,8.0,328.0,Credit Card,In-store,2022-05-27,True,1653609600
TXN_5507888,CUST_23,Butchers,Item_6_BUT,12.5,6.0,75.0,Credit Card,In-store,2024-01-03,True,1704240000
TXN_6497599,CUST_21,Electric household essentials,Item_18_EHE,30.5,10.0,305.0,Cash,In-store,2023-01-23,True,1674432000
TXN_5733731,CUST_15,Computers and electric accessories,Item_6_CEA,12.5,4.0,50.0,Credit Card,Online,2022-12-24,False,1671840000
TXN_1374421,CUST_22,Beverages,Item_21_BEV,35.0,5.0,175.0,Cash,Online,2023-05-19,False,1684454400
TXN_9179801,CUST_23,Patisserie,Item_22_PAT,36.5,3.0,109.5,Digital Wallet,Online,2023-12-05,True,1701734400
TXN_7133375,CUST_22,Milk Products,Item_1_MILK,5.0,10.0,50.0,Digital Wallet,Online,2023-09-18,False,1694995200
TXN_9534913,CUST_24,Electric household essentials,Item_8_EHE,15.5,9.0,139.5,Cash,Online,2022-02-27,False,1645920000
TXN_4782357,CUST_13,Patisserie,Item_13_PAT,23.0,5.0,115.0,Digital Wallet,In-store,2023-12-04,False,1701648000
TXN_6103372,CUST_23,Food,Item_13_FOOD,23.0,3.0,69.0,Credit Card,Online,2024-10-08,True,1728345600
TXN_4417302,CUST_11,Butchers,Item_15_BUT,26.0,9.0,234.0,Credit Card,Online,2024-09-05,False,1725494400
TXN_5504057,CUST_03,Patisserie,Item_17_PAT,29.0,4.0,116.0,Cash,In-store,2023-05-04,True,1683158400
TXN_8655955,CUST_09,Beverages,Item_24_BEV,39.5,6.0,237.0,Credit Card,Online,2023-04-29,False,1682726400
TXN_2592687,CUST_24,Butchers,Item_20_BUT,33.5,5.0,167.5,Digital Wallet,In-store,2024-07-26,True,1721952000
TXN_7729747,CUST_13,Food,Item_20_FOOD,33.5,5.0,167.5,Credit Card,In-store,2023-06-29,False,1687996800
TXN_6562987,CUST_20,Computers and electric accessories,Item_12_CEA,21.5,4.0,86.0,Cash,In-store,2024-06-19,True,1718755200
TXN_2283214,CUST_02,Butchers,Item_7_BUT,14.0,10.0,140.0,Digital Wallet,Online,2023-12-02,True,1701475200
TXN_2227872,CUST_03,Furniture,Item_24_FUR,39.5,7.0,276.5,Digital Wallet,In-store,2024-05-27,True,1716768000
TXN_7728635,CUST_08,Food,Item_10_FOOD,18.5,3.0,55.5,Digital Wallet,In-store,2022-02-08,False,1644278400
TXN_7239144,CUST_21,Food,Item_5_FOOD,11.0,7.0,77.0,Cash,Online,2023-10-15,True,1697328000
TXN_6191176,CUST_16,Computers and electric accessories,Item_15_CEA,26.0,1.0,26.0,Digital Wallet,Online,2024-10-11,False,1728604800
TXN_5268893,CUST_13,Food,Item_5_FOOD,11.0,3.0,33.0,Cash,Online,2024-01-20,False,1705708800
TXN_9147712,CUST_01,Milk Products,Item_6_MILK,12.5,2.0,25.0,Cash,Online,2023-08-07,True,1691366400
TXN_5014165,CUST_05,Food,Item_25_FOOD,41.0,9.0,369.0,Cash,In-store,2023-03-04,False,1677888000
TXN_9285106,CUST_23,Computers and electric accessories,Item_20_CEA,33.5,10.0,335.0,Credit Card,In-store,2024-06-18,True,1718668800
TXN_9435490,CUST_10,Butchers,Item_14_BUT,24.5,10.0,245.0,Digital Wallet,In-store,2022-11-04,False,1667520000
TXN_1467177,CUST_10,Computers and electric accessories,Item_10_CEA,18.5,3.0,55.5,Credit Card,In-store,2022-10-13,True,1665619200
TXN_1498944,CUST_24,Electric household essentials,Item_10_EHE,18.5,8.0,148.0,Credit Card,Online,2023-04-01,True,1680307200
TXN_4323023,CUST_20,Milk Products,Item_4_MILK,9.5,7.0,66.5,Cash,Online,2023-04-25,True,1682380800
TXN_4620886,CUST_19,Computers and electric accessories,Item_16_CEA,27.5,7.0,192.5,Cash,Online,2023-07-03,False,1688342400
TXN_5119763,CUST_22,Electric household essentials,Item_15_EHE,26.0,8.0,208.0,Digital Wallet,Online,2022-03-28,False,1648425600
TXN_5624506,CUST_18,Food,Item_13_FOOD,23.0,8.0,184.0,Digital Wallet,In-store,2024-10-12,False,1728691200
TXN_1007406,CUST_13,Beverages,Item_12_BEV,21.5,6.0,129.0,Credit Card,Online,2022-05-08,True,1651968000
TXN_6881262,CUST_03,Milk Products,Item_2_MILK,6.5,8.0,52.0,Cash,In-store,2022-12-12,True,1670803200
TXN_1521020,CUST_03,Computers and electric accessories,Item_15_CEA,26.0,6.0,156.0,Digital Wallet,Online,2022-01-30,True,1643500800
TXN_4219882,CUST_04,Computers and electric accessories,Item_18_CEA,30.5,7.0,213.5,Digital Wallet,Online,2023-07-10,True,1688947200
TXN_5847493,CUST_17,Beverages,Item_7_BEV,14.0,2.0,28.0,Digital Wallet,Online,2024-01-30,True,1706572800
TXN_9185169,CUST_14,Computers and electric accessories,Item_2_CEA,6.5,2.0,13.0,Credit Card,In-store,2023-05-12,False,1683849600
TXN_2984585,CUST_03,Milk Products,Item_17_MILK,29.0,8.0,232.0,Credit Card,In-store,2023-09-20,True,1695168000
TXN_3218155,CUST_19,Electric household essentials,Item_1_EHE,5.0,6.0,30.0,Credit Card,In-store,2024-07-17,True,1721174400
TXN_7855916,CUST_14,Patisserie,Item_15_PAT,26.0,4.0,104.0,Cash,Online,2022-08-11,True,1660176000
TXN_6593940,CUST_04,Milk Products,Item_23_MILK,38.0,3.0,114.0,Digital Wallet,In-store,2024-07-26,True,1721952000
TXN_2883529,CUST_08,Furniture,Item_15_FUR,26.0,9.0,234.0,Credit Card,Online,2022-11-05,False,1667606400
TXN_1320747,CUST_11,Milk Products,Item_13_MILK,23.0,8.0,184.0,Digital Wallet,In-store,2023-03-10,False,1678406400
TXN_1543544,CUST_23,Butchers,Item_17_BUT,29.0,2.0,58.0,Credit Card,In-store,2023-01-05,True,1672876800
TXN_8245994,CUST_17,Food,Item_10_FOOD,18.5,7.0,129.5,Credit Card,In-store,2022-01-13,False,1642032000
TXN_7683878,CUST_21,Patisserie,Item_25_PAT,41.0,2.0,82.0,Credit Card,In-store,2024-11-05,True,1730764800
TXN_7989495,CUST_15,Computers and electric accessories,Item_12_CEA,21.5,9.0,193.5,Credit Card,Online,2023-01-12,False,1673481600
TXN_2521668,CUST_06,Furniture,Item_24_FUR,39.5,5.0,197.5,Cash,In-store,2024-08-31,True,1725062400
TXN_5859843,CUST_13,Furniture,Item_8_FUR,15.5,10.0,155.0,Credit Card,Online,2025-01-09,False,1736380800
TXN_4298643,CUST_07,Furniture,Item_16_FUR,27.5,2.0,55.0,Digital Wallet,Online,2024-02-14,False,1707868800
TXN_2262639,CUST_23,Furniture,Item_25_FUR,41.0,7.0,287.0,Cash,In-store,2023-12-13,True,1702425600
TXN_5034932,CUST_23,Computers and electric accessories,Item_10_CEA,18.5,10.0,185.0,Digital Wallet,Online,2023-09-28,True,1695859200
TXN_5399331,CUST_22,Furniture,Item_7_FUR,14.0,10.0,140.0,Credit Card,Online,2024-08-08,False,1723075200
TXN_5473549,CUST_10,Computers and electric accessories,Item_21_CEA,35.0,4.0,140.0,Credit Card,Online,2024-03-28,True,1711584000
TXN_8022355,CUST_06,Computers and electric accessories,Item_8_CEA,15.5,7.0,108.5,Credit Card,Online,2023-09-25,True,1695600000
TXN_8898496,CUST_08,Food,Item_4_FOOD,9.5,2.0,19.0,Credit Card,Online,2023-12-13,True,1702425600
TXN_3019913,CUST_18,Milk Products,Item_6_MILK,12.5,10.0,125.0,Cash,Online,2024-02-16,True,1708041600
TXN_2374475,CUST_01,Furniture,Item_16_FUR,27.5,4.0,110.0,Credit Card,In-store,2024-10-28,False,1730073600
TXN_5136594,CUST_14,Patisserie,Item_18_PAT,30.5,7.0,213.5,Credit Card,In-store,2022-03-23,False,1647993600
TXN_5877044,CUST_03,Electric household essentials,Item_13_EHE,23.0,5.0,115.0,Digital Wallet,In-store,2023-04-13,False,1681344000
TXN_4799944,CUST_06,Furniture,Item_15_FUR,26.0,6.0,156.0,Digital Wallet,In-store,2022-01-16,False,1642291200
TXN_2177659,CUST_14,Electric household essentials,Item_11_EHE,20.0,1.0,20.0,Digital Wallet,Online,2024-07-03,True,1719964800
TXN_1930172,CUST_06,Patisserie,Item_8_PAT,15.5,6.0,93.0,Credit Card,In-store,2022-08-03,False,1659484800
TXN_4348674,CUST_02,Milk Products,Item_14_MILK,24.5,5.0,122.5,Cash,Online,2022-02-27,False,1645920000
TXN_8831517,CUST_08,Computers and electric accessories,Item_20_CEA,33.5,1.0,33.5,Cash,In-store,2022-04-21,True,1650499200
TXN_9358684,CUST_17,Beverages,Item_11_BEV,20.0,6.0,120.0,Credit Card,Online,2024-04-24,False,1713916800
TXN_7470621,CUST_02,Electric household essentials,Item_20_EHE,33.5,3.0,100.5,Cash,Online,2024-04-20,True,1713571200
TXN_6289960,CUST_16,Butchers,Item_21_BUT,35.0,4.0,140.0,Credit Card,In-store,2023-01-03,True,1672704000
TXN_4376968,CUST_22,Furniture,Item_6_FUR,12.5,2.0,25.0,Digital Wallet,In-store,2024-08-05,False,1722816000
TXN_2943718,CUST_24,Food,Item_11_FOOD,20.0,1.0,20.0,Digital Wallet,Online,2023-02-24,False,1677196800
TXN_3651432,CUST_25,Furniture,Item_24_FUR,39.5,1.0,39.5,Digital Wallet,In-store,2024-04-13,True,1712966400
TXN_4271465,CUST_17,Milk Products,Item_1_MILK,5.0,2.0,10.0,Credit Card,Online,2022-11-29,False,1669680000
TXN_2159908,CUST_09,Butchers,Item_20_BUT,33.5,4.0,134.0,Cash,Online,2024-08-15,True,1723680000
TXN_3985056,CUST_24,Computers and electric accessories,Item_20_CEA,33.5,3.0,100.5,Credit Card,In-store,2023-06-28,True,1687910400
TXN_2889258,CUST_25,Beverages,Item_18_BEV,30.5,6.0,183.0,Digital Wallet,In-store,2023-08-28,False,1693180800
TXN_4909298,CUST_13,Milk Products,Item_6_MILK,12.5,7.0,87.5,Credit Card,Online,2022-10-02,True,1664668800
TXN_3979567,CUST_15,Computers and electric accessories,Item_10_CEA,18.5,2.0,37.0,Digital Wallet,In-store,2024-11-21,True,1732147200
TXN_8071580,CUST_20,Milk Products,Item_22_MILK,36.5,1.0,36.5,Digital Wallet,In-store,2022-09-03,False,1662163200
TXN_1726200,CUST_20,Milk Products,Item_3_MILK,8.0,9.0,72.0,Cash,In-store,2024-08-05,True,1722816000
TXN_6462908,CUST_19,Beverages,Item_25_BEV,41.0,8.0,328.0,Cash,Online,2024-09-18,True,1726617600
TXN_9922695,CUST_21,Butchers,Item_13_BUT,23.0,3.0,69.0,Cash,Online,2023-05-05,False,1683244800
TXN_3133019,CUST_21,Furniture,Item_8_FUR,15.5,9.0,139.5,Digital Wallet,Online,2024-01-01,True,1704067200
TXN_3333623,CUST_15,Furniture,Item_18_FUR,30.5,4.0,122.0,Credit Card,Online,2022-12-27,True,1672099200
TXN_2242368,CUST_06,Food,Item_24_FOOD,39.5,6.0,237.0,Cash,Online,2024-09-18,True,1726617600
TXN_8962338,CUST_20,Butchers,Item_20_BUT,33.5,10.0,335.0,Credit Card,In-store,2024-07-31,False,1722384000
TXN_1031335,CUST_21,Electric household essentials,Item_6_EHE,12.5,6.0,75.0,Cash,In-store,2024-11-19,False,1731974400
TXN_1375951,CUST_14,Patisserie,Item_22_PAT,36.5,2.0,73.0,Credit Card,Online,2023-04-15,False,1681516800
TXN_9229067,CUST_17,Beverages,Item_14_BEV,24.5,5.0,122.5,Credit Card,In-store,2023-07-11,False,1689033600
TXN_1271965,CUST_12,Patisserie,Item_6_PAT,12.5,10.0,125.0,Digital Wallet,Online,2024-08-10,False,1723248000
TXN_1575979,CUST_14,Furniture,Item_14_FUR,24.5,5.0,122.5,Digital Wallet,In-store,2024-01-23,True,1705968000
TXN_6281250,CUST_04,Patisserie,Item_13_PAT,23.0,4.0,92.0,Cash,In-store,2023-09-21,False,1695254400
TXN_5636940,CUST_02,Electric household essentials,Item_17_EHE,29.0,4.0,116.0,Cash,Online,2022-10-16,False,1665878400
TXN_2472483,CUST_21,Electric household essentials,Item_19_EHE,32.0,2.0,64.0,Credit Card,Online,2022-09-18,True,1663459200
TXN_7633588,CUST_04,Beverages,Item_23_BEV,38.0,8.0,304.0,Digital Wallet,In-store,2024-03-20,False,1710892800
TXN_7686075,CUST_15,Electric household essentials,Item_16_EHE,27.5,2.0,55.0,Credit Card,Online,2023-12-31,True,1703980800
TXN_6621370,CUST_14,Computers and electric accessories,Item_16_CEA,27.5,2.0,55.0,Digital Wallet,Online,2023-12-24,True,1703376000
TXN_1135450,CUST_03,Food,Item_20_FOOD,33.5,8.0,268.0,Credit Card,Online,2024-10-03,False,1727913600
TXN_2275670,CUST_09,Beverages,Item_7_BEV,14.0,3.0,42.0,Digital Wallet,Online,2023-04-01,False,1680307200
TXN_7349203,CUST_13,Butchers,Item_6_BUT,12.5,9.0,112.5,Cash,In-store,2024-03-08,True,1709856000
TXN_8169977,CUST_09,Food,Item_15_FOOD,26.0,3.0,78.0,Credit Card,Online,2024-10-09,False,1728432000
TXN_4990516,CUST_23,Milk Products,Item_13_MILK,23.0,2.0,46.0,Digital Wallet,Online,2023-10-19,True,1697673600
TXN_2269494,CUST_11,Computers and electric accessories,Item_19_CEA,32.0,10.0,320.0,Digital Wallet,Online,2023-11-30,True,1701302400
TXN_7473324,CUST_16,Milk Products,Item_19_MILK,32.0,2.0,64.0,Cash,Online,2022-02-05,True,1644019200
TXN_2911719,CUST_02,Computers and electric accessories,Item_7_CEA,14.0,4.0,56.0,Cash,Online,2024-06-06,True,1717632000
TXN_2601626,CUST_18,Electric household essentials,Item_17_EHE,29.0,4.0,116.0,Cash,Online,2022-09-03,True,1662163200
TXN_7995037,CUST_02,Patisserie,Item_7_PAT,14.0,2.0,28.0,Credit Card,In-store,2022-12-16,False,1671148800
TXN_4251424,CUST_24,Computers and electric accessories,Item_7_CEA,14.0,5.0,70.0,Digital Wallet,In-store,2024-04-22,False,1713744000
TXN_2328957,CUST_11,Computers and electric accessories,Item_19_CEA,32.0,2.0,64.0,Digital Wallet,Online,2023-10-02,False,1696204800
TXN_1938135,CUST_17,Butchers,Item_25_BUT,41.0,10.0,410.0,Digital Wallet,In-store,2023-12-20,True,1703030400
TXN_8086025,CUST_20,Milk Products,Item_13_MILK,23.0,10.0,230.0,Digital Wallet,In-store,2022-05-10,True,1652140800
TXN_7196109,CUST_08,Patisserie,Item_16_PAT,27.5,10.0,275.0,Digital Wallet,Online,2024-12-20,False,1734652800
TXN_1173263,CUST_13,Electric household essentials,Item_8_EHE,15.5,7.0,108.5,Digital Wallet,Online,2022-07-31,True,1659225600
TXN_2424303,CUST_21,Furniture,Item_8_FUR,15.5,8.0,124.0,Cash,Online,2022-12-18,True,1671321600
TXN_3073415,CUST_24,Beverages,Item_1_BEV,5.0,4.0,20.0,Cash,In-store,2022-07-31,False,1659225600
TXN_8304885,CUST_20,Furniture,Item_16_FUR,27.5,5.0,137.5,Cash,Online,2023-05-22,True,1684713600
TXN_2688839,CUST_05,Patisserie,Item_2_PAT,6.5,1.0,6.5,Cash,Online,2022-02-19,True,1645228800
TXN_8033989,CUST_06,Beverages,Item_2_BEV,6.5,5.0,32.5,Cash,In-store,2024-08-29,True,1724889600
TXN_4499063,CUST_20,Butchers,Item_13_BUT,23.0,2.0,46.0,Digital Wallet,In-store,2022-10-18,True,1666051200
TXN_6084238,CUST_11,Milk Products,Item_1_MILK,5.0,2.0,10.0,Credit Card,In-store,2023-10-28,False,1698451200
TXN_9717005,CUST_01,Computers and electric accessories,Item_12_CEA,21.5,8.0,172.0,Credit Card,Online,2022-02-02,False,1643760000
TXN_1086487,CUST_07,Beverages,Item_16_BEV,27.5,1.0,27.5,Credit Card,In-store,2025-01-05,False,1736035200
TXN_4091555,CUST_21,Butchers,Item_15_BUT,26.0,6.0,156.0,Credit Card,Online,2022-08-01,True,1659312000
TXN_5472933,CUST_10,Milk Products,Item_19_MILK,32.0,9.0,288.0,Cash,In-store,2022-05-12,False,1652313600
TXN_8756781,CUST_11,Furniture,Item_8_FUR,15.5,4.0,62.0,Credit Card,Online,2024-01-14,False,1705190400
TXN_4942365,CUST_13,Furniture,Item_11_FUR,20.0,1.0,20.0,Digital Wallet,Online,2023-12-29,True,1703808000
TXN_3571860,CUST_20,Furniture,Item_20_FUR,33.5,3.0,100.5,Cash,Online,2024-01-15,True,1705276800
TXN_1021886,CUST_04,Butchers,Item_8_BUT,15.5,5.0,77.5,Cash,Online,2022-02-26,True,1645833600
TXN_4349417,CUST_24,Beverages,Item_4_BEV,9.5,7.0,66.5,Digital Wallet,In-store,2024-03-10,False,1710028800
TXN_2734987,CUST_21,Electric household essentials,Item_15_EHE,26.0,3.0,78.0,Credit Card,In-store,2024-05-31,False,1717113600
TXN_2992467,CUST_22,Electric household essentials,Item_17_EHE,29.0,7.0,203.0,Credit Card,Online,2024-12-27,False,1735257600
TXN_7349078,CUST_24,Beverages,Item_24_BEV,39.5,1.0,39.5,Credit Card,Online,2022-01-14,False,1642118400
TXN_9972948,CUST_02,Milk Products,Item_11_MILK,20.0,4.0,80.0,Credit Card,Online,2024-09-02,False,1725235200
TXN_7920383,CUST_15,Computers and electric accessories,Item_16_CEA,27.5,4.0,110.0,Cash,In-store,2023-12-24,True,1703376000
TXN_8520397,CUST_12,Electric household essentials,Item_25_EHE,41.0,10.0,410.0,Credit Card,Online,2024-03-27,True,1711497600
TXN_1324362,CUST_19,Butchers,Item_20_BUT,33.5,8.0,268.0,Credit Card,Online,2023-02-15,False,1676419200
TXN_2025713,CUST_06,Computers and electric accessories,Item_19_CEA,32.0,5.0,160.0,Digital Wallet,In-store,2024-11-21,True,1732147200
TXN_3748778,CUST_10,Patisserie,Item_4_PAT,9.5,8.0,76.0,Cash,Online,2023-01-29,False,1674950400
TXN_7446233,CUST_09,Food,Item_21_FOOD,35.0,5.0,175.0,Cash,Online,2022-01-03,True,1641168000
TXN_6457805,CUST_12,Electric household essentials,Item_11_EHE,20.0,4.0,80.0,Cash,Online,2024-02-27,False,1708992000
TXN_3219067,CUST_14,Milk Products,Item_19_MILK,32.0,9.0,288.0,Cash,In-store,2022-09-06,False,1662422400
TXN_4639732,CUST_11,Beverages,Item_19_BEV,32.0,2.0,64.0,Cash,In-store,2023-09-27,False,1695772800
TXN_9238807,CUST_09,Patisserie,Item_13_PAT,23.0,4.0,92.0,Credit Card,Online,2022-08-24,True,1661299200
TXN_9995284,CUST_07,Food,Item_17_FOOD,29.0,3.0,87.0,Cash,Online,2024-12-22,True,1734825600
TXN_6111288,CUST_05,Patisserie,Item_17_PAT,29.0,10.0,290.0,Cash,Online,2023-11-01,False,1698796800
TXN_8246090,CUST_15,Electric household essentials,Item_6_EHE,12.5,3.0,37.5,Digital Wallet,Online,2024-11-15,True,1731628800
TXN_7602284,CUST_17,Patisserie,Item_14_PAT,24.5,8.0,196.0,Cash,In-store,2024-03-17,False,1710633600
TXN_8218353,CUST_18,Furniture,Item_24_FUR,39.5,5.0,197.5,Credit Card,In-store,2024-01-18,True,1705536000
TXN_5711730,CUST_05,Electric household essentials,Item_11_EHE,20.0,1.0,20.0,Digital Wallet,In-store,2023-09-25,True,1695600000
TXN_9622632,CUST_02,Furniture,Item_11_FUR,20.0,4.0,80.0,Credit Card,In-store,2024-12-26,True,1735171200
TXN_9202193,CUST_02,Computers and electric accessories,Item_14_CEA,24.5,2.0,49.0,Cash,Online,2022-05-09,True,1652054400
TXN_6188727,CUST_16,Computers and electric accessories,Item_1_CEA,5.0,6.0,30.0,Cash,Online,2025-01-11,False,1736553600
TXN_7669237,CUST_22,Food,Item_11_FOOD,20.0,5.0,100.0,Credit Card,Online,2024-03-16,False,1710547200
TXN_1661404,CUST_09,Computers and electric accessories,Item_2_CEA,6.5,3.0,19.5,Credit Card,Online,2024-08-09,True,1723161600
TXN_4802346,CUST_10,Beverages,Item_2_BEV,6.5,10.0,65.0,Cash,In-store,2023-03-14,False,1678752000
TXN_9385378,CUST_05,Food,Item_10_FOOD,18.5,8.0,148.0,Credit Card,In-store,2024-11-08,True,1731024000
TXN_3822308,CUST_02,Electric household essentials,Item_4_EHE,9.5,6.0,57.0,Cash,In-store,2024-05-06,False,1714953600
TXN_4113425,CUST_15,Milk Products,Item_16_MILK,27.5,4.0,110.0,Credit Card,In-store,2022-09-20,False,1663632000
TXN_9847074,CUST_05,Food,Item_25_FOOD,41.0,6.0,246.0,Digital Wallet,Online,2024-11-14,False,1731542400
TXN_2554615,CUST_21,Computers and electric accessories,Item_15_CEA,26.0,8.0,208.0,Digital Wallet,Online,2024-11-04,False,1730678400
TXN_6683839,CUST_18,Computers and electric accessories,Item_22_CEA,36.5,3.0,109.5,Digital Wallet,In-store,2024-05-18,True,1715990400
TXN_7504022,CUST_16,Food,Item_25_FOOD,41.0,5.0,205.0,Cash,In-store,2023-04-07,True,1680825600
TXN_7584688,CUST_05,Patisserie,Item_24_PAT,39.5,3.0,118.5,Credit Card,In-store,2022-09-27,True,1664236800
TXN_3357305,CUST_01,Food,Item_1_FOOD,5.0,7.0,35.0,Credit Card,In-store,2024-11-12,False,1731369600
TXN_6402496,CUST_13,Furniture,Item_4_FUR,9.5,5.0,47.5,Cash,In-store,2022-08-26,True,1661472000
TXN_1396754,CUST_18,Milk Products,Item_8_MILK,15.5,4.0,62.0,Digital Wallet,In-store,2022-05-07,True,1651881600
TXN_9654199,CUST_12,Patisserie,Item_23_PAT,38.0,5.0,190.0,Digital Wallet,In-store,2024-03-04,True,1709510400
TXN_7978593,CUST_19,Electric household essentials,Item_12_EHE,21.5,4.0,86.0,Credit Card,Online,2024-07-03,True,1719964800
TXN_9948170,CUST_14,Electric household essentials,Item_25_EHE,41.0,9.0,369.0,Digital Wallet,In-store,2022-04-27,True,1651017600
TXN_2804850,CUST_17,Butchers,Item_1_BUT,5.0,3.0,15.0,Credit Card,In-store,2024-02-13,True,1707782400
TXN_9510703,CUST_11,Food,Item_7_FOOD,14.0,8.0,112.0,Digital Wallet,Online,2022-05-24,True,1653350400
TXN_2049510,CUST_20,Beverages,Item_11_BEV,20.0,1.0,20.0,Digital Wallet,In-store,2024-09-04,False,1725408000
TXN_3559457,CUST_23,Food,Item_6_FOOD,12.5,3.0,37.5,Digital Wallet,Online,2024-01-17,True,1705449600
TXN_2831531,CUST_10,Patisserie,Item_24_PAT,39.5,6.0,237.0,Cash,Online,2023-06-19,True,1687132800
TXN_6882208,CUST_10,Beverages,Item_20_BEV,33.5,8.0,268.0,Credit Card,In-store,2025-01-01,False,1735689600
TXN_8048041,CUST_14,Butchers,Item_25_BUT,41.0,10.0,410.0,Credit Card,In-store,2023-12-25,True,1703462400
TXN_8588818,CUST_17,Electric household essentials,Item_17_EHE,29.0,3.0,87.0,Credit Card,In-store,2022-12-18,True,1671321600
TXN_3530165,CUST_23,Computers and electric accessories,Item_16_CEA,27.5,9.0,247.5,Cash,In-store,2024-01-01,False,1704067200
TXN_1781066,CUST_15,Computers and electric accessories,Item_11_CEA,20.0,10.0,200.0,Digital Wallet,In-store,2023-04-17,True,1681689600
TXN_4206956,CUST_20,Furniture,Item_11_FUR,20.0,8.0,160.0,Digital Wallet,In-store,2023-02-27,True,1677456000
TXN_1179280,CUST_01,Food,Item_3_FOOD,8.0,9.0,72.0,Credit Card,In-store,2023-10-02,False,1696204800
TXN_1886375,CUST_12,Furniture,Item_4_FUR,9.5,5.0,47.5,Cash,In-store,2023-01-01,True,1672531200
TXN_6012730,CUST_21,Electric household essentials,Item_11_EHE,20.0,5.0,100.0,Digital Wallet,In-store,2022-05-14,False,1652486400
TXN_7324451,CUST_02,Beverages,Item_2_BEV,6.5,5.0,32.5,Credit Card,In-store,2024-08-03,True,1722643200
TXN_3841708,CUST_23,Beverages,Item_22_BEV,36.5,8.0,292.0,Digital Wallet,Online,2023-03-23,False,1679529600
TXN_2733243,CUST_01,Computers and electric accessories,Item_11_CEA,20.0,1.0,20.0,Cash,Online,2022-05-14,False,1652486400
TXN_4850024,CUST_01,Milk Products,Item_8_MILK,15.5,1.0,15.5,Cash,Online,2022-09-30,True,1664496000
TXN_4005322,CUST_03,Butchers,Item_25_BUT,41.0,2.0,82.0,Cash,Online,2022-05-15,True,1652572800
TXN_2206834,CUST_25,Milk Products,Item_3_MILK,8.0,1.0,8.0,Credit Card,In-store,2022-01-07,True,1641513600
TXN_2839564,CUST_11,Patisserie,Item_18_PAT,30.5,8.0,244.0,Cash,Online,2024-10-27,True,1729987200
TXN_6991509,CUST_25,Furniture,Item_5_FUR,11.0,2.0,22.0,Credit Card,Online,2024-03-30,False,1711756800
TXN_5813861,CUST_04,Furniture,Item_8_FUR,15.5,6.0,93.0,Cash,In-store,2022-04-17,False,1650153600
TXN_1358739,CUST_25,Computers and electric accessories,Item_1_CEA,5.0,4.0,20.0,Digital Wallet,In-store,2023-01-03,True,1672704000
TXN_8522671,CUST_03,Electric household essentials,Item_25_EHE,41.0,6.0,246.0,Credit Card,In-store,2022-12-01,True,1669852800
TXN_9495725,CUST_07,Milk Products,Item_13_MILK,23.0,1.0,23.0,Credit Card,Online,2023-08-13,True,1691884800
TXN_4822783,CUST_12,Furniture,Item_15_FUR,26.0,1.0,26.0,Digital Wallet,Online,2024-03-02,True,1709337600
TXN_1054983,CUST_15,Milk Products,Item_8_MILK,15.5,7.0,108.5,Credit Card,In-store,2024-10-09,True,1728432000
TXN_9145017,CUST_15,Furniture,Item_24_FUR,39.5,2.0,79.0,Credit Card,In-store,2022-09-30,True,1664496000
TXN_1632041,CUST_02,Furniture,Item_23_FUR,38.0,1.0,38.0,Digital Wallet,In-store,2022-05-10,True,1652140800
TXN_6234785,CUST_10,Milk Products,Item_3_MILK,8.0,6.0,48.0,Cash,Online,2024-10-27,False,1729987200
TXN_7203061,CUST_01,Furniture,Item_24_FUR,39.5,9.0,355.5,Credit Card,Online,2024-05-10,False,1715299200
TXN_4799937,CUST_01,Milk Products,Item_11_MILK,20.0,2.0,40.0,Cash,In-store,2024-12-10,False,1733788800
TXN_8389178,CUST_05,Beverages,Item_24_BEV,39.5,1.0,39.5,Credit Card,Online,2022-11-13,False,1668297600
TXN_7978551,CUST_20,Beverages,Item_21_BEV,35.0,9.0,315.0,Digital Wallet,Online,2023-02-12,True,1676160000
TXN_4118770,CUST_20,Furniture,Item_5_FUR,11.0,1.0,11.0,Cash,In-store,2023-04-05,False,1680652800
TXN_8048422,CUST_17,Computers and electric accessories,Item_20_CEA,33.5,7.0,234.5,Digital Wallet,Online,2023-05-13,False,1683936000
TXN_5386745,CUST_01,Patisserie,Item_8_PAT,15.5,8.0,124.0,Credit Card,In-store,2024-01-21,True,1705795200
TXN_7670389,CUST_21,Milk Products,Item_7_MILK,14.0,8.0,112.0,Credit Card,In-store,2023-12-17,True,1702771200
TXN_7512354,CUST_13,Milk Products,Item_3_MILK,8.0,3.0,24.0,Credit Card,Online,2022-09-13,False,1663027200
TXN_8961010,CUST_07,Computers and electric accessories,Item_13_CEA,23.0,7.0,161.0,Credit Card,In-store,2024-09-03,False,1725321600
TXN_4298899,CUST_11,Food,Item_14_FOOD,24.5,6.0,147.0,Digital Wallet,Online,2024-04-27,False,1714176000
TXN_4956684,CUST_23,Furniture,Item_8_FUR,15.5,2.0,31.0,Cash,Online,2022-04-18,True,1650240000
TXN_5974928,CUST_01,Patisserie,Item_3_PAT,8.0,7.0,56.0,Digital Wallet,In-store,2024-09-01,True,1725148800
TXN_5978654,CUST_17,Beverages,Item_3_BEV,8.0,5.0,40.0,Credit Card,Online,2022-08-12,False,1660262400
TXN_7691551,CUST_22,Butchers,Item_23_BUT,38.0,6.0,228.0,Cash,Online,2023-11-25,True,1700870400
TXN_6374273,CUST_07,Butchers,Item_20_BUT,33.5,2.0,67.0,Cash,In-store,2022-05-03,True,1651536000
TXN_4407240,CUST_17,Butchers,Item_20_BUT,33.5,6.0,201.0,Digital Wallet,In-store,2023-12-12,False,1702339200
TXN_4195517,CUST_19,Food,Item_25_FOOD,41.0,3.0,123.0,Credit Card,In-store,2023-11-17,False,1700179200
TXN_3592034,CUST_11,Milk Products,Item_22_MILK,36.5,3.0,109.5,Credit Card,Online,2024-05-27,False,1716768000
TXN_2833523,CUST_24,Computers and electric accessories,Item_11_CEA,20.0,3.0,60.0,Credit Card,In-store,2023-04-30,False,1682812800
TXN_3745950,CUST_11,Butchers,Item_7_BUT,14.0,7.0,98.0,Digital Wallet,In-store,2022-08-08,True,1659916800
TXN_8351890,CUST_15,Computers and electric accessories,Item_11_CEA,20.0,3.0,60.0,Credit Card,In-store,2022-05-09,False,1652054400
TXN_4485519,CUST_24,Food,Item_12_FOOD,21.5,10.0,215.0,Digital Wallet,In-store,2024-12-02,False,1733097600
TXN_9600643,CUST_19,Patisserie,Item_24_PAT,39.5,5.0,197.5,Digital Wallet,In-store,2022-09-09,True,1662681600
TXN_3615748,CUST_01,Computers and electric accessories,Item_16_CEA,27.5,7.0,192.5,Credit Card,Online,2024-12-06,False,1733443200
TXN_4180652,CUST_11,Milk Products,Item_6_MILK,12.5,3.0,37.5,Digital Wallet,In-store,2023-06-15,False,1686787200
TXN_3314650,CUST_13,Electric household essentials,Item_4_EHE,9.5,5.0,47.5,Digital Wallet,Online,2024-08-06,False,1722902400
TXN_4276598,CUST_16,Milk Products,Item_1_MILK,5.0,9.0,45.0,Digital Wallet,Online,2023-11-27,False,1701043200
TXN_9049794,CUST_19,Computers and electric accessories,Item_12_CEA,21.5,7.0,150.5,Cash,In-store,2023-06-22,False,1687392000
TXN_8469057,CUST_06,Food,Item_10_FOOD,18.5,5.0,92.5,Cash,In-store,2024-11-29,False,1732838400
TXN_1487869,CUST_12,Butchers,Item_19_BUT,32.0,6.0,192.0,Credit Card,Online,2022-01-30,True,1643500800
TXN_9036403,CUST_25,Furniture,Item_15_FUR,26.0,8.0,208.0,Cash,In-store,2024-08-15,True,1723680000
TXN_9364997,CUST_25,Furniture,Item_2_FUR,6.5,2.0,13.0,Cash,In-store,2022-08-02,True,1659398400
TXN_2228445,CUST_08,Milk Products,Item_24_MILK,39.5,8.0,316.0,Credit Card,In-store,2023-05-02,False,1682985600
TXN_4893054,CUST_19,Butchers,Item_24_BUT,39.5,4.0,158.0,Digital Wallet,In-store,2024-07-28,True,1722124800
TXN_4824314,CUST_04,Beverages,Item_19_BEV,32.0,9.0,288.0,Digital Wallet,Online,2023-11-29,False,1701216000
TXN_2823976,CUST_15,Butchers,Item_22_BUT,36.5,9.0,328.5,Cash,Online,2023-11-08,False,1699401600
TXN_4623433,CUST_05,Food,Item_13_FOOD,23.0,1.0,23.0,Credit Card,Online,2023-01-25,False,1674604800
TXN_3201646,CUST_18,Furniture,Item_22_FUR,36.5,3.0,109.5,Credit Card,Online,2023-10-05,False,1696464000
TXN_6621029,CUST_17,Milk Products,Item_16_MILK,27.5,8.0,220.0,Cash,Online,2023-01-27,True,1674777600
TXN_9159149,CUST_20,Beverages,Item_19_BEV,32.0,8.0,256.0,Digital Wallet,In-store,2024-05-21,True,1716249600
TXN_8957827,CUST_22,Computers and electric accessories,Item_17_CEA,29.0,2.0,58.0,Cash,Online,2023-11-21,True,1700524800
TXN_5665870,CUST_24,Beverages,Item_2_BEV,6.5,3.0,19.5,Digital Wallet,Online,2024-06-10,True,1717977600
TXN_8950168,CUST_08,Computers and electric accessories,Item_5_CEA,11.0,4.0,44.0,Cash,Online,2024-08-17,True,1723852800
TXN_6217772,CUST_20,Milk Products,Item_5_MILK,11.0,5.0,55.0,Credit Card,Online,2024-03-24,True,1711238400
TXN_4292272,CUST_14,Beverages,Item_14_BEV,24.5,5.0,122.5,Cash,Online,2022-06-14,False,1655164800
TXN_9315594,CUST_25,Butchers,Item_13_BUT,23.0,2.0,46.0,Credit Card,In-store,2024-07-22,False,1721606400
TXN_6122892,CUST_12,Patisserie,Item_15_PAT,26.0,9.0,234.0,Credit Card,In-store,2024-01-12,True,1705017600
TXN_1633301,CUST_02,Computers and electric accessories,Item_7_CEA,14.0,1.0,14.0,Digital Wallet,Online,2024-11-05,True,1730764800
TXN_5986903,CUST_05,Butchers,Item_3_BUT,8.0,3.0,24.0,Digital Wallet,Online,2022-07-26,False,1658793600
TXN_7858668,CUST_24,Patisserie,Item_11_PAT,20.0,10.0,200.0,Cash,Online,2022-09-14,False,1663113600
TXN_7780286,CUST_05,Beverages,Item_24_BEV,39.5,10.0,395.0,Credit Card,Online,2022-09-14,False,1663113600
TXN_4748839,CUST_06,Furniture,Item_20_FUR,33.5,4.0,134.0,Digital Wallet,In-store,2022-07-22,False,1658448000
TXN_7864253,CUST_08,Computers and electric accessories,Item_17_CEA,29.0,1.0,29.0,Digital Wallet,In-store,2023-03-11,True,1678492800
TXN_9864806,CUST_24,Milk Products,Item_16_MILK,27.5,7.0,192.5,Cash,Online,2023-06-04,False,1685836800
TXN_9014477,CUST_08,Food,Item_21_FOOD,35.0,7.0,245.0,Credit Card,In-store,2022-07-29,True,1659052800
TXN_3604276,CUST_09,Butchers,Item_22_BUT,36.5,3.0,109.5,Cash,In-store,2024-02-09,False,1707436800
TXN_8324311,CUST_09,Electric household essentials,Item_13_EHE,23.0,6.0,138.0,Credit Card,Online,2022-09-19,True,1663545600
TXN_3031477,CUST_18,Butchers,Item_19_BUT,32.0,8.0,256.0,Digital Wallet,Online,2025-01-03,False,1735862400
TXN_2615090,CUST_04,Patisserie,Item_16_PAT,27.5,4.0,110.0,Cash,Online,2022-08-02,True,1659398400
TXN_7406153,CUST_18,Computers and electric accessories,Item_7_CEA,14.0,5.0,70.0,Digital Wallet,Online,2024-08-10,False,1723248000
TXN_5710740,CUST_16,Butchers,Item_23_BUT,38.0,10.0,380.0,Digital Wallet,Online,2024-04-25,True,1714003200
TXN_7013242,CUST_24,Electric household essentials,Item_25_EHE,41.0,8.0,328.0,Digital Wallet,In-store,2022-11-07,False,1667779200
TXN_5984900,CUST_14,Food,Item_24_FOOD,39.5,6.0,237.0,Cash,Online,2022-08-12,False,1660262400
TXN_5116993,CUST_04,Furniture,Item_21_FUR,35.0,9.0,315.0,Digital Wallet,Online,2024-05-21,True,1716249600
TXN_9501320,CUST_24,Beverages,Item_11_BEV,20.0,8.0,160.0,Credit Card,Online,2022-07-14,False,1657756800
TXN_3701082,CUST_14,Electric household essentials,Item_15_EHE,26.0,10.0,260.0,Digital Wallet,In-store,2024-08-26,False,1724630400
TXN_8747801,CUST_12,Butchers,Item_6_BUT,12.5,7.0,87.5,Digital Wallet,In-store,2023-06-29,True,1687996800
TXN_3734067,CUST_21,Beverages,Item_7_BEV,14.0,8.0,112.0,Credit Card,In-store,2023-11-24,True,1700784000
TXN_4583596,CUST_10,Food,Item_11_FOOD,20.0,6.0,120.0,Digital Wallet,In-store,2022-03-04,True,1646352000
TXN_4114856,CUST_09,Furniture,Item_6_FUR,12.5,5.0,62.5,Credit Card,In-store,2024-02-06,False,1707177600
TXN_8181223,CUST_01,Beverages,Item_21_BEV,35.0,9.0,315.0,Cash,In-store,2024-09-23,False,1727049600
TXN_8493109,CUST_07,Food,Item_20_FOOD,33.5,1.0,33.5,Cash,Online,2022-03-21,True,1647820800
TXN_7049983,CUST_15,Beverages,Item_19_BEV,32.0,6.0,192.0,Digital Wallet,Online,2022-02-07,True,1644192000
TXN_3632878,CUST_13,Milk Products,Item_13_MILK,23.0,10.0,230.0,Cash,Online,2022-11-20,True,1668902400
TXN_7515524,CUST_16,Furniture,Item_1_FUR,5.0,3.0,15.0,Digital Wallet,Online,2023-10-16,True,1697414400
TXN_9872413,CUST_21,Food,Item_20_FOOD,33.5,8.0,268.0,Digital Wallet,In-store,2024-06-22,False,1719014400
TXN_1978695,CUST_22,Patisserie,Item_23_PAT,38.0,9.0,342.0,Cash,Online,2022-09-23,False,1663891200
TXN_9845980,CUST_13,Patisserie,Item_4_PAT,9.5,5.0,47.5,Digital Wallet,Online,2024-05-13,True,1715558400
TXN_6415917,CUST_24,Butchers,Item_12_BUT,21.5,10.0,215.0,Cash,In-store,2023-03-10,True,1678406400
TXN_3659154,CUST_06,Beverages,Item_23_BEV,38.0,10.0,380.0,Digital Wallet,In-store,2024-09-02,True,1725235200
TXN_8023340,CUST_14,Butchers,Item_22_BUT,36.5,8.0,292.0,Cash,Online,2023-10-04,True,1696377600
TXN_2686535,CUST_24,Computers and electric accessories,Item_20_CEA,33.5,2.0,67.0,Cash,Online,2024-03-16,False,1710547200
TXN_2494013,CUST_01,Patisserie,Item_25_PAT,41.0,1.0,41.0,Credit Card,Online,2022-10-12,False,1665532800
TXN_9331528,CUST_23,Electric household essentials,Item_19_EHE,32.0,4.0,128.0,Cash,Online,2023-12-22,False,1703203200
TXN_9261258,CUST_05,Milk Products,Item_7_MILK,14.0,9.0,126.0,Credit Card,Online,2024-03-02,True,1709337600
TXN_7310262,CUST_09,Butchers,Item_20_BUT,33.5,10.0,335.0,Credit Card,Online,2024-04-12,False,1712880000
TXN_2985156,CUST_15,Furniture,Item_6_FUR,12.5,6.0,75.0,Digital Wallet,Online,2023-01-30,True,1675036800
TXN_9429383,CUST_22,Furniture,Item_20_FUR,33.5,7.0,234.5,Digital Wallet,In-store,2024-06-30,False,1719705600
TXN_5690221,CUST_06,Food,Item_22_FOOD,36.5,1.0,36.5,Digital Wallet,In-store,2022-10-06,True,1665014400
TXN_5428176,CUST_03,Patisserie,Item_24_PAT,39.5,3.0,118.5,Cash,Online,2022-03-12,False,1647043200
TXN_3119039,CUST_13,Furniture,Item_1_FUR,5.0,5.0,25.0,Digital Wallet,In-store,2024-07-13,False,1720828800
TXN_7030551,CUST_18,Patisserie,Item_13_PAT,23.0,10.0,230.0,Cash,In-store,2022-10-18,False,1666051200
TXN_7366633,CUST_18,Beverages,Item_20_BEV,33.5,8.0,268.0,Digital Wallet,Online,2024-07-23,False,1721692800
TXN_9324731,CUST_14,Milk Products,Item_8_MILK,15.5,1.0,15.5,Digital Wallet,In-store,2022-08-08,True,1659916800
TXN_4804748,CUST_19,Patisserie,Item_14_PAT,24.5,5.0,122.5,Cash,In-store,2023-06-10,True,1686355200
TXN_6039236,CUST_13,Food,Item_14_FOOD,24.5,10.0,245.0,Credit Card,In-store,2024-01-31,True,1706659200
TXN_7755532,CUST_19,Computers and electric accessories,Item_7_CEA,14.0,5.0,70.0,Credit Card,In-store,2022-04-20,False,1650412800
TXN_4955324,CUST_17,Butchers,Item_25_BUT,41.0,6.0,246.0,Digital Wallet,In-store,2022-01-10,True,1641772800
TXN_9610207,CUST_04,Furniture,Item_10_FUR,18.5,2.0,37.0,Cash,In-store,2023-04-05,False,1680652800
TXN_6216918,CUST_20,Patisserie,Item_22_PAT,36.5,8.0,292.0,Cash,In-store,2022-07-07,True,1657152000
TXN_7565200,CUST_05,Milk Products,Item_13_MILK,23.0,8.0,184.0,Credit Card,Online,2023-12-09,False,1702080000
TXN_4497756,CUST_21,Patisserie,Item_18_PAT,30.5,4.0,122.0,Digital Wallet,Online,2023-06-18,False,1687046400
TXN_3839456,CUST_20,Furniture,Item_24_FUR,39.5,10.0,395.0,Cash,Online,2025-01-10,True,1736467200
TXN_3561701,CUST_02,Food,Item_25_FOOD,41.0,7.0,287.0,Credit Card,In-store,2024-01-30,False,1706572800
TXN_3330864,CUST_05,Furniture,Item_6_FUR,12.5,10.0,125.0,Cash,Online,2023-02-03,True,1675382400
TXN_2698076,CUST_19,Food,Item_3_FOOD,8.0,7.0,56.0,Digital Wallet,Online,2022-11-17,False,1668643200
TXN_8463034,CUST_02,Electric household essentials,Item_13_EHE,23.0,9.0,207.0,Credit Card,Online,2023-09-30,False,1696032000
TXN_7065551,CUST_04,Butchers,Item_8_BUT,15.5,5.0,77.5,Digital Wallet,In-store,2023-02-09,False,1675900800
TXN_6139701,CUST_18,Food,Item_25_FOOD,41.0,9.0,369.0,Digital Wallet,Online,2022-05-30,False,1653868800
TXN_7959866,CUST_06,Computers and electric accessories,Item_5_CEA,11.0,8.0,88.0,Cash,In-store,2024-03-29,True,1711670400
TXN_4299688,CUST_24,Beverages,Item_22_BEV,36.5,9.0,328.5,Credit Card,In-store,2024-11-30,True,1732924800
TXN_7904311,CUST_14,Beverages,Item_8_BEV,15.5,10.0,155.0,Credit Card,Online,2023-06-04,True,1685836800
TXN_4287690,CUST_11,Beverages,Item_13_BEV,23.0,3.0,69.0,Digital Wallet,In-store,2023-12-08,True,1701993600
TXN_9952907,CUST_09,Food,Item_22_FOOD,36.5,1.0,36.5,Credit Card,Online,2024-10-18,False,1729209600
TXN_3135491,CUST_18,Milk Products,Item_23_MILK,38.0,7.0,266.0,Credit Card,Online,2022-03-16,False,1647388800
TXN_7540068,CUST_14,Electric household essentials,Item_8_EHE,15.5,4.0,62.0,Digital Wallet,In-store,2024-06-12,True,1718150400
TXN_1377584,CUST_19,Food,Item_17_FOOD,29.0,4.0,116.0,Digital Wallet,In-store,2022-09-29,False,1664409600
TXN_9271504,CUST_02,Butchers,Item_23_BUT,38.0,3.0,114.0,Digital Wallet,Online,2023-05-26,True,1685059200
TXN_3297916,CUST_25,Beverages,Item_20_BEV,33.5,1.0,33.5,Credit Card,In-store,2024-06-15,True,1718409600
TXN_8624218,CUST_16,Beverages,Item_11_BEV,20.0,8.0,160.0,Cash,Online,2022-08-03,False,1659484800
TXN_4835761,CUST_12,Butchers,Item_15_BUT,26.0,5.0,130.0,Credit Card,In-store,2024-06-19,True,1718755200
TXN_8229653,CUST_03,Butchers,Item_18_BUT,30.5,7.0,213.5,Digital Wallet,Online,2023-09-16,True,1694822400
TXN_3792062,CUST_14,Butchers,Item_20_BUT,33.5,10.0,335.0,Cash,Online,2024-06-17,False,1718582400
TXN_9113601,CUST_14,Food,Item_14_FOOD,24.5,6.0,147.0,Cash,In-store,2022-04-07,False,1649289600
TXN_4925908,CUST_02,Electric household essentials,Item_7_EHE,14.0,10.0,140.0,Credit Card,Online,2023-02-04,True,1675468800
TXN_4934703,CUST_12,Computers and electric accessories,Item_19_CEA,32.0,1.0,32.0,Cash,Online,2024-11-25,True,1732492800
TXN_9256189,CUST_20,Butchers,Item_15_BUT,26.0,2.0,52.0,Cash,Online,2023-09-09,True,1694217600
TXN_2904791,CUST_13,Patisserie,Item_4_PAT,9.5,4.0,38.0,Cash,In-store,2023-06-01,True,1685577600
TXN_1383415,CUST_01,Beverages,Item_1_BEV,5.0,9.0,45.0,Digital Wallet,Online,2022-12-30,True,1672358400
TXN_3463769,CUST_02,Milk Products,Item_2_MILK,6.5,1.0,6.5,Digital Wallet,Online,2024-11-01,False,1730419200
TXN_4864903,CUST_10,Food,Item_12_FOOD,21.5,4.0,86.0,Credit Card,Online,2023-08-19,False,1692403200
TXN_4495427,CUST_06,Milk Products,Item_15_MILK,26.0,8.0,208.0,Cash,Online,2024-04-04,False,1712188800
TXN_8384866,CUST_03,Milk Products,Item_2_MILK,6.5,8.0,52.0,Cash,In-store,2022-06-24,False,1656028800
TXN_8570954,CUST_16,Electric household essentials,Item_19_EHE,32.0,9.0,288.0,Cash,In-store,2024-04-23,True,1713830400
TXN_2573050,CUST_11,Computers and electric accessories,Item_10_CEA,18.5,9.0,166.5,Credit Card,Online,2022-10-11,True,1665446400
TXN_4399717,CUST_16,Milk Products,Item_2_MILK,6.5,2.0,13.0,Credit Card,In-store,2022-12-15,True,1671062400
TXN_1245067,CUST_21,Food,Item_18_FOOD,30.5,1.0,30.5,Credit Card,Online,2023-08-15,False,1692057600
TXN_6902800,CUST_24,Beverages,Item_22_BEV,36.5,4.0,146.0,Credit Card,Online,2023-08-17,False,1692230400
TXN_1900258,CUST_16,Food,Item_3_FOOD,8.0,2.0,16.0,Credit Card,In-store,2022-06-16,True,1655337600
TXN_5969269,CUST_04,Beverages,Item_19_BEV,32.0,8.0,256.0,Cash,In-store,2024-07-29,True,1722211200
TXN_6096878,CUST_20,Food,Item_1_FOOD,5.0,2.0,10.0,Credit Card,Online,2023-01-02,True,1672617600
TXN_5611269,CUST_23,Patisserie,Item_24_PAT,39.5,4.0,158.0,Credit Card,Online,2024-08-08,True,1723075200
TXN_9996372,CUST_25,Computers and electric accessories,Item_11_CEA,20.0,2.0,40.0,Digital Wallet,Online,2024-11-11,True,1731283200
TXN_6450930,CUST_21,Beverages,Item_8_BEV,15.5,9.0,139.5,Digital Wallet,Online,2023-12-06,True,1701820800
TXN_7510339,CUST_07,Computers and electric accessories,Item_22_CEA,36.5,7.0,255.5,Cash,Online,2023-08-09,False,1691539200
TXN_8615825,CUST_19,Furniture,Item_25_FUR,41.0,1.0,41.0,Credit Card,Online,2022-03-20,True,1647734400
TXN_9423173,CUST_08,Food,Item_11_FOOD,20.0,6.0,120.0,Credit Card,In-store,2022-07-12,False,1657584000
TXN_9224384,CUST_10,Food,Item_4_FOOD,9.5,6.0,57.0,Credit Card,In-store,2023-06-23,False,1687478400
TXN_1334745,CUST_05,Patisserie,Item_25_PAT,41.0,4.0,164.0,Digital Wallet,In-store,2022-06-24,True,1656028800
TXN_5862349,CUST_19,Milk Products,Item_19_MILK,32.0,6.0,192.0,Credit Card,In-store,2025-01-08,False,1736294400
TXN_7250843,CUST_10,Patisserie,Item_23_PAT,38.0,1.0,38.0,Credit Card,In-store,2022-06-27,True,1656288000
TXN_2246570,CUST_21,Patisserie,Item_23_PAT,38.0,9.0,342.0,Cash,In-store,2022-06-11,False,1654905600
TXN_6030366,CUST_17,Furniture,Item_2_FUR,6.5,6.0,39.0,Digital Wallet,In-store,2022-11-30,True,1669766400
TXN_6979245,CUST_13,Electric household essentials,Item_5_EHE,11.0,4.0,44.0,Cash,In-store,2022-05-08,True,1651968000
TXN_8336383,CUST_08,Beverages,Item_23_BEV,38.0,4.0,152.0,Digital Wallet,In-store,2022-06-22,True,1655856000
TXN_2477647,CUST_03,Food,Item_4_FOOD,9.5,2.0,19.0,Credit Card,Online,2024-04-22,True,1713744000
TXN_8634272,CUST_03,Patisserie,Item_8_PAT,15.5,7.0,108.5,Credit Card,In-store,2023-01-23,False,1674432000
TXN_7782524,CUST_02,Electric household essentials,Item_15_EHE,26.0,9.0,234.0,Digital Wallet,Online,2022-06-12,False,1654992000
TXN_1188415,CUST_18,Electric household essentials,Item_1_EHE,5.0,5.0,25.0,Cash,In-store,2025-01-15,False,1736899200
TXN_5736213,CUST_21,Butchers,Item_24_BUT,39.5,9.0,355.5,Cash,In-store,2024-05-06,False,1714953600
TXN_3764016,CUST_21,Electric household essentials,Item_15_EHE,26.0,2.0,52.0,Cash,Online,2022-09-04,False,1662249600
TXN_3100291,CUST_10,Computers and electric accessories,Item_15_CEA,26.0,8.0,208.0,Cash,Online,2023-06-16,False,1686873600
TXN_4568923,CUST_08,Food,Item_9_FOOD,17.0,8.0,136.0,Digital Wallet,Online,2022-07-26,False,1658793600
TXN_4857957,CUST_25,Patisserie,Item_12_PAT,21.5,8.0,172.0,Digital Wallet,Online,2024-04-11,True,1712793600
TXN_6192944,CUST_19,Electric household essentials,Item_20_EHE,33.5,8.0,268.0,Digital Wallet,In-store,2025-01-03,False,1735862400
TXN_3622317,CUST_13,Electric household essentials,Item_10_EHE,18.5,2.0,37.0,Cash,Online,2023-02-25,False,1677283200
TXN_5782730,CUST_05,Beverages,Item_8_BEV,15.5,3.0,46.5,Digital Wallet,In-store,2022-10-03,False,1664755200
TXN_3895137,CUST_08,Beverages,Item_7_BEV,14.0,4.0,56.0,Credit Card,Online,2023-03-29,False,1680048000
TXN_7129969,CUST_18,Furniture,Item_1_FUR,5.0,5.0,25.0,Credit Card,In-store,2022-03-19,True,1647648000
TXN_5459776,CUST_24,Food,Item_14_FOOD,24.5,2.0,49.0,Digital Wallet,Online,2024-10-01,False,1727740800
TXN_7510517,CUST_05,Butchers,Item_10_BUT,18.5,3.0,55.5,Digital Wallet,Online,2024-03-10,False,1710028800
TXN_6030067,CUST_11,Milk Products,Item_12_MILK,21.5,4.0,86.0,Cash,Online,2022-03-15,False,1647302400
TXN_3847123,CUST_22,Butchers,Item_12_BUT,21.5,10.0,215.0,Credit Card,Online,2024-06-21,False,1718928000
TXN_3018500,CUST_11,Food,Item_5_FOOD,11.0,6.0,66.0,Cash,In-store,2023-05-24,False,1684886400
TXN_7869463,CUST_14,Computers and electric accessories,Item_17_CEA,29.0,8.0,232.0,Credit Card,Online,2023-03-11,False,1678492800
TXN_5916266,CUST_23,Food,Item_10_FOOD,18.5,3.0,55.5,Digital Wallet,Online,2023-10-19,False,1697673600
TXN_4993247,CUST_23,Electric household essentials,Item_23_EHE,38.0,2.0,76.0,Credit Card,Online,2022-03-07,False,1646611200
TXN_1417703,CUST_17,Milk Products,Item_1_MILK,5.0,8.0,40.0,Cash,In-store,2024-06-07,True,1717718400
TXN_5715686,CUST_06,Electric household essentials,Item_25_EHE,41.0,8.0,328.0,Digital Wallet,In-store,2025-01-07,True,1736208000
TXN_1456033,CUST_12,Milk Products,Item_4_MILK,9.5,6.0,57.0,Digital Wallet,In-store,2023-08-18,False,1692316800
TXN_6977040,CUST_13,Food,Item_5_FOOD,11.0,7.0,77.0,Digital Wallet,Online,2023-03-31,False,1680220800
TXN_5647147,CUST_05,Electric household essentials,Item_10_EHE,18.5,6.0,111.0,Credit Card,Online,2024-05-16,False,1715817600
TXN_2997461,CUST_05,Electric household essentials,Item_8_EHE,15.5,8.0,124.0,Credit Card,In-store,2023-09-18,True,1694995200
TXN_7944224,CUST_15,Beverages,Item_16_BEV,27.5,3.0,82.5,Cash,Online,2023-09-11,False,1694390400
TXN_6998087,CUST_13,Milk Products,Item_20_MILK,33.5,8.0,268.0,Cash,In-store,2024-08-06,True,1722902400
TXN_4541403,CUST_09,Patisserie,Item_6_PAT,12.5,10.0,125.0,Digital Wallet,Online,2023-12-18,True,1702857600
TXN_6843971,CUST_01,Beverages,Item_25_BEV,41.0,4.0,164.0,Credit Card,In-store,2022-08-07,True,1659830400
TXN_1745928,CUST_17,Computers and electric accessories,Item_1_CEA,5.0,1.0,5.0,Credit Card,Online,2024-10-11,True,1728604800
TXN_1714851,CUST_14,Milk Products,Item_18_MILK,30.5,5.0,152.5,Cash,In-store,2024-09-24,False,1727136000
TXN_1007496,CUST_01,Butchers,Item_8_BUT,15.5,10.0,155.0,Credit Card,Online,2024-02-05,True,1707091200
TXN_2391758,CUST_09,Computers and electric accessories,Item_2_CEA,6.5,5.0,32.5,Credit Card,Online,2022-10-01,True,1664582400
TXN_9816119,CUST_08,Beverages,Item_8_BEV,15.5,8.0,124.0,Digital Wallet,Online,2022-08-26,False,1661472000
TXN_5069350,CUST_24,Furniture,Item_15_FUR,26.0,7.0,182.0,Credit Card,In-store,2024-10-01,True,1727740800
TXN_9501460,CUST_11,Milk Products,Item_15_MILK,26.0,5.0,130.0,Digital Wallet,In-store,2023-03-25,False,1679702400
TXN_6524933,CUST_15,Food,Item_22_FOOD,36.5,10.0,365.0,Cash,In-store,2022-03-13,True,1647129600
TXN_1777125,CUST_21,Food,Item_11_FOOD,20.0,9.0,180.0,Credit Card,Online,2024-08-23,False,1724371200
TXN_4548524,CUST_15,Computers and electric accessories,Item_10_CEA,18.5,3.0,55.5,Credit Card,Online,2023-08-19,False,1692403200
TXN_2092827,CUST_25,Milk Products,Item_18_MILK,30.5,1.0,30.5,Digital Wallet,Online,2023-10-01,False,1696118400
TXN_7882600,CUST_03,Milk Products,Item_11_MILK,20.0,8.0,160.0,Credit Card,Online,2022-04-16,False,1650067200
TXN_2014914,CUST_07,Patisserie,Item_17_PAT,29.0,8.0,232.0,Cash,In-store,2023-09-14,False,1694649600
TXN_1155401,CUST_06,Milk Products,Item_19_MILK,32.0,2.0,64.0,Digital Wallet,In-store,2024-12-07,False,1733529600
TXN_2412514,CUST_20,Beverages,Item_2_BEV,6.5,2.0,13.0,Cash,In-store,2023-06-20,False,1687219200
TXN_6878154,CUST_14,Butchers,Item_17_BUT,29.0,5.0,145.0,Digital Wallet,Online,2022-04-22,True,1650585600
TXN_9649810,CUST_04,Food,Item_11_FOOD,20.0,7.0,140.0,Credit Card,In-store,2024-03-07,True,1709769600
TXN_2910275,CUST_03,Computers and electric accessories,Item_17_CEA,29.0,5.0,145.0,Digital Wallet,Online,2022-01-22,False,1642809600
TXN_6437443,CUST_24,Patisserie,Item_4_PAT,9.5,8.0,76.0,Digital Wallet,In-store,2024-11-26,False,1732579200
TXN_9930574,CUST_14,Food,Item_1_FOOD,5.0,7.0,35.0,Digital Wallet,Online,2022-03-16,True,1647388800
TXN_4717804,CUST_21,Patisserie,Item_11_PAT,20.0,6.0,120.0,Digital Wallet,Online,2022-10-28,False,1666915200
TXN_4411069,CUST_08,Food,Item_11_FOOD,20.0,10.0,200.0,Digital Wallet,In-store,2022-05-06,False,1651795200
TXN_7980565,CUST_04,Computers and electric accessories,Item_20_CEA,33.5,1.0,33.5,Digital Wallet,Online,2022-05-17,False,1652745600
TXN_3843648,CUST_16,Electric household essentials,Item_12_EHE,21.5,7.0,150.5,Digital Wallet,Online,2022-05-18,False,1652832000
TXN_5732305,CUST_21,Butchers,Item_13_BUT,23.0,1.0,23.0,Credit Card,Online,2022-02-05,True,1644019200
TXN_4887526,CUST_01,Patisserie,Item_2_PAT,6.5,3.0,19.5,Cash,In-store,2023-03-03,False,1677801600
TXN_9104482,CUST_10,Computers and electric accessories,Item_10_CEA,18.5,8.0,148.0,Cash,In-store,2022-03-09,True,1646784000
TXN_6919349,CUST_16,Computers and electric accessories,Item_17_CEA,29.0,9.0,261.0,Credit Card,In-store,2024-01-22,False,1705881600
TXN_1601678,CUST_13,Furniture,Item_20_FUR,33.5,7.0,234.5,Credit Card,Online,2023-10-12,True,1697068800
TXN_5798862,CUST_05,Furniture,Item_24_FUR,39.5,3.0,118.5,Credit Card,Online,2024-07-28,False,1722124800
TXN_1860120,CUST_01,Furniture,Item_25_FUR,41.0,10.0,410.0,Digital Wallet,Online,2022-01-19,True,1642550400
TXN_9993420,CUST_07,Patisserie,Item_15_PAT,26.0,5.0,130.0,Credit Card,In-store,2024-09-29,False,1727568000
TXN_6501326,CUST_05,Beverages,Item_21_BEV,35.0,8.0,280.0,Digital Wallet,Online,2023-07-04,False,1688428800
TXN_6066679,CUST_11,Electric household essentials,Item_13_EHE,23.0,2.0,46.0,Credit Card,Online,2023-03-09,False,1678320000
TXN_2372254,CUST_14,Food,Item_17_FOOD,29.0,6.0,174.0,Digital Wallet,Online,2024-04-02,True,1712016000
TXN_3629874,CUST_23,Butchers,Item_7_BUT,14.0,8.0,112.0,Digital Wallet,In-store,2024-09-18,True,1726617600
TXN_8834665,CUST_15,Food,Item_10_FOOD,18.5,6.0,111.0,Credit Card,Online,2023-08-24,True,1692835200
TXN_1234299,CUST_15,Butchers,Item_19_BUT,32.0,10.0,320.0,Digital Wallet,Online,2022-02-17,True,1645056000
TXN_9442698,CUST_15,Furniture,Item_2_FUR,6.5,7.0,45.5,Digital Wallet,Online,2023-10-20,True,1697760000
TXN_5195842,CUST_19,Patisserie,Item_2_PAT,6.5,9.0,58.5,Cash,Online,2023-02-10,False,1675987200
TXN_6812056,CUST_10,Patisserie,Item_10_PAT,18.5,10.0,185.0,Cash,In-store,2024-07-03,True,1719964800
TXN_4221582,CUST_19,Electric household essentials,Item_18_EHE,30.5,10.0,305.0,Digital Wallet,Online,2022-07-25,True,1658707200
TXN_1185788,CUST_11,Milk Products,Item_6_MILK,12.5,7.0,87.5,Digital Wallet,Online,2023-09-07,True,1694044800
TXN_4294387,CUST_08,Furniture,Item_2_FUR,6.5,10.0,65.0,Credit Card,In-store,2023-10-22,True,1697932800
TXN_4621950,CUST_04,Computers and electric accessories,Item_12_CEA,21.5,8.0,172.0,Digital Wallet,Online,2025-01-08,False,1736294400
TXN_1311636,CUST_14,Food,Item_16_FOOD,27.5,1.0,27.5,Cash,Online,2022-02-09,False,1644364800
TXN_8475452,CUST_17,Electric household essentials,Item_18_EHE,30.5,2.0,61.0,Credit Card,In-store,2022-07-04,False,1656892800
TXN_8602784,CUST_06,Electric household essentials,Item_12_EHE,21.5,10.0,215.0,Credit Card,Online,2023-08-20,False,1692489600
TXN_6052024,CUST_17,Furniture,Item_19_FUR,32.0,3.0,96.0,Cash,In-store,2022-01-08,True,1641600000
TXN_8262460,CUST_18,Patisserie,Item_24_PAT,39.5,5.0,197.5,Digital Wallet,In-store,2022-07-24,False,1658620800
TXN_1222659,CUST_17,Beverages,Item_19_BEV,32.0,5.0,160.0,Digital Wallet,In-store,2022-06-22,True,1655856000
TXN_2818628,CUST_13,Electric household essentials,Item_11_EHE,20.0,2.0,40.0,Digital Wallet,In-store,2023-12-25,False,1703462400
TXN_6977757,CUST_19,Furniture,Item_25_FUR,41.0,1.0,41.0,Digital Wallet,In-store,2023-12-21,False,1703116800
TXN_9252945,CUST_24,Computers and electric accessories,Item_20_CEA,33.5,1.0,33.5,Digital Wallet,Online,2023-06-23,False,1687478400
TXN_7036290,CUST_15,Patisserie,Item_17_PAT,29.0,9.0,261.0,Cash,Online,2023-07-25,True,1690243200
TXN_1859382,CUST_14,Food,Item_12_FOOD,21.5,6.0,129.0,Credit Card,In-store,2022-03-22,False,1647907200
TXN_3110652,CUST_07,Food,Item_5_FOOD,11.0,8.0,88.0,Credit Card,In-store,2023-03-08,False,1678233600
TXN_2886160,CUST_19,Butchers,Item_22_BUT,36.5,7.0,255.5,Digital Wallet,In-store,2022-11-23,False,1669161600
TXN_6037062,CUST_04,Butchers,Item_20_BUT,33.5,10.0,335.0,Digital Wallet,Online,2022-08-13,False,1660348800
TXN_4139468,CUST_21,Computers and electric accessories,Item_19_CEA,32.0,8.0,256.0,Credit Card,Online,2024-08-03,True,1722643200
TXN_7739444,CUST_04,Milk Products,Item_23_MILK,38.0,9.0,342.0,Cash,In-store,2023-05-25,False,1684972800
TXN_6516663,CUST_15,Butchers,Item_18_BUT,30.5,9.0,274.5,Credit Card,Online,2022-02-24,False,1645660800
TXN_4025118,CUST_01,Butchers,Item_21_BUT,35.0,5.0,175.0,Credit Card,Online,2022-12-14,False,1670976000
TXN_2163566,CUST_24,Butchers,Item_21_BUT,35.0,6.0,210.0,Credit Card,In-store,2022-02-09,False,1644364800
TXN_3870638,CUST_20,Beverages,Item_8_BEV,15.5,5.0,77.5,Credit Card,Online,2025-01-10,False,1736467200
TXN_8815455,CUST_18,Beverages,Item_14_BEV,24.5,2.0,49.0,Digital Wallet,Online,2023-06-18,False,1687046400
TXN_7132270,CUST_09,Patisserie,Item_12_PAT,21.5,1.0,21.5,Cash,Online,2022-06-21,False,1655769600
TXN_6262851,CUST_18,Furniture,Item_20_FUR,33.5,5.0,167.5,Credit Card,Online,2024-08-12,False,1723420800
TXN_1508429,CUST_09,Butchers,Item_3_BUT,8.0,5.0,40.0,Credit Card,In-store,2022-12-10,True,1670630400
TXN_1614532,CUST_05,Milk Products,Item_18_MILK,30.5,3.0,91.5,Cash,In-store,2023-07-17,False,1689552000
TXN_9270142,CUST_15,Milk Products,Item_4_MILK,9.5,4.0,38.0,Credit Card,In-store,2024-03-26,False,1711411200
TXN_4845720,CUST_10,Patisserie,Item_12_PAT,21.5,5.0,107.5,Cash,In-store,2022-04-06,False,1649203200
TXN_3817044,CUST_17,Food,Item_2_FOOD,6.5,6.0,39.0,Digital Wallet,Online,2023-02-21,False,1676937600
TXN_8123535,CUST_05,Food,Item_21_FOOD,35.0,2.0,70.0,Cash,In-store,2024-01-14,False,1705190400
TXN_9723263,CUST_03,Beverages,Item_23_BEV,38.0,1.0,38.0,Digital Wallet,In-store,2022-06-27,True,1656288000
TXN_9701245,CUST_03,Patisserie,Item_12_PAT,21.5,9.0,193.5,Credit Card,In-store,2023-09-26,False,1695686400
TXN_2511487,CUST_24,Computers and electric accessories,Item_19_CEA,32.0,10.0,320.0,Credit Card,Online,2024-01-05,True,1704412800
TXN_5562599,CUST_15,Beverages,Item_20_BEV,33.5,8.0,268.0,Digital Wallet,In-store,2022-09-02,True,1662076800
TXN_6407825,CUST_08,Computers and electric accessories,Item_12_CEA,21.5,1.0,21.5,Digital Wallet,In-store,2024-11-08,True,1731024000
TXN_3051611,CUST_10,Patisserie,Item_17_PAT,29.0,6.0,174.0,Cash,Online,2022-02-21,False,1645401600
TXN_6825299,CUST_08,Computers and electric accessories,Item_11_CEA,20.0,2.0,40.0,Credit Card,In-store,2023-11-22,False,1700611200
TXN_2232017,CUST_11,Food,Item_13_FOOD,23.0,8.0,184.0,Cash,In-store,2023-04-18,True,1681776000
TXN_3194714,CUST_03,Computers and electric accessories,Item_2_CEA,6.5,2.0,13.0,Credit Card,Online,2023-02-14,False,1676332800
TXN_4621919,CUST_12,Patisserie,Item_4_PAT,9.5,2.0,19.0,Credit Card,Online,2024-05-08,False,1715126400
TXN_9487070,CUST_11,Beverages,Item_14_BEV,24.5,4.0,98.0,Digital Wallet,In-store,2024-03-26,False,1711411200
TXN_9388162,CUST_25,Electric household essentials,Item_6_EHE,12.5,5.0,62.5,Credit Card,In-store,2023-08-01,True,1690848000
TXN_6260322,CUST_08,Electric household essentials,Item_22_EHE,36.5,3.0,109.5,Credit Card,Online,2022-02-15,False,1644883200
TXN_8243756,CUST_15,Computers and electric accessories,Item_11_CEA,20.0,1.0,20.0,Credit Card,Online,2023-07-01,True,1688169600
TXN_2912595,CUST_11,Computers and electric accessories,Item_12_CEA,21.5,4.0,86.0,Digital Wallet,Online,2022-10-17,False,1665964800
TXN_1411096,CUST_07,Patisserie,Item_4_PAT,9.5,1.0,9.5,Digital Wallet,Online,2024-06-14,False,1718323200
TXN_4721517,CUST_12,Computers and electric accessories,Item_12_CEA,21.5,4.0,86.0,Digital Wallet,Online,2022-01-24,False,1642982400
TXN_8822878,CUST_18,Beverages,Item_9_BEV,17.0,1.0,17.0,Cash,Online,2022-12-01,False,1669852800
TXN_5439767,CUST_18,Furniture,Item_2_FUR,6.5,2.0,13.0,Cash,In-store,2023-09-19,True,1695081600
TXN_6491456,CUST_04,Computers and electric accessories,Item_3_CEA,8.0,6.0,48.0,Cash,In-store,2023-12-21,True,1703116800
TXN_4682990,CUST_07,Food,Item_25_FOOD,41.0,1.0,41.0,Digital Wallet,In-store,2024-09-19,False,1726704000
TXN_9965946,CUST_02,Beverages,Item_18_BEV,30.5,7.0,213.5,Digital Wallet,In-store,2023-06-10,False,1686355200
TXN_6407088,CUST_22,Milk Products,Item_1_MILK,5.0,8.0,40.0,Digital Wallet,Online,2022-12-10,True,1670630400
TXN_9013951,CUST_09,Milk Products,Item_8_MILK,15.5,9.0,139.5,Digital Wallet,In-store,2024-07-11,False,1720656000
TXN_2078236,CUST_15,Patisserie,Item_7_PAT,14.0,2.0,28.0,Digital Wallet,Online,2022-05-11,False,1652227200
TXN_5156735,CUST_11,Milk Products,Item_16_MILK,27.5,2.0,55.0,Cash,In-store,2024-07-23,True,1721692800
TXN_1317296,CUST_24,Furniture,Item_25_FUR,41.0,6.0,246.0,Cash,Online,2024-09-10,True,1725926400
TXN_3694588,CUST_11,Patisserie,Item_11_PAT,20.0,3.0,60.0,Credit Card,In-store,2024-12-07,True,1733529600
TXN_5185719,CUST_18,Electric household essentials,Item_11_EHE,20.0,2.0,40.0,Cash,In-store,2024-01-28,False,1706400000
TXN_1635054,CUST_10,Food,Item_3_FOOD,8.0,4.0,32.0,Cash,Online,2024-01-17,False,1705449600
TXN_7371264,CUST_13,Furniture,Item_2_FUR,6.5,8.0,52.0,Digital Wallet,In-store,2022-08-22,True,1661126400
TXN_6305251,CUST_01,Computers and electric accessories,Item_14_CEA,24.5,10.0,245.0,Credit Card,In-store,2024-10-27,True,1729987200
TXN_2680015,CUST_02,Butchers,Item_14_BUT,24.5,9.0,220.5,Credit Card,Online,2022-04-24,False,1650758400
TXN_8393738,CUST_10,Computers and electric accessories,Item_19_CEA,32.0,3.0,96.0,Credit Card,Online,2023-01-07,True,1673049600
TXN_1848524,CUST_11,Food,Item_11_FOOD,20.0,3.0,60.0,Credit Card,Online,2024-12-27,True,1735257600
TXN_7281592,CUST_02,Milk Products,Item_1_MILK,5.0,6.0,30.0,Cash,In-store,2023-05-30,False,1685404800
TXN_1466500,CUST_12,Food,Item_12_FOOD,21.5,3.0,64.5,Digital Wallet,In-store,2022-11-13,False,1668297600
TXN_8948810,CUST_05,Furniture,Item_25_FUR,41.0,5.0,205.0,Digital Wallet,In-store,2022-09-29,True,1664409600
TXN_4077245,CUST_11,Butchers,Item_16_BUT,27.5,1.0,27.5,Credit Card,In-store,2024-03-13,True,1710288000
TXN_1853686,CUST_07,Computers and electric accessories,Item_9_CEA,17.0,9.0,153.0,Digital Wallet,In-store,2024-04-20,True,1713571200
TXN_3966618,CUST_08,Furniture,Item_11_FUR,20.0,4.0,80.0,Digital Wallet,Online,2022-08-14,True,1660435200
TXN_8694029,CUST_07,Food,Item_18_FOOD,30.5,9.0,274.5,Credit Card,In-store,2023-03-11,False,1678492800
TXN_4451594,CUST_23,Patisserie,Item_22_PAT,36.5,8.0,292.0,Digital Wallet,Online,2022-10-19,True,1666137600
TXN_7407092,CUST_22,Electric household essentials,Item_8_EHE,15.5,6.0,93.0,Credit Card,Online,2023-03-08,False,1678233600
TXN_2750219,CUST_24,Patisserie,Item_12_PAT,21.5,2.0,43.0,Credit Card,Online,2024-02-06,False,1707177600
TXN_1695790,CUST_09,Furniture,Item_12_FUR,21.5,8.0,172.0,Cash,In-store,2024-05-04,True,1714780800
TXN_2681703,CUST_22,Patisserie,Item_17_PAT,29.0,10.0,290.0,Cash,Online,2024-04-06,True,1712361600
TXN_7412723,CUST_09,Electric household essentials,Item_20_EHE,33.5,1.0,33.5,Digital Wallet,In-store,2022-12-20,False,1671494400
TXN_8372453,CUST_25,Beverages,Item_22_BEV,36.5,8.0,292.0,Credit Card,Online,2024-11-30,False,1732924800
TXN_5664358,CUST_07,Computers and electric accessories,Item_21_CEA,35.0,1.0,35.0,Credit Card,Online,2022-01-04,False,1641254400
TXN_2906236,CUST_14,Patisserie,Item_20_PAT,33.5,5.0,167.5,Credit Card,In-store,2023-11-25,True,1700870400
TXN_5243487,CUST_10,Milk Products,Item_7_MILK,14.0,2.0,28.0,Credit Card,In-store,2024-09-17,True,1726531200
TXN_4577067,CUST_21,Milk Products,Item_16_MILK,27.5,4.0,110.0,Cash,In-store,2024-10-24,True,1729728000
TXN_2999995,CUST_19,Milk Products,Item_16_MILK,27.5,10.0,275.0,Cash,In-store,2024-06-18,True,1718668800
TXN_8005094,CUST_20,Beverages,Item_16_BEV,27.5,6.0,165.0,Credit Card,In-store,2022-09-29,False,1664409600
TXN_4164947,CUST_09,Furniture,Item_24_FUR,39.5,2.0,79.0,Digital Wallet,Online,2024-01-04,True,1704326400
TXN_3846015,CUST_19,Electric household essentials,Item_25_EHE,41.0,3.0,123.0,Digital Wallet,Online,2024-08-22,False,1724284800
TXN_7817857,CUST_01,Beverages,Item_4_BEV,9.5,3.0,28.5,Cash,Online,2022-07-04,False,1656892800
TXN_1505937,CUST_06,Electric household essentials,Item_17_EHE,29.0,1.0,29.0,Digital Wallet,Online,2023-06-04,False,1685836800
TXN_4274208,CUST_11,Butchers,Item_13_BUT,23.0,1.0,23.0,Credit Card,In-store,2022-07-31,True,1659225600
TXN_5721774,CUST_07,Food,Item_5_FOOD,11.0,8.0,88.0,Credit Card,Online,2024-01-13,False,1705104000
TXN_1966034,CUST_13,Beverages,Item_20_BEV,33.5,4.0,134.0,Digital Wallet,In-store,2024-08-26,True,1724630400
TXN_8286837,CUST_15,Milk Products,Item_7_MILK,14.0,1.0,14.0,Credit Card,In-store,2023-12-19,False,1702944000
TXN_4363648,CUST_09,Electric household essentials,Item_19_EHE,32.0,2.0,64.0,Cash,Online,2023-07-23,True,1690070400
TXN_1986816,CUST_16,Patisserie,Item_23_PAT,38.0,4.0,152.0,Credit Card,Online,2023-01-17,False,1673913600
TXN_6617830,CUST_23,Patisserie,Item_13_PAT,23.0,10.0,230.0,Cash,In-store,2024-02-28,False,1709078400
TXN_9895162,CUST_09,Food,Item_1_FOOD,5.0,1.0,5.0,Credit Card,Online,2024-05-18,True,1715990400
TXN_2254132,CUST_25,Furniture,Item_21_FUR,35.0,7.0,245.0,Digital Wallet,Online,2024-05-07,False,1715040000
TXN_7166227,CUST_06,Patisserie,Item_1_PAT,5.0,2.0,10.0,Cash,In-store,2022-09-18,True,1663459200
TXN_4114556,CUST_21,Patisserie,Item_8_PAT,15.5,3.0,46.5,Cash,Online,2023-02-26,False,1677369600
TXN_6026363,CUST_20,Computers and electric accessories,Item_10_CEA,18.5,6.0,111.0,Digital Wallet,In-store,2024-06-14,True,1718323200
TXN_6957303,CUST_08,Computers and electric accessories,Item_12_CEA,21.5,7.0,150.5,Cash,In-store,2023-04-14,False,1681430400
TXN_4008428,CUST_07,Computers and electric accessories,Item_10_CEA,18.5,1.0,18.5,Credit Card,Online,2024-08-19,True,1724025600
TXN_3089213,CUST_02,Food,Item_21_FOOD,35.0,3.0,105.0,Cash,In-store,2023-07-05,True,1688515200
TXN_1992177,CUST_23,Patisserie,Item_17_PAT,29.0,7.0,203.0,Credit Card,In-store,2022-06-24,True,1656028800
TXN_3243042,CUST_15,Butchers,Item_13_BUT,23.0,10.0,230.0,Cash,Online,2024-12-15,False,1734220800
TXN_8233871,CUST_04,Furniture,Item_21_FUR,35.0,9.0,315.0,Digital Wallet,In-store,2023-07-19,True,1689724800
TXN_9118930,CUST_18,Electric household essentials,Item_10_EHE,18.5,6.0,111.0,Cash,Online,2023-10-11,False,1696982400
TXN_2127584,CUST_02,Furniture,Item_6_FUR,12.5,1.0,12.5,Cash,Online,2023-02-04,False,1675468800
TXN_9226101,CUST_21,Beverages,Item_14_BEV,24.5,2.0,49.0,Cash,Online,2023-09-30,True,1696032000
TXN_3448045,CUST_21,Food,Item_6_FOOD,12.5,9.0,112.5,Credit Card,In-store,2023-08-22,False,1692662400
TXN_4883150,CUST_04,Milk Products,Item_3_MILK,8.0,9.0,72.0,Cash,Online,2023-12-12,False,1702339200
TXN_6889957,CUST_18,Milk Products,Item_3_MILK,8.0,5.0,40.0,Cash,In-store,2024-07-24,False,1721779200
TXN_3758134,CUST_16,Patisserie,Item_11_PAT,20.0,5.0,100.0,Cash,Online,2022-09-21,False,1663718400
TXN_7791537,CUST_24,Beverages,Item_25_BEV,41.0,2.0,82.0,Credit Card,Online,2024-02-05,True,1707091200
TXN_1319394,CUST_18,Patisserie,Item_12_PAT,21.5,6.0,129.0,Digital Wallet,Online,2022-09-20,True,1663632000
TXN_5338814,CUST_06,Milk Products,Item_25_MILK,41.0,10.0,410.0,Digital Wallet,Online,2023-03-13,False,1678665600
TXN_1716938,CUST_15,Milk Products,Item_19_MILK,32.0,7.0,224.0,Digital Wallet,Online,2023-12-24,False,1703376000
TXN_2046951,CUST_11,Butchers,Item_2_BUT,6.5,8.0,52.0,Digital Wallet,Online,2024-11-18,True,1731888000
TXN_6190160,CUST_05,Butchers,Item_6_BUT,12.5,2.0,25.0,Credit Card,In-store,2023-06-17,True,1686960000
TXN_4167564,CUST_19,Patisserie,Item_2_PAT,6.5,1.0,6.5,Credit Card,In-store,2024-02-26,True,1708905600
TXN_5259478,CUST_02,Furniture,Item_1_FUR,5.0,1.0,5.0,Credit Card,In-store,2022-02-27,False,1645920000
TXN_3534253,CUST_14,Patisserie,Item_14_PAT,24.5,3.0,73.5,Digital Wallet,Online,2022-12-22,False,1671667200
TXN_9105343,CUST_12,Butchers,Item_24_BUT,39.5,4.0,158.0,Cash,Online,2023-11-07,True,1699315200
TXN_7501851,CUST_18,Milk Products,Item_6_MILK,12.5,3.0,37.5,Credit Card,Online,2024-08-21,False,1724198400
TXN_5150250,CUST_09,Furniture,Item_6_FUR,12.5,7.0,87.5,Credit Card,Online,2022-07-05,True,1656979200
TXN_6103550,CUST_04,Computers and electric accessories,Item_14_CEA,24.5,10.0,245.0,Cash,Online,2022-11-13,False,1668297600
TXN_6754215,CUST_06,Computers and electric accessories,Item_12_CEA,21.5,3.0,64.5,Cash,Online,2024-12-23,False,1734912000
TXN_5471275,CUST_14,Food,Item_5_FOOD,11.0,6.0,66.0,Cash,Online,2023-02-26,True,1677369600
TXN_9263298,CUST_09,Butchers,Item_19_BUT,32.0,4.0,128.0,Credit Card,Online,2022-05-16,False,1652659200
TXN_8775269,CUST_20,Patisserie,Item_19_PAT,32.0,9.0,288.0,Cash,Online,2022-01-28,True,1643328000
TXN_2779699,CUST_22,Food,Item_22_FOOD,36.5,8.0,292.0,Cash,In-store,2022-10-18,False,1666051200
TXN_1203184,CUST_03,Patisserie,Item_8_PAT,15.5,5.0,77.5,Cash,Online,2023-06-12,True,1686528000
TXN_4335091,CUST_18,Furniture,Item_2_FUR,6.5,8.0,52.0,Digital Wallet,Online,2023-01-28,True,1674864000
TXN_3572301,CUST_20,Computers and electric accessories,Item_16_CEA,27.5,9.0,247.5,Digital Wallet,Online,2023-11-03,True,1698969600
TXN_2002942,CUST_02,Milk Products,Item_18_MILK,30.5,3.0,91.5,Digital Wallet,In-store,2023-01-19,False,1674086400
TXN_9888917,CUST_05,Patisserie,Item_24_PAT,39.5,9.0,355.5,Digital Wallet,In-store,2024-10-21,False,1729468800
TXN_1892483,CUST_22,Milk Products,Item_15_MILK,26.0,9.0,234.0,Cash,Online,2023-08-31,True,1693440000
TXN_1207537,CUST_02,Butchers,Item_3_BUT,8.0,9.0,72.0,Credit Card,Online,2022-02-01,True,1643673600
TXN_1172555,CUST_08,Beverages,Item_25_BEV,41.0,10.0,410.0,Cash,In-store,2023-04-01,True,1680307200
TXN_1038979,CUST_16,Computers and electric accessories,Item_5_CEA,11.0,3.0,33.0,Credit Card,Online,2024-02-06,False,1707177600
TXN_6049911,CUST_10,Milk Products,Item_6_MILK,12.5,1.0,12.5,Digital Wallet,In-store,2022-09-13,False,1663027200
TXN_3557407,CUST_16,Furniture,Item_4_FUR,9.5,3.0,28.5,Cash,Online,2024-03-18,False,1710720000
TXN_7092567,CUST_22,Computers and electric accessories,Item_23_CEA,38.0,8.0,304.0,Digital Wallet,Online,2023-04-06,False,1680739200
TXN_5611996,CUST_09,Food,Item_13_FOOD,23.0,6.0,138.0,Cash,In-store,2024-11-07,True,1730937600
TXN_8539572,CUST_01,Beverages,Item_3_BEV,8.0,9.0,72.0,Cash,In-store,2025-01-01,True,1735689600
TXN_6942391,CUST_20,Butchers,Item_12_BUT,21.5,1.0,21.5,Cash,In-store,2023-02-04,False,1675468800
TXN_7812474,CUST_15,Milk Products,Item_15_MILK,26.0,7.0,182.0,Digital Wallet,Online,2022-07-15,True,1657843200
TXN_6505976,CUST_16,Milk Products,Item_19_MILK,32.0,1.0,32.0,Digital Wallet,In-store,2023-08-24,True,1692835200
TXN_6269833,CUST_01,Computers and electric accessories,Item_9_CEA,17.0,7.0,119.0,Cash,Online,2023-08-14,True,1691971200
TXN_5571174,CUST_04,Computers and electric accessories,Item_8_CEA,15.5,4.0,62.0,Credit Card,In-store,2024-04-24,False,1713916800
TXN_6496740,CUST_24,Food,Item_5_FOOD,11.0,8.0,88.0,Cash,Online,2023-02-11,True,1676073600
TXN_5778866,CUST_21,Computers and electric accessories,Item_25_CEA,41.0,5.0,205.0,Cash,Online,2024-08-22,False,1724284800
TXN_4187730,CUST_23,Furniture,Item_24_FUR,39.5,4.0,158.0,Digital Wallet,Online,2024-11-25,False,1732492800
TXN_6580870,CUST_02,Patisserie,Item_12_PAT,21.5,5.0,107.5,Digital Wallet,Online,2022-04-27,True,1651017600
TXN_1943695,CUST_09,Milk Products,Item_19_MILK,32.0,8.0,256.0,Credit Card,In-store,2023-04-04,False,1680566400
TXN_8064984,CUST_01,Food,Item_5_FOOD,11.0,6.0,66.0,Digital Wallet,In-store,2023-11-08,False,1699401600
TXN_1777543,CUST_15,Beverages,Item_16_BEV,27.5,10.0,275.0,Cash,In-store,2022-09-27,True,1664236800
TXN_9793801,CUST_13,Butchers,Item_6_BUT,12.5,9.0,112.5,Digital Wallet,Online,2024-02-23,True,1708646400
TXN_9882976,CUST_21,Electric household essentials,Item_15_EHE,26.0,10.0,260.0,Credit Card,In-store,2024-05-21,False,1716249600
TXN_9535314,CUST_18,Milk Products,Item_5_MILK,11.0,7.0,77.0,Credit Card,Online,2023-11-20,False,1700438400
TXN_5543262,CUST_24,Food,Item_12_FOOD,21.5,6.0,129.0,Cash,Online,2023-08-11,False,1691712000
TXN_8461471,CUST_13,Food,Item_11_FOOD,20.0,3.0,60.0,Cash,Online,2023-10-16,False,1697414400
TXN_5115781,CUST_02,Butchers,Item_24_BUT,39.5,6.0,237.0,Digital Wallet,Online,2022-07-01,False,1656633600
TXN_2464906,CUST_11,Milk Products,Item_24_MILK,39.5,5.0,197.5,Credit Card,In-store,2024-12-27,True,1735257600
TXN_7127992,CUST_21,Computers and electric accessories,Item_19_CEA,32.0,10.0,320.0,Digital Wallet,In-store,2024-06-27,True,1719446400
TXN_2631567,CUST_18,Milk Products,Item_11_MILK,20.0,6.0,120.0,Digital Wallet,In-store,2023-10-11,False,1696982400
TXN_5771647,CUST_24,Patisserie,Item_24_PAT,39.5,6.0,237.0,Digital Wallet,Online,2022-06-14,False,1655164800
TXN_6149033,CUST_08,Patisserie,Item_22_PAT,36.5,1.0,36.5,Cash,In-store,2024-06-17,False,1718582400
TXN_4776341,CUST_22,Electric household essentials,Item_22_EHE,36.5,4.0,146.0,Cash,In-store,2023-04-18,True,1681776000
TXN_3952040,CUST_06,Electric household essentials,Item_22_EHE,36.5,5.0,182.5,Cash,In-store,2022-04-04,False,1649030400
TXN_3504313,CUST_11,Beverages,Item_7_BEV,14.0,1.0,14.0,Digital Wallet,Online,2023-11-07,False,1699315200
TXN_5990311,CUST_14,Milk Products,Item_16_MILK,27.5,7.0,192.5,Digital Wallet,Online,2023-04-05,True,1680652800
TXN_9806807,CUST_06,Furniture,Item_16_FUR,27.5,5.0,137.5,Cash,In-store,2022-01-22,False,1642809600
TXN_5834846,CUST_05,Electric household essentials,Item_8_EHE,15.5,6.0,93.0,Credit Card,Online,2022-06-17,False,1655424000
TXN_3262173,CUST_16,Food,Item_12_FOOD,21.5,8.0,172.0,Credit Card,Online,2022-05-06,True,1651795200
TXN_8006993,CUST_05,Butchers,Item_15_BUT,26.0,6.0,156.0,Digital Wallet,In-store,2024-09-13,True,1726185600
TXN_7564949,CUST_01,Butchers,Item_5_BUT,11.0,10.0,110.0,Digital Wallet,In-store,2023-11-27,True,1701043200
TXN_4080988,CUST_15,Computers and electric accessories,Item_9_CEA,17.0,3.0,51.0,Cash,In-store,2022-12-03,False,1670025600
TXN_3575644,CUST_15,Butchers,Item_25_BUT,41.0,3.0,123.0,Cash,Online,2023-05-26,False,1685059200
TXN_6500890,CUST_07,Electric household essentials,Item_4_EHE,9.5,5.0,47.5,Credit Card,Online,2024-03-15,True,1710460800
TXN_5281882,CUST_06,Electric household essentials,Item_17_EHE,29.0,1.0,29.0,Credit Card,In-store,2024-02-18,True,1708214400
TXN_3687556,CUST_01,Beverages,Item_8_BEV,15.5,7.0,108.5,Digital Wallet,In-store,2023-05-10,True,1683676800
TXN_5296489,CUST_09,Milk Products,Item_1_MILK,5.0,4.0,20.0,Credit Card,Online,2024-12-07,True,1733529600
TXN_5635734,CUST_14,Computers and electric accessories,Item_23_CEA,38.0,2.0,76.0,Digital Wallet,Online,2024-01-31,False,1706659200
TXN_2243096,CUST_18,Patisserie,Item_20_PAT,33.5,9.0,301.5,Credit Card,Online,2024-04-08,True,1712534400
TXN_6237848,CUST_04,Computers and electric accessories,Item_9_CEA,17.0,4.0,68.0,Credit Card,In-store,2022-01-12,False,1641945600
TXN_3515217,CUST_03,Patisserie,Item_17_PAT,29.0,4.0,116.0,Cash,Online,2022-11-03,False,1667433600
TXN_8828780,CUST_08,Furniture,Item_15_FUR,26.0,10.0,260.0,Cash,In-store,2024-12-16,True,1734307200
TXN_1205686,CUST_09,Computers and electric accessories,Item_19_CEA,32.0,2.0,64.0,Credit Card,Online,2022-03-12,True,1647043200
TXN_4071268,CUST_23,Computers and electric accessories,Item_22_CEA,36.5,7.0,255.5,Cash,In-store,2024-08-20,False,1724112000
TXN_3203228,CUST_09,Milk Products,Item_24_MILK,39.5,1.0,39.5,Digital Wallet,In-store,2023-01-23,True,1674432000
TXN_9152165,CUST_11,Milk Products,Item_23_MILK,38.0,3.0,114.0,Credit Card,Online,2024-08-23,True,1724371200
TXN_4769945,CUST_25,Furniture,Item_1_FUR,5.0,4.0,20.0,Credit Card,In-store,2022-09-27,False,1664236800
TXN_7287258,CUST_07,Furniture,Item_23_FUR,38.0,10.0,380.0,Cash,Online,2025-01-08,False,1736294400
TXN_7198988,CUST_04,Patisserie,Item_16_PAT,27.5,8.0,220.0,Digital Wallet,In-store,2024-04-08,True,1712534400
TXN_1996894,CUST_02,Food,Item_11_FOOD,20.0,2.0,40.0,Cash,Online,2022-04-03,False,1648944000
TXN_7343995,CUST_16,Electric household essentials,Item_15_EHE,26.0,2.0,52.0,Digital Wallet,In-store,2022-12-09,False,1670544000
TXN_4897989,CUST_20,Milk Products,Item_2_MILK,6.5,3.0,19.5,Digital Wallet,Online,2023-09-14,False,1694649600
TXN_5380552,CUST_05,Butchers,Item_17_BUT,29.0,1.0,29.0,Credit Card,In-store,2023-09-28,False,1695859200
TXN_8572389,CUST_14,Patisserie,Item_8_PAT,15.5,1.0,15.5,Cash,In-store,2022-07-07,False,1657152000
TXN_4002469,CUST_12,Furniture,Item_9_FUR,17.0,1.0,17.0,Credit Card,Online,2023-12-01,True,1701388800
TXN_3352471,CUST_20,Furniture,Item_5_FUR,11.0,1.0,11.0,Cash,In-store,2024-07-01,True,1719792000
TXN_8151553,CUST_12,Computers and electric accessories,Item_13_CEA,23.0,10.0,230.0,Digital Wallet,In-store,2023-06-17,False,1686960000
TXN_9802098,CUST_04,Food,Item_12_FOOD,21.5,7.0,150.5,Digital Wallet,In-store,2024-03-14,True,1710374400
TXN_4919540,CUST_12,Food,Item_5_FOOD,11.0,5.0,55.0,Digital Wallet,In-store,2022-09-17,False,1663372800
TXN_7530536,CUST_07,Milk Products,Item_3_MILK,8.0,8.0,64.0,Credit Card,In-store,2024-05-10,True,1715299200
TXN_5874122,CUST_20,Furniture,Item_14_FUR,24.5,8.0,196.0,Credit Card,Online,2024-11-03,True,1730592000
TXN_9649394,CUST_13,Patisserie,Item_20_PAT,33.5,9.0,301.5,Credit Card,Online,2024-08-23,True,1724371200
TXN_4392355,CUST_08,Patisserie,Item_8_PAT,15.5,4.0,62.0,Credit Card,Online,2024-12-14,False,1734134400
TXN_4058390,CUST_10,Computers and electric accessories,Item_18_CEA,30.5,8.0,244.0,Digital Wallet,Online,2024-09-01,False,1725148800
TXN_8533361,CUST_07,Food,Item_13_FOOD,23.0,7.0,161.0,Credit Card,In-store,2024-12-14,True,1734134400
TXN_1795555,CUST_07,Butchers,Item_12_BUT,21.5,5.0,107.5,Credit Card,Online,2022-03-21,True,1647820800
TXN_5686495,CUST_20,Patisserie,Item_11_PAT,20.0,5.0,100.0,Digital Wallet,In-store,2022-07-02,False,1656720000
TXN_1387779,CUST_16,Food,Item_21_FOOD,35.0,8.0,280.0,Cash,Online,2024-02-01,True,1706745600
TXN_9551621,CUST_16,Electric household essentials,Item_22_EHE,36.5,4.0,146.0,Credit Card,In-store,2023-03-21,True,1679356800
TXN_6569366,CUST_24,Electric household essentials,Item_22_EHE,36.5,7.0,255.5,Digital Wallet,Online,2024-04-06,True,1712361600
TXN_6689708,CUST_05,Beverages,Item_22_BEV,36.5,8.0,292.0,Credit Card,Online,2024-09-12,False,1726099200
TXN_3937980,CUST_19,Milk Products,Item_18_MILK,30.5,4.0,122.0,Credit Card,Online,2024-12-16,False,1734307200
TXN_2662020,CUST_04,Electric household essentials,Item_16_EHE,27.5,1.0,27.5,Digital Wallet,Online,2022-11-28,True,1669593600
TXN_2630479,CUST_20,Patisserie,Item_8_PAT,15.5,6.0,93.0,Credit Card,In-store,2023-06-30,True,1688083200
TXN_9542148,CUST_24,Butchers,Item_5_BUT,11.0,5.0,55.0,Cash,Online,2022-08-03,False,1659484800
TXN_9284513,CUST_06,Butchers,Item_3_BUT,8.0,2.0,16.0,Cash,Online,2024-10-23,True,1729641600
TXN_6043884,CUST_24,Food,Item_20_FOOD,33.5,1.0,33.5,Cash,In-store,2024-07-08,True,1720396800
TXN_7892617,CUST_08,Butchers,Item_18_BUT,30.5,3.0,91.5,Credit Card,Online,2023-11-14,True,1699920000
TXN_7037057,CUST_09,Electric household essentials,Item_25_EHE,41.0,2.0,82.0,Digital Wallet,Online,2022-06-29,True,1656460800
TXN_1812590,CUST_17,Furniture,Item_25_FUR,41.0,3.0,123.0,Cash,In-store,2023-07-23,True,1690070400
TXN_1539096,CUST_21,Butchers,Item_10_BUT,18.5,9.0,166.5,Credit Card,In-store,2022-02-19,True,1645228800
TXN_7727096,CUST_19,Food,Item_5_FOOD,11.0,5.0,55.0,Digital Wallet,Online,2022-03-27,True,1648339200
TXN_6189225,CUST_09,Milk Products,Item_8_MILK,15.5,4.0,62.0,Digital Wallet,In-store,2023-06-04,True,1685836800
TXN_1877006,CUST_15,Electric household essentials,Item_19_EHE,32.0,10.0,320.0,Digital Wallet,Online,2024-05-19,True,1716076800
TXN_3064702,CUST_02,Patisserie,Item_12_PAT,21.5,8.0,172.0,Credit Card,Online,2022-01-17,False,1642377600
TXN_4910271,CUST_11,Milk Products,Item_19_MILK,32.0,1.0,32.0,Cash,Online,2024-02-09,True,1707436800
TXN_2222797,CUST_18,Electric household essentials,Item_9_EHE,17.0,4.0,68.0,Cash,In-store,2023-05-06,False,1683331200
TXN_5679757,CUST_19,Butchers,Item_22_BUT,36.5,8.0,292.0,Digital Wallet,Online,2022-01-15,True,1642204800
TXN_6492020,CUST_18,Computers and electric accessories,Item_7_CEA,14.0,3.0,42.0,Credit Card,Online,2022-05-03,True,1651536000
TXN_5836421,CUST_01,Furniture,Item_6_FUR,12.5,2.0,25.0,Credit Card,Online,2022-03-10,True,1646870400
TXN_4041720,CUST_03,Furniture,Item_4_FUR,9.5,9.0,85.5,Credit Card,In-store,2024-09-29,False,1727568000
TXN_7940060,CUST_16,Food,Item_3_FOOD,8.0,10.0,80.0,Digital Wallet,Online,2022-08-21,False,1661040000
TXN_1880682,CUST_22,Computers and electric accessories,Item_14_CEA,24.5,10.0,245.0,Cash,In-store,2024-05-28,False,1716854400
TXN_4123109,CUST_24,Beverages,Item_4_BEV,9.5,2.0,19.0,Digital Wallet,In-store,2025-01-12,True,1736640000
TXN_9249556,CUST_11,Furniture,Item_8_FUR,15.5,4.0,62.0,Digital Wallet,In-store,2022-06-18,True,1655510400
TXN_2245624,CUST_12,Computers and electric accessories,Item_8_CEA,15.5,4.0,62.0,Cash,Online,2022-07-10,False,1657411200
TXN_5241473,CUST_22,Electric household essentials,Item_21_EHE,35.0,3.0,105.0,Digital Wallet,Online,2024-08-18,False,1723939200
TXN_5569187,CUST_24,Butchers,Item_19_BUT,32.0,5.0,160.0,Credit Card,Online,2022-06-13,False,1655078400
TXN_9645168,CUST_02,Computers and electric accessories,Item_12_CEA,21.5,5.0,107.5,Digital Wallet,In-store,2025-01-04,False,1735948800
TXN_4028997,CUST_03,Patisserie,Item_14_PAT,24.5,5.0,122.5,Cash,In-store,2022-04-24,False,1650758400
TXN_8880741,CUST_22,Furniture,Item_11_FUR,20.0,7.0,140.0,Cash,Online,2023-07-03,False,1688342400
TXN_1224026,CUST_01,Food,Item_2_FOOD,6.5,10.0,65.0,Cash,In-store,2022-10-17,False,1665964800
TXN_9988948,CUST_25,Furniture,Item_16_FUR,27.5,10.0,275.0,Credit Card,Online,2023-10-08,False,1696723200
TXN_7755336,CUST_08,Milk Products,Item_1_MILK,5.0,5.0,25.0,Cash,Online,2022-01-31,True,1643587200
TXN_5033281,CUST_08,Butchers,Item_18_BUT,30.5,6.0,183.0,Digital Wallet,In-store,2022-01-26,False,1643155200
TXN_6064430,CUST_22,Computers and electric accessories,Item_14_CEA,24.5,1.0,24.5,Credit Card,In-store,2022-03-04,False,1646352000
TXN_4651323,CUST_01,Butchers,Item_21_BUT,35.0,4.0,140.0,Credit Card,In-store,2024-10-03,True,1727913600
TXN_3023874,CUST_03,Patisserie,Item_2_PAT,6.5,1.0,6.5,Digital Wallet,In-store,2024-04-24,True,1713916800
TXN_6698228,CUST_15,Butchers,Item_25_BUT,41.0,1.0,41.0,Digital Wallet,In-store,2023-10-03,False,1696291200
TXN_1673915,CUST_16,Furniture,Item_15_FUR,26.0,8.0,208.0,Digital Wallet,Online,2023-02-15,False,1676419200
TXN_3215453,CUST_06,Patisserie,Item_24_PAT,39.5,2.0,79.0,Credit Card,In-store,2024-01-30,False,1706572800
TXN_8196352,CUST_10,Electric household essentials,Item_21_EHE,35.0,6.0,210.0,Cash,In-store,2024-08-07,True,1722988800
TXN_2979465,CUST_21,Electric household essentials,Item_13_EHE,23.0,7.0,161.0,Digital Wallet,In-store,2024-09-15,False,1726358400
TXN_8908031,CUST_25,Butchers,Item_5_BUT,11.0,8.0,88.0,Cash,Online,2023-01-20,False,1674172800
TXN_2250059,CUST_07,Butchers,Item_5_BUT,11.0,2.0,22.0,Credit Card,Online,2023-10-30,False,1698624000
TXN_1016655,CUST_01,Food,Item_17_FOOD,29.0,1.0,29.0,Credit Card,Online,2023-10-22,False,1697932800
TXN_5156844,CUST_09,Patisserie,Item_20_PAT,33.5,6.0,201.0,Cash,Online,2023-02-23,True,1677110400
TXN_1367829,CUST_07,Patisserie,Item_20_PAT,33.5,5.0,167.5,Credit Card,Online,2024-01-01,True,1704067200
TXN_4178874,CUST_10,Butchers,Item_23_BUT,38.0,6.0,228.0,Digital Wallet,In-store,2022-07-19,True,1658188800
TXN_8921717,CUST_17,Computers and electric accessories,Item_9_CEA,17.0,8.0,136.0,Cash,Online,2022-04-18,False,1650240000
TXN_3071038,CUST_14,Patisserie,Item_9_PAT,17.0,9.0,153.0,Digital Wallet,In-store,2022-12-16,True,1671148800
TXN_3496546,CUST_11,Patisserie,Item_9_PAT,17.0,7.0,119.0,Cash,Online,2023-02-11,False,1676073600
TXN_4979630,CUST_07,Butchers,Item_6_BUT,12.5,2.0,25.0,Digital Wallet,In-store,2022-04-25,False,1650844800
TXN_2980967,CUST_04,Butchers,Item_16_BUT,27.5,5.0,137.5,Credit Card,Online,2024-10-28,True,1730073600
TXN_4469477,CUST_06,Butchers,Item_21_BUT,35.0,5.0,175.0,Credit Card,In-store,2022-12-28,False,1672185600
TXN_7564934,CUST_09,Beverages,Item_14_BEV,24.5,10.0,245.0,Credit Card,In-store,2023-07-23,False,1690070400
TXN_6192129,CUST_10,Patisserie,Item_14_PAT,24.5,10.0,245.0,Cash,Online,2024-03-02,True,1709337600
TXN_3723814,CUST_20,Milk Products,Item_11_MILK,20.0,8.0,160.0,Credit Card,Online,2024-02-16,False,1708041600
TXN_1741161,CUST_14,Beverages,Item_1_BEV,5.0,8.0,40.0,Cash,Online,2024-10-28,False,1730073600
TXN_5529772,CUST_12,Patisserie,Item_23_PAT,38.0,1.0,38.0,Credit Card,In-store,2024-12-31,False,1735603200
TXN_4640422,CUST_05,Milk Products,Item_11_MILK,20.0,3.0,60.0,Credit Card,In-store,2023-03-22,True,1679443200
TXN_4078266,CUST_10,Computers and electric accessories,Item_8_CEA,15.5,7.0,108.5,Cash,In-store,2024-07-19,False,1721347200
TXN_3969038,CUST_20,Patisserie,Item_11_PAT,20.0,4.0,80.0,Credit Card,Online,2022-11-30,False,1669766400
TXN_7546166,CUST_07,Butchers,Item_6_BUT,12.5,4.0,50.0,Credit Card,In-store,2023-12-27,False,1703635200
TXN_6667228,CUST_02,Butchers,Item_6_BUT,12.5,2.0,25.0,Cash,Online,2022-10-09,True,1665273600
TXN_5864711,CUST_22,Patisserie,Item_18_PAT,30.5,4.0,122.0,Credit Card,In-store,2022-03-02,False,1646179200
TXN_7828591,CUST_02,Patisserie,Item_3_PAT,8.0,2.0,16.0,Digital Wallet,In-store,2022-09-25,True,1664064000
TXN_5830803,CUST_13,Food,Item_5_FOOD,11.0,8.0,88.0,Cash,Online,2023-03-19,False,1679184000
TXN_5551793,CUST_03,Milk Products,Item_7_MILK,14.0,5.0,70.0,Cash,Online,2024-04-06,True,1712361600
TXN_4596184,CUST_17,Food,Item_24_FOOD,39.5,4.0,158.0,Digital Wallet,Online,2023-11-24,False,1700784000
TXN_7278878,CUST_11,Patisserie,Item_14_PAT,24.5,1.0,24.5,Credit Card,In-store,2023-03-05,False,1677974400
TXN_6142111,CUST_09,Beverages,Item_8_BEV,15.5,3.0,46.5,Credit Card,Online,2024-03-02,True,1709337600
TXN_2442204,CUST_13,Milk Products,Item_1_MILK,5.0,9.0,45.0,Credit Card,Online,2024-07-06,False,1720224000
TXN_8805576,CUST_11,Milk Products,Item_1_MILK,5.0,7.0,35.0,Cash,Online,2024-12-09,True,1733702400
TXN_4966636,CUST_25,Patisserie,Item_2_PAT,6.5,8.0,52.0,Digital Wallet,Online,2024-11-19,True,1731974400
TXN_1725454,CUST_07,Electric household essentials,Item_6_EHE,12.5,8.0,100.0,Credit Card,Online,2023-11-15,False,1700006400
TXN_2543656,CUST_06,Milk Products,Item_1_MILK,5.0,9.0,45.0,Digital Wallet,Online,2022-03-07,False,1646611200
TXN_8223973,CUST_21,Electric household essentials,Item_2_EHE,6.5,6.0,39.0,Cash,In-store,2024-12-11,False,1733875200
TXN_8596049,CUST_05,Butchers,Item_20_BUT,33.5,9.0,301.5,Credit Card,In-store,2024-04-18,False,1713398400
TXN_8566964,CUST_15,Patisserie,Item_8_PAT,15.5,7.0,108.5,Cash,Online,2022-08-30,False,1661817600
TXN_8333599,CUST_09,Furniture,Item_20_FUR,33.5,7.0,234.5,Cash,Online,2024-06-15,True,1718409600
TXN_4215624,CUST_14,Food,Item_24_FOOD,39.5,7.0,276.5,Cash,Online,2024-02-28,False,1709078400
TXN_4787913,CUST_03,Furniture,Item_20_FUR,33.5,10.0,335.0,Cash,In-store,2023-08-09,True,1691539200
TXN_8776539,CUST_03,Patisserie,Item_11_PAT,20.0,9.0,180.0,Digital Wallet,Online,2024-09-27,True,1727395200
TXN_8236215,CUST_24,Furniture,Item_25_FUR,41.0,1.0,41.0,Cash,In-store,2024-07-13,False,1720828800
TXN_8178931,CUST_02,Food,Item_14_FOOD,24.5,4.0,98.0,Digital Wallet,In-store,2022-10-14,True,1665705600
TXN_3438683,CUST_01,Furniture,Item_20_FUR,33.5,6.0,201.0,Credit Card,Online,2024-12-14,False,1734134400
TXN_5585168,CUST_09,Furniture,Item_2_FUR,6.5,2.0,13.0,Credit Card,In-store,2025-01-07,True,1736208000
TXN_2040809,CUST_08,Butchers,Item_22_BUT,36.5,10.0,365.0,Credit Card,In-store,2024-05-23,True,1716422400
TXN_1101297,CUST_15,Milk Products,Item_7_MILK,14.0,2.0,28.0,Cash,Online,2022-03-24,False,1648080000
TXN_1980623,CUST_05,Food,Item_10_FOOD,18.5,3.0,55.5,Digital Wallet,In-store,2022-02-28,True,1646006400
TXN_9040250,CUST_01,Patisserie,Item_13_PAT,23.0,6.0,138.0,Credit Card,In-store,2022-02-18,True,1645142400
TXN_7893709,CUST_21,Milk Products,Item_15_MILK,26.0,10.0,260.0,Digital Wallet,Online,2024-01-25,True,1706140800
TXN_7224530,CUST_08,Computers and electric accessories,Item_17_CEA,29.0,3.0,87.0,Credit Card,Online,2024-06-30,True,1719705600
TXN_4042022,CUST_18,Computers and electric accessories,Item_5_CEA,11.0,4.0,44.0,Credit Card,Online,2022-03-12,False,1647043200
TXN_4383900,CUST_23,Food,Item_25_FOOD,41.0,1.0,41.0,Cash,Online,2024-07-23,True,1721692800
TXN_3623366,CUST_06,Beverages,Item_12_BEV,21.5,1.0,21.5,Digital Wallet,In-store,2025-01-05,True,1736035200
TXN_4250432,CUST_15,Furniture,Item_8_FUR,15.5,3.0,46.5,Cash,Online,2023-11-01,True,1698796800
TXN_5186140,CUST_13,Food,Item_18_FOOD,30.5,6.0,183.0,Cash,Online,2023-07-04,False,1688428800
TXN_9171042,CUST_16,Beverages,Item_23_BEV,38.0,7.0,266.0,Digital Wallet,In-store,2024-05-10,True,1715299200
TXN_2856597,CUST_13,Beverages,Item_11_BEV,20.0,6.0,120.0,Cash,In-store,2023-12-25,True,1703462400
TXN_7110900,CUST_01,Electric household essentials,Item_20_EHE,33.5,1.0,33.5,Digital Wallet,In-store,2022-10-15,True,1665792000
TXN_2589028,CUST_16,Computers and electric accessories,Item_23_CEA,38.0,2.0,76.0,Digital Wallet,Online,2022-06-05,True,1654387200
TXN_9205887,CUST_20,Computers and electric accessories,Item_16_CEA,27.5,1.0,27.5,Cash,In-store,2024-02-14,False,1707868800
TXN_8352203,CUST_24,Milk Products,Item_23_MILK,38.0,1.0,38.0,Credit Card,In-store,2022-08-04,False,1659571200
TXN_9171196,CUST_05,Food,Item_9_FOOD,17.0,7.0,119.0,Credit Card,Online,2023-05-22,True,1684713600
TXN_3646004,CUST_18,Beverages,Item_8_BEV,15.5,1.0,15.5,Cash,Online,2024-07-16,True,1721088000
TXN_6237983,CUST_18,Butchers,Item_16_BUT,27.5,6.0,165.0,Cash,Online,2022-05-30,False,1653868800
TXN_9576418,CUST_15,Beverages,Item_11_BEV,20.0,8.0,160.0,Credit Card,Online,2022-07-14,True,1657756800
TXN_8136862,CUST_25,Butchers,Item_20_BUT,33.5,3.0,100.5,Digital Wallet,Online,2024-05-04,True,1714780800
TXN_3347015,CUST_24,Furniture,Item_23_FUR,38.0,7.0,266.0,Credit Card,Online,2024-08-25,False,1724544000
TXN_4599772,CUST_13,Computers and electric accessories,Item_15_CEA,26.0,10.0,260.0,Cash,In-store,2022-05-04,False,1651622400
TXN_1311744,CUST_24,Food,Item_3_FOOD,8.0,1.0,8.0,Digital Wallet,Online,2022-06-22,False,1655856000
TXN_7267517,CUST_17,Beverages,Item_17_BEV,29.0,7.0,203.0,Credit Card,Online,2024-11-15,True,1731628800
TXN_4937757,CUST_11,Milk Products,Item_7_MILK,14.0,6.0,84.0,Cash,Online,2024-05-27,True,1716768000
TXN_3319640,CUST_05,Furniture,Item_14_FUR,24.5,10.0,245.0,Cash,In-store,2024-12-12,False,1733961600
TXN_2099825,CUST_05,Patisserie,Item_18_PAT,30.5,7.0,213.5,Credit Card,Online,2024-12-11,False,1733875200
TXN_9707152,CUST_18,Electric household essentials,Item_17_EHE,29.0,6.0,174.0,Credit Card,In-store,2023-02-07,True,1675728000
TXN_3553497,CUST_05,Beverages,Item_8_BEV,15.5,9.0,139.5,Digital Wallet,In-store,2023-04-28,False,1682640000
TXN_5870405,CUST_18,Electric household essentials,Item_9_EHE,17.0,7.0,119.0,Digital Wallet,Online,2022-12-17,True,1671235200
TXN_8005657,CUST_19,Beverages,Item_16_BEV,27.5,8.0,220.0,Digital Wallet,In-store,2022-11-27,True,1669507200
TXN_3951413,CUST_04,Milk Products,Item_20_MILK,33.5,6.0,201.0,Digital Wallet,In-store,2024-10-20,True,1729382400
TXN_7943662,CUST_08,Beverages,Item_25_BEV,41.0,8.0,328.0,Digital Wallet,Online,2024-06-20,True,1718841600
TXN_5621564,CUST_09,Food,Item_19_FOOD,32.0,1.0,32.0,Cash,In-store,2023-03-04,False,1677888000
TXN_5224584,CUST_01,Beverages,Item_12_BEV,21.5,3.0,64.5,Digital Wallet,In-store,2022-06-23,False,1655942400
TXN_7239576,CUST_18,Food,Item_3_FOOD,8.0,6.0,48.0,Credit Card,In-store,2023-09-11,True,1694390400
TXN_9072239,CUST_01,Butchers,Item_12_BUT,21.5,6.0,129.0,Digital Wallet,In-store,2022-10-09,False,1665273600
TXN_6590458,CUST_21,Beverages,Item_3_BEV,8.0,2.0,16.0,Cash,In-store,2024-01-29,True,1706486400
TXN_9960444,CUST_05,Beverages,Item_19_BEV,32.0,2.0,64.0,Credit Card,In-store,2024-03-11,False,1710115200
TXN_7027151,CUST_05,Food,Item_18_FOOD,30.5,5.0,152.5,Digital Wallet,Online,2024-08-10,False,1723248000
TXN_1150006,CUST_01,Furniture,Item_16_FUR,27.5,5.0,137.5,Digital Wallet,Online,2024-10-03,True,1727913600
TXN_6904028,CUST_08,Butchers,Item_20_BUT,33.5,10.0,335.0,Cash,Online,2022-01-31,False,1643587200
TXN_9257483,CUST_14,Patisserie,Item_9_PAT,17.0,7.0,119.0,Credit Card,In-store,2023-01-25,False,1674604800
TXN_1792802,CUST_02,Furniture,Item_1_FUR,5.0,6.0,30.0,Credit Card,In-store,2023-06-20,True,1687219200
TXN_6442602,CUST_11,Computers and electric accessories,Item_5_CEA,11.0,4.0,44.0,Cash,In-store,2023-12-22,False,1703203200
TXN_1350230,CUST_15,Butchers,Item_15_BUT,26.0,4.0,104.0,Cash,Online,2022-11-18,False,1668729600
TXN_6562034,CUST_16,Food,Item_25_FOOD,41.0,4.0,164.0,Cash,Online,2023-02-08,True,1675814400
TXN_4581067,CUST_17,Milk Products,Item_14_MILK,24.5,9.0,220.5,Credit Card,In-store,2022-06-04,True,1654300800
TXN_8385569,CUST_11,Beverages,Item_3_BEV,8.0,1.0,8.0,Digital Wallet,Online,2023-04-13,False,1681344000
TXN_1625647,CUST_22,Computers and electric accessories,Item_3_CEA,8.0,3.0,24.0,Digital Wallet,In-store,2024-01-23,True,1705968000
TXN_6257905,CUST_19,Furniture,Item_24_FUR,39.5,5.0,197.5,Cash,In-store,2024-08-29,False,1724889600
TXN_2528313,CUST_07,Food,Item_25_FOOD,41.0,4.0,164.0,Credit Card,In-store,2022-06-12,False,1654992000
TXN_1410689,CUST_18,Electric household essentials,Item_6_EHE,12.5,4.0,50.0,Cash,In-store,2024-12-09,True,1733702400
TXN_4673425,CUST_21,Patisserie,Item_24_PAT,39.5,9.0,355.5,Credit Card,Online,2022-01-26,True,1643155200
TXN_7562077,CUST_04,Computers and electric accessories,Item_2_CEA,6.5,7.0,45.5,Cash,Online,2023-08-16,False,1692144000
TXN_3108791,CUST_06,Furniture,Item_15_FUR,26.0,10.0,260.0,Cash,In-store,2022-02-13,False,1644710400
TXN_5264491,CUST_25,Food,Item_13_FOOD,23.0,6.0,138.0,Digital Wallet,In-store,2023-10-22,False,1697932800
TXN_6689339,CUST_23,Electric household essentials,Item_16_EHE,27.5,7.0,192.5,Cash,In-store,2023-07-04,True,1688428800
TXN_1324813,CUST_09,Computers and electric accessories,Item_8_CEA,15.5,8.0,124.0,Digital Wallet,Online,2023-09-22,False,1695340800
TXN_1741913,CUST_03,Computers and electric accessories,Item_7_CEA,14.0,3.0,42.0,Credit Card,In-store,2022-12-11,False,1670716800
TXN_2208547,CUST_05,Beverages,Item_25_BEV,41.0,10.0,410.0,Credit Card,Online,2022-02-23,True,1645574400
TXN_9820980,CUST_16,Food,Item_17_FOOD,29.0,1.0,29.0,Cash,In-store,2024-09-20,False,1726790400
TXN_2226385,CUST_20,Butchers,Item_1_BUT,5.0,4.0,20.0,Credit Card,In-store,2023-06-08,True,1686182400
TXN_7676502,CUST_08,Food,Item_5_FOOD,11.0,2.0,22.0,Digital Wallet,In-store,2024-03-26,False,1711411200
TXN_5453940,CUST_25,Furniture,Item_6_FUR,12.5,7.0,87.5,Digital Wallet,Online,2023-03-30,False,1680134400
TXN_2439149,CUST_03,Patisserie,Item_4_PAT,9.5,4.0,38.0,Credit Card,Online,2023-11-04,True,1699056000
TXN_4620709,CUST_22,Milk Products,Item_19_MILK,32.0,7.0,224.0,Cash,In-store,2022-04-12,True,1649721600
TXN_8792621,CUST_19,Patisserie,Item_16_PAT,27.5,5.0,137.5,Credit Card,In-store,2024-09-28,False,1727481600
TXN_6789123,CUST_10,Computers and electric accessories,Item_20_CEA,33.5,6.0,201.0,Cash,Online,2023-08-10,True,1691625600
TXN_5552232,CUST_02,Electric household essentials,Item_10_EHE,18.5,10.0,185.0,Cash,In-store,2023-05-14,False,1684022400
TXN_6924343,CUST_11,Beverages,Item_1_BEV,5.0,4.0,20.0,Cash,Online,2023-03-11,True,1678492800
TXN_2112426,CUST_13,Patisserie,Item_25_PAT,41.0,3.0,123.0,Credit Card,Online,2024-11-25,True,1732492800
TXN_9165480,CUST_15,Milk Products,Item_1_MILK,5.0,3.0,15.0,Cash,In-store,2023-05-18,False,1684368000
TXN_2829458,CUST_21,Milk Products,Item_22_MILK,36.5,5.0,182.5,Digital Wallet,In-store,2024-03-25,True,1711324800
TXN_2918886,CUST_07,Electric household essentials,Item_13_EHE,23.0,1.0,23.0,Credit Card,Online,2022-07-11,False,1657497600
TXN_1369755,CUST_21,Computers and electric accessories,Item_2_CEA,6.5,5.0,32.5,Cash,In-store,2023-06-16,True,1686873600
TXN_9344795,CUST_12,Milk Products,Item_7_MILK,14.0,1.0,14.0,Cash,In-store,2024-10-20,True,1729382400
TXN_1266241,CUST_25,Furniture,Item_24_FUR,39.5,2.0,79.0,Digital Wallet,In-store,2022-01-06,True,1641427200
TXN_2665313,CUST_21,Electric household essentials,Item_15_EHE,26.0,10.0,260.0,Credit Card,Online,2023-09-19,True,1695081600
TXN_4750878,CUST_24,Electric household essentials,Item_12_EHE,21.5,4.0,86.0,Cash,Online,2023-11-23,True,1700697600
TXN_3909621,CUST_15,Patisserie,Item_21_PAT,35.0,5.0,175.0,Credit Card,Online,2022-11-27,False,1669507200
TXN_3384905,CUST_19,Beverages,Item_8_BEV,15.5,2.0,31.0,Credit Card,Online,2023-12-28,True,1703721600
TXN_2733288,CUST_15,Furniture,Item_23_FUR,38.0,7.0,266.0,Digital Wallet,Online,2023-10-15,False,1697328000
TXN_7474047,CUST_14,Patisserie,Item_17_PAT,29.0,9.0,261.0,Digital Wallet,Online,2022-02-10,True,1644451200
TXN_5861014,CUST_21,Patisserie,Item_17_PAT,29.0,4.0,116.0,Credit Card,In-store,2024-03-21,True,1710979200
TXN_1404623,CUST_01,Electric household essentials,Item_9_EHE,17.0,10.0,170.0,Digital Wallet,In-store,2024-05-03,False,1714694400
TXN_2713028,CUST_20,Computers and electric accessories,Item_23_CEA,38.0,3.0,114.0,Digital Wallet,Online,2024-05-22,True,1716336000
TXN_8697234,CUST_05,Furniture,Item_8_FUR,15.5,4.0,62.0,Cash,Online,2023-02-27,False,1677456000
TXN_3080253,CUST_23,Butchers,Item_13_BUT,23.0,4.0,92.0,Credit Card,In-store,2023-03-14,False,1678752000
TXN_5422440,CUST_19,Furniture,Item_20_FUR,33.5,5.0,167.5,Cash,In-store,2023-04-03,False,1680480000
TXN_9114087,CUST_15,Computers and electric accessories,Item_2_CEA,6.5,7.0,45.5,Digital Wallet,Online,2024-02-24,True,1708732800
TXN_1107383,CUST_15,Milk Products,Item_3_MILK,8.0,6.0,48.0,Cash,In-store,2022-03-24,True,1648080000
TXN_5628115,CUST_08,Milk Products,Item_23_MILK,38.0,2.0,76.0,Digital Wallet,Online,2023-08-13,True,1691884800
TXN_7148957,CUST_05,Food,Item_20_FOOD,33.5,8.0,268.0,Credit Card,Online,2023-08-01,True,1690848000
TXN_4501679,CUST_04,Beverages,Item_14_BEV,24.5,1.0,24.5,Digital Wallet,In-store,2024-05-08,True,1715126400
TXN_7779073,CUST_18,Electric household essentials,Item_20_EHE,33.5,10.0,335.0,Credit Card,Online,2022-02-13,True,1644710400
TXN_2575540,CUST_17,Food,Item_13_FOOD,23.0,4.0,92.0,Credit Card,Online,2024-07-19,True,1721347200
TXN_5302358,CUST_06,Electric household essentials,Item_13_EHE,23.0,6.0,138.0,Digital Wallet,Online,2024-10-31,False,1730332800
TXN_9653552,CUST_12,Butchers,Item_16_BUT,27.5,8.0,220.0,Cash,In-store,2023-08-27,False,1693094400
TXN_9686128,CUST_05,Computers and electric accessories,Item_10_CEA,18.5,4.0,74.0,Digital Wallet,Online,2023-10-23,False,1698019200
TXN_5017877,CUST_02,Electric household essentials,Item_5_EHE,11.0,1.0,11.0,Cash,Online,2023-01-21,True,1674259200
TXN_4899415,CUST_18,Patisserie,Item_11_PAT,20.0,3.0,60.0,Cash,Online,2022-11-14,True,1668384000
TXN_4859554,CUST_16,Furniture,Item_23_FUR,38.0,10.0,380.0,Credit Card,In-store,2023-11-14,True,1699920000
TXN_8040308,CUST_03,Patisserie,Item_15_PAT,26.0,4.0,104.0,Digital Wallet,In-store,2023-11-03,True,1698969600
TXN_8359482,CUST_22,Beverages,Item_8_BEV,15.5,3.0,46.5,Digital Wallet,Online,2022-01-06,False,1641427200
TXN_6405900,CUST_16,Butchers,Item_21_BUT,35.0,6.0,210.0,Credit Card,Online,2024-09-10,True,1725926400
TXN_9245240,CUST_03,Computers and electric accessories,Item_1_CEA,5.0,2.0,10.0,Credit Card,In-store,2024-08-24,True,1724457600
TXN_7101068,CUST_21,Food,Item_5_FOOD,11.0,10.0,110.0,Cash,Online,2022-08-13,True,1660348800
TXN_7978734,CUST_23,Beverages,Item_3_BEV,8.0,10.0,80.0,Digital Wallet,Online,2024-01-10,False,1704844800
TXN_9117114,CUST_13,Food,Item_13_FOOD,23.0,2.0,46.0,Cash,In-store,2024-01-05,True,1704412800
TXN_5612697,CUST_22,Computers and electric accessories,Item_14_CEA,24.5,3.0,73.5,Credit Card,Online,2022-10-01,True,1664582400
TXN_9047932,CUST_08,Butchers,Item_6_BUT,12.5,10.0,125.0,Cash,Online,2022-02-02,True,1643760000
TXN_7198271,CUST_03,Furniture,Item_6_FUR,12.5,1.0,12.5,Credit Card,In-store,2023-06-24,True,1687564800
TXN_5318952,CUST_11,Food,Item_18_FOOD,30.5,1.0,30.5,Cash,Online,2025-01-12,False,1736640000
TXN_4451027,CUST_04,Electric household essentials,Item_17_EHE,29.0,6.0,174.0,Credit Card,In-store,2022-10-29,True,1667001600
TXN_7390310,CUST_23,Computers and electric accessories,Item_22_CEA,36.5,2.0,73.0,Credit Card,In-store,2023-11-19,False,1700352000
TXN_9290596,CUST_06,Beverages,Item_24_BEV,39.5,8.0,316.0,Digital Wallet,In-store,2024-11-06,False,1730851200
TXN_1636017,CUST_02,Butchers,Item_12_BUT,21.5,5.0,107.5,Digital Wallet,Online,2022-02-01,True,1643673600
TXN_5796004,CUST_21,Patisserie,Item_17_PAT,29.0,6.0,174.0,Digital Wallet,Online,2022-05-06,False,1651795200
TXN_1059221,CUST_17,Patisserie,Item_16_PAT,27.5,2.0,55.0,Cash,In-store,2022-09-11,True,1662854400
TXN_8924913,CUST_19,Butchers,Item_22_BUT,36.5,3.0,109.5,Credit Card,Online,2023-07-17,True,1689552000
TXN_9061738,CUST_14,Milk Products,Item_2_MILK,6.5,6.0,39.0,Cash,Online,2023-06-02,True,1685664000
TXN_5878503,CUST_21,Beverages,Item_8_BEV,15.5,7.0,108.5,Digital Wallet,Online,2024-06-07,False,1717718400
TXN_5171428,CUST_08,Milk Products,Item_10_MILK,18.5,5.0,92.5,Credit Card,Online,2022-01-08,True,1641600000
TXN_8662127,CUST_11,Food,Item_25_FOOD,41.0,4.0,164.0,Digital Wallet,In-store,2024-03-18,True,1710720000
TXN_6421767,CUST_01,Food,Item_11_FOOD,20.0,6.0,120.0,Credit Card,Online,2022-04-06,False,1649203200
TXN_5980130,CUST_22,Butchers,Item_4_BUT,9.5,3.0,28.5,Digital Wallet,In-store,2022-11-07,True,1667779200
TXN_6283940,CUST_01,Food,Item_7_FOOD,14.0,1.0,14.0,Credit Card,In-store,2022-09-21,True,1663718400
TXN_4640794,CUST_25,Milk Products,Item_10_MILK,18.5,5.0,92.5,Digital Wallet,Online,2023-01-18,True,1674000000
TXN_5872134,CUST_13,Patisserie,Item_19_PAT,32.0,8.0,256.0,Credit Card,Online,2023-05-29,False,1685318400
TXN_2630677,CUST_05,Patisserie,Item_10_PAT,18.5,5.0,92.5,Cash,In-store,2022-04-27,True,1651017600
TXN_6640306,CUST_08,Electric household essentials,Item_22_EHE,36.5,4.0,146.0,Digital Wallet,In-store,2023-04-05,False,1680652800
TXN_5240246,CUST_24,Butchers,Item_3_BUT,8.0,4.0,32.0,Cash,Online,2022-09-22,True,1663804800
TXN_5701666,CUST_14,Electric household essentials,Item_22_EHE,36.5,4.0,146.0,Cash,Online,2023-09-27,True,1695772800
TXN_1962372,CUST_21,Patisserie,Item_25_PAT,41.0,2.0,82.0,Digital Wallet,In-store,2023-07-25,True,1690243200
TXN_8160068,CUST_08,Milk Products,Item_6_MILK,12.5,9.0,112.5,Credit Card,Online,2023-03-30,True,1680134400
TXN_2130078,CUST_05,Food,Item_11_FOOD,20.0,4.0,80.0,Credit Card,In-store,2022-10-21,False,1666310400
TXN_1294411,CUST_04,Food,Item_17_FOOD,29.0,3.0,87.0,Digital Wallet,In-store,2023-09-21,False,1695254400
TXN_7818602,CUST_19,Beverages,Item_11_BEV,20.0,4.0,80.0,Credit Card,Online,2023-10-26,True,1698278400
TXN_8256175,CUST_07,Computers and electric accessories,Item_18_CEA,30.5,2.0,61.0,Credit Card,Online,2022-04-25,False,1650844800
TXN_7108299,CUST_22,Furniture,Item_24_FUR,39.5,5.0,197.5,Credit Card,In-store,2022-09-17,True,1663372800
TXN_6746068,CUST_14,Food,Item_13_FOOD,23.0,6.0,138.0,Digital Wallet,In-store,2022-02-13,True,1644710400
TXN_9235754,CUST_10,Electric household essentials,Item_23_EHE,38.0,2.0,76.0,Digital Wallet,Online,2024-05-03,False,1714694400
TXN_8504230,CUST_25,Milk Products,Item_4_MILK,9.5,5.0,47.5,Cash,Online,2024-11-01,False,1730419200
TXN_5512644,CUST_13,Electric household essentials,Item_1_EHE,5.0,1.0,5.0,Cash,In-store,2022-05-30,False,1653868800
TXN_4240172,CUST_19,Butchers,Item_20_BUT,33.5,4.0,134.0,Credit Card,Online,2022-07-26,True,1658793600
TXN_3985103,CUST_08,Food,Item_17_FOOD,29.0,2.0,58.0,Digital Wallet,Online,2022-12-27,True,1672099200
TXN_1460673,CUST_06,Furniture,Item_5_FUR,11.0,6.0,66.0,Credit Card,In-store,2023-04-14,False,1681430400
TXN_2976114,CUST_10,Beverages,Item_2_BEV,6.5,7.0,45.5,Cash,In-store,2022-08-29,True,1661731200
TXN_3813656,CUST_02,Beverages,Item_16_BEV,27.5,1.0,27.5,Credit Card,In-store,2022-09-01,False,1661990400
TXN_1882040,CUST_21,Food,Item_20_FOOD,33.5,7.0,234.5,Cash,Online,2022-09-08,False,1662595200
TXN_3054684,CUST_06,Furniture,Item_21_FUR,35.0,8.0,280.0,Digital Wallet,In-store,2024-12-30,True,1735516800
TXN_6726711,CUST_21,Milk Products,Item_23_MILK,38.0,4.0,152.0,Cash,In-store,2023-08-03,False,1691020800
TXN_9190979,CUST_24,Electric household essentials,Item_25_EHE,41.0,6.0,246.0,Cash,In-store,2022-10-08,False,1665187200
TXN_8445231,CUST_03,Food,Item_25_FOOD,41.0,7.0,287.0,Credit Card,In-store,2023-11-17,True,1700179200
TXN_9577293,CUST_22,Electric household essentials,Item_18_EHE,30.5,5.0,152.5,Digital Wallet,Online,2023-03-04,False,1677888000
TXN_9472197,CUST_23,Butchers,Item_11_BUT,20.0,6.0,120.0,Digital Wallet,In-store,2024-04-09,True,1712620800
TXN_5960789,CUST_11,Computers and electric accessories,Item_5_CEA,11.0,3.0,33.0,Cash,Online,2022-09-28,True,1664323200
TXN_4416629,CUST_01,Patisserie,Item_13_PAT,23.0,8.0,184.0,Credit Card,Online,2023-08-25,True,1692921600
TXN_7558428,CUST_02,Patisserie,Item_7_PAT,14.0,7.0,98.0,Credit Card,Online,2023-04-02,False,1680393600
TXN_3217988,CUST_25,Milk Products,Item_1_MILK,5.0,1.0,5.0,Digital Wallet,Online,2023-04-05,True,1680652800
TXN_2239968,CUST_01,Butchers,Item_13_BUT,23.0,1.0,23.0,Cash,Online,2023-09-14,False,1694649600
TXN_5642720,CUST_18,Furniture,Item_6_FUR,12.5,9.0,112.5,Cash,Online,2024-07-15,False,1721001600
TXN_9291336,CUST_19,Electric household essentials,Item_23_EHE,38.0,10.0,380.0,Digital Wallet,In-store,2022-12-10,True,1670630400
TXN_6865387,CUST_09,Computers and electric accessories,Item_3_CEA,8.0,8.0,64.0,Credit Card,Online,2022-12-07,True,1670371200
TXN_9468973,CUST_05,Computers and electric accessories,Item_2_CEA,6.5,7.0,45.5,Digital Wallet,In-store,2023-03-21,True,1679356800
TXN_6580606,CUST_16,Computers and electric accessories,Item_19_CEA,32.0,3.0,96.0,Credit Card,Online,2023-11-21,False,1700524800
TXN_5035756,CUST_02,Computers and electric accessories,Item_10_CEA,18.5,7.0,129.5,Cash,Online,2022-03-02,True,1646179200
TXN_4184687,CUST_23,Food,Item_6_FOOD,12.5,2.0,25.0,Digital Wallet,Online,2022-09-10,False,1662768000
TXN_3794692,CUST_08,Computers and electric accessories,Item_10_CEA,18.5,3.0,55.5,Cash,In-store,2024-10-18,False,1729209600
TXN_7293443,CUST_16,Beverages,Item_13_BEV,23.0,8.0,184.0,Credit Card,In-store,2024-09-11,False,1726012800
TXN_7369318,CUST_01,Beverages,Item_11_BEV,20.0,5.0,100.0,Credit Card,Online,2025-01-18,False,1737158400
TXN_1510555,CUST_10,Computers and electric accessories,Item_4_CEA,9.5,6.0,57.0,Credit Card,In-store,2024-10-18,True,1729209600
TXN_1512224,CUST_21,Electric household essentials,Item_2_EHE,6.5,8.0,52.0,Digital Wallet,Online,2023-11-26,True,1700956800
TXN_1170545,CUST_19,Electric household essentials,Item_8_EHE,15.5,4.0,62.0,Credit Card,Online,2023-11-27,True,1701043200
TXN_8402938,CUST_24,Butchers,Item_12_BUT,21.5,4.0,86.0,Credit Card,Online,2022-07-29,True,1659052800
TXN_3339094,CUST_13,Milk Products,Item_7_MILK,14.0,5.0,70.0,Credit Card,Online,2022-08-12,False,1660262400
TXN_1490052,CUST_18,Furniture,Item_24_FUR,39.5,2.0,79.0,Cash,In-store,2024-01-20,True,1705708800
TXN_2308456,CUST_02,Furniture,Item_15_FUR,26.0,9.0,234.0,Cash,In-store,2023-08-13,False,1691884800
TXN_4186609,CUST_22,Milk Products,Item_13_MILK,23.0,9.0,207.0,Digital Wallet,In-store,2023-09-09,False,1694217600
TXN_5547862,CUST_24,Food,Item_11_FOOD,20.0,10.0,200.0,Digital Wallet,In-store,2022-07-16,False,1657929600
TXN_2316809,CUST_02,Furniture,Item_5_FUR,11.0,7.0,77.0,Digital Wallet,In-store,2023-04-02,True,1680393600
TXN_5605094,CUST_07,Food,Item_14_FOOD,24.5,6.0,147.0,Credit Card,In-store,2024-04-01,False,1711929600
TXN_1941756,CUST_13,Patisserie,Item_6_PAT,12.5,1.0,12.5,Digital Wallet,In-store,2023-06-29,True,1687996800
TXN_2128482,CUST_19,Computers and electric accessories,Item_14_CEA,24.5,7.0,171.5,Credit Card,Online,2022-03-09,False,1646784000
TXN_3961196,CUST_16,Patisserie,Item_4_PAT,9.5,4.0,38.0,Cash,In-store,2023-05-17,True,1684281600
TXN_3147080,CUST_22,Butchers,Item_6_BUT,12.5,7.0,87.5,Digital Wallet,In-store,2024-12-11,False,1733875200
TXN_3369620,CUST_20,Computers and electric accessories,Item_11_CEA,20.0,5.0,100.0,Credit Card,Online,2024-10-01,False,1727740800
TXN_1004091,CUST_04,Food,Item_25_FOOD,41.0,3.0,123.0,Cash,In-store,2023-11-09,False,1699488000
TXN_3882897,CUST_14,Butchers,Item_17_BUT,29.0,9.0,261.0,Digital Wallet,Online,2024-04-12,False,1712880000
TXN_4143543,CUST_15,Computers and electric accessories,Item_9_CEA,17.0,2.0,34.0,Digital Wallet,In-store,2022-03-21,False,1647820800
TXN_9754957,CUST_21,Computers and electric accessories,Item_19_CEA,32.0,2.0,64.0,Cash,Online,2024-07-20,False,1721433600
TXN_6370101,CUST_10,Milk Products,Item_4_MILK,9.5,2.0,19.0,Digital Wallet,Online,2023-08-07,False,1691366400
TXN_1466235,CUST_18,Patisserie,Item_25_PAT,41.0,6.0,246.0,Cash,In-store,2022-12-25,True,1671926400
TXN_5309800,CUST_16,Butchers,Item_22_BUT,36.5,4.0,146.0,Digital Wallet,Online,2022-10-18,False,1666051200
TXN_2035106,CUST_20,Furniture,Item_2_FUR,6.5,10.0,65.0,Credit Card,In-store,2022-02-24,False,1645660800
TXN_4146156,CUST_08,Milk Products,Item_3_MILK,8.0,2.0,16.0,Cash,In-store,2024-01-14,True,1705190400
TXN_1532181,CUST_23,Patisserie,Item_10_PAT,18.5,2.0,37.0,Digital Wallet,In-store,2022-06-06,True,1654473600
TXN_8704721,CUST_09,Beverages,Item_14_BEV,24.5,10.0,245.0,Cash,Online,2023-02-16,True,1676505600
TXN_8830893,CUST_02,Food,Item_21_FOOD,35.0,7.0,245.0,Cash,Online,2024-06-30,True,1719705600
TXN_9727406,CUST_06,Milk Products,Item_3_MILK,8.0,8.0,64.0,Digital Wallet,In-store,2022-02-06,True,1644105600
TXN_5230040,CUST_25,Beverages,Item_1_BEV,5.0,5.0,25.0,Digital Wallet,Online,2022-07-12,False,1657584000
TXN_9038605,CUST_09,Milk Products,Item_4_MILK,9.5,2.0,19.0,Credit Card,In-store,2024-12-25,True,1735084800
TXN_8837653,CUST_14,Patisserie,Item_20_PAT,33.5,1.0,33.5,Digital Wallet,Online,2024-06-28,False,1719532800
TXN_3905417,CUST_12,Furniture,Item_24_FUR,39.5,6.0,237.0,Credit Card,Online,2024-04-14,False,1713052800
TXN_7819270,CUST_13,Computers and electric accessories,Item_23_CEA,38.0,1.0,38.0,Credit Card,In-store,2024-09-26,False,1727308800
TXN_9539536,CUST_10,Beverages,Item_22_BEV,36.5,1.0,36.5,Credit Card,In-store,2023-04-27,True,1682553600
TXN_5383494,CUST_15,Butchers,Item_12_BUT,21.5,4.0,86.0,Cash,In-store,2024-10-10,True,1728518400
TXN_9373920,CUST_24,Beverages,Item_14_BEV,24.5,5.0,122.5,Credit Card,Online,2022-05-25,True,1653436800
TXN_3362687,CUST_11,Patisserie,Item_22_PAT,36.5,9.0,328.5,Digital Wallet,In-store,2022-11-26,False,1669420800
TXN_5158663,CUST_06,Electric household essentials,Item_20_EHE,33.5,7.0,234.5,Digital Wallet,Online,2024-02-01,False,1706745600
TXN_3507613,CUST_03,Patisserie,Item_1_PAT,5.0,3.0,15.0,Digital Wallet,In-store,2023-11-27,False,1701043200
TXN_7352034,CUST_09,Computers and electric accessories,Item_7_CEA,14.0,7.0,98.0,Digital Wallet,Online,2023-06-12,False,1686528000
TXN_1433405,CUST_20,Beverages,Item_7_BEV,14.0,5.0,70.0,Digital Wallet,In-store,2023-07-20,False,1689811200
TXN_5713524,CUST_01,Milk Products,Item_11_MILK,20.0,7.0,140.0,Digital Wallet,In-store,2023-07-02,True,1688256000
TXN_4105300,CUST_03,Milk Products,Item_13_MILK,23.0,4.0,92.0,Credit Card,In-store,2023-08-27,True,1693094400
TXN_1640128,CUST_16,Food,Item_14_FOOD,24.5,3.0,73.5,Digital Wallet,Online,2024-10-28,True,1730073600
TXN_5646983,CUST_19,Butchers,Item_17_BUT,29.0,5.0,145.0,Cash,Online,2023-07-01,True,1688169600
TXN_6549525,CUST_22,Beverages,Item_14_BEV,24.5,7.0,171.5,Digital Wallet,In-store,2023-10-02,True,1696204800
TXN_8236696,CUST_04,Beverages,Item_2_BEV,6.5,4.0,26.0,Credit Card,Online,2024-08-11,False,1723334400
TXN_1809144,CUST_10,Patisserie,Item_2_PAT,6.5,6.0,39.0,Digital Wallet,In-store,2024-11-13,True,1731456000
TXN_8147277,CUST_06,Beverages,Item_18_BEV,30.5,1.0,30.5,Digital Wallet,In-store,2022-12-24,False,1671840000
TXN_3595305,CUST_03,Computers and electric accessories,Item_19_CEA,32.0,1.0,32.0,Cash,In-store,2023-04-16,True,1681603200
TXN_1006950,CUST_06,Food,Item_10_FOOD,18.5,5.0,92.5,Cash,Online,2023-08-03,True,1691020800
TXN_4284887,CUST_01,Computers and electric accessories,Item_2_CEA,6.5,9.0,58.5,Cash,Online,2022-10-26,True,1666742400
TXN_5331650,CUST_08,Milk Products,Item_7_MILK,14.0,8.0,112.0,Digital Wallet,Online,2023-04-03,False,1680480000
TXN_9082199,CUST_09,Beverages,Item_14_BEV,24.5,9.0,220.5,Digital Wallet,In-store,2024-09-02,False,1725235200
TXN_3681075,CUST_22,Butchers,Item_21_BUT,35.0,8.0,280.0,Cash,In-store,2022-06-01,True,1654041600
TXN_8420021,CUST_03,Milk Products,Item_8_MILK,15.5,6.0,93.0,Digital Wallet,Online,2022-03-23,False,1647993600
TXN_6866610,CUST_06,Electric household essentials,Item_18_EHE,30.5,5.0,152.5,Cash,In-store,2023-05-05,False,1683244800
TXN_1123016,CUST_14,Computers and electric accessories,Item_5_CEA,11.0,9.0,99.0,Digital Wallet,Online,2022-07-21,True,1658361600
TXN_7112380,CUST_03,Beverages,Item_24_BEV,39.5,5.0,197.5,Credit Card,In-store,2022-07-23,True,1658534400
TXN_6902939,CUST_05,Electric household essentials,Item_6_EHE,12.5,2.0,25.0,Digital Wallet,In-store,2022-12-13,False,1670889600
TXN_4446737,CUST_11,Beverages,Item_16_BEV,27.5,10.0,275.0,Cash,In-store,2022-03-15,False,1647302400
TXN_4403790,CUST_21,Furniture,Item_2_FUR,6.5,5.0,32.5,Digital Wallet,Online,2023-03-26,False,1679788800
TXN_8919663,CUST_21,Electric household essentials,Item_4_EHE,9.5,8.0,76.0,Cash,In-store,2022-01-09,True,1641686400
TXN_7545653,CUST_22,Milk Products,Item_6_MILK,12.5,2.0,25.0,Digital Wallet,In-store,2022-11-28,True,1669593600
TXN_4205627,CUST_21,Electric household essentials,Item_5_EHE,11.0,7.0,77.0,Digital Wallet,Online,2024-02-01,False,1706745600
TXN_9884690,CUST_05,Butchers,Item_3_BUT,8.0,3.0,24.0,Credit Card,Online,2022-10-24,False,1666569600
TXN_7249444,CUST_14,Computers and electric accessories,Item_18_CEA,30.5,10.0,305.0,Digital Wallet,In-store,2023-10-28,False,1698451200
TXN_1803828,CUST_03,Food,Item_25_FOOD,41.0,7.0,287.0,Digital Wallet,Online,2022-11-20,True,1668902400
TXN_7224484,CUST_22,Milk Products,Item_23_MILK,38.0,1.0,38.0,Cash,Online,2022-11-03,True,1667433600
TXN_6402109,CUST_23,Beverages,Item_20_BEV,33.5,6.0,201.0,Cash,In-store,2022-04-03,False,1648944000
TXN_3467911,CUST_21,Electric household essentials,Item_4_EHE,9.5,7.0,66.5,Cash,Online,2022-05-14,True,1652486400
TXN_9738373,CUST_02,Furniture,Item_7_FUR,14.0,8.0,112.0,Credit Card,Online,2023-09-15,True,1694736000
TXN_5374685,CUST_05,Beverages,Item_20_BEV,33.5,7.0,234.5,Credit Card,Online,2024-11-21,False,1732147200
TXN_3881126,CUST_23,Food,Item_20_FOOD,33.5,7.0,234.5,Credit Card,Online,2022-08-14,False,1660435200
TXN_7898844,CUST_13,Electric household essentials,Item_10_EHE,18.5,1.0,18.5,Cash,Online,2023-09-14,True,1694649600
TXN_4807004,CUST_02,Milk Products,Item_13_MILK,23.0,2.0,46.0,Cash,In-store,2024-10-05,True,1728086400
TXN_5149787,CUST_05,Butchers,Item_25_BUT,41.0,9.0,369.0,Credit Card,Online,2024-02-18,True,1708214400
TXN_4407458,CUST_14,Electric household essentials,Item_17_EHE,29.0,9.0,261.0,Cash,Online,2023-03-26,False,1679788800
TXN_3739937,CUST_02,Computers and electric accessories,Item_9_CEA,17.0,6.0,102.0,Credit Card,Online,2024-03-01,True,1709251200
TXN_1877555,CUST_18,Butchers,Item_25_BUT,41.0,9.0,369.0,Credit Card,In-store,2024-03-03,True,1709424000
TXN_1310355,CUST_06,Furniture,Item_18_FUR,30.5,7.0,213.5,Cash,Online,2023-01-16,False,1673827200
TXN_2774355,CUST_14,Beverages,Item_15_BEV,26.0,6.0,156.0,Cash,In-store,2023-10-19,True,1697673600
TXN_3802505,CUST_13,Beverages,Item_4_BEV,9.5,3.0,28.5,Cash,Online,2022-01-13,True,1642032000
TXN_2327962,CUST_12,Electric household essentials,Item_13_EHE,23.0,9.0,207.0,Credit Card,Online,2023-02-19,True,1676764800
TXN_7693291,CUST_12,Electric household essentials,Item_6_EHE,12.5,9.0,112.5,Digital Wallet,Online,2025-01-04,False,1735948800
TXN_6533918,CUST_07,Furniture,Item_24_FUR,39.5,10.0,395.0,Digital Wallet,Online,2022-12-03,False,1670025600
TXN_2592664,CUST_14,Milk Products,Item_16_MILK,27.5,5.0,137.5,Credit Card,Online,2023-03-06,False,1678060800
TXN_3334999,CUST_06,Food,Item_20_FOOD,33.5,10.0,335.0,Digital Wallet,In-store,2023-04-02,True,1680393600
TXN_9377257,CUST_06,Food,Item_25_FOOD,41.0,6.0,246.0,Digital Wallet,Online,2024-03-04,False,1709510400
TXN_4674285,CUST_16,Food,Item_10_FOOD,18.5,10.0,185.0,Digital Wallet,In-store,2024-02-05,False,1707091200
TXN_9841782,CUST_20,Electric household essentials,Item_2_EHE,6.5,7.0,45.5,Cash,Online,2022-07-19,False,1658188800
TXN_1603699,CUST_17,Computers and electric accessories,Item_2_CEA,6.5,2.0,13.0,Digital Wallet,In-store,2023-10-23,True,1698019200
TXN_1063182,CUST_01,Beverages,Item_2_BEV,6.5,10.0,65.0,Credit Card,Online,2022-05-02,False,1651449600
TXN_4717451,CUST_23,Milk Products,Item_7_MILK,14.0,4.0,56.0,Cash,In-store,2023-11-04,False,1699056000
TXN_1126918,CUST_06,Furniture,Item_6_FUR,12.5,7.0,87.5,Cash,Online,2022-10-23,False,1666483200
TXN_7759967,CUST_13,Computers and electric accessories,Item_9_CEA,17.0,5.0,85.0,Credit Card,Online,2024-01-03,True,1704240000
TXN_9697733,CUST_13,Beverages,Item_3_BEV,8.0,10.0,80.0,Cash,Online,2024-02-10,False,1707523200
TXN_6610649,CUST_22,Beverages,Item_7_BEV,14.0,1.0,14.0,Cash,Online,2024-06-17,False,1718582400
TXN_2138629,CUST_12,Beverages,Item_8_BEV,15.5,1.0,15.5,Digital Wallet,Online,2022-01-30,False,1643500800
TXN_1139198,CUST_01,Furniture,Item_17_FUR,29.0,7.0,203.0,Digital Wallet,In-store,2022-11-04,True,1667520000
TXN_9540741,CUST_14,Milk Products,Item_7_MILK,14.0,2.0,28.0,Credit Card,Online,2022-03-06,True,1646524800
TXN_4554250,CUST_23,Furniture,Item_25_FUR,41.0,6.0,246.0,Credit Card,In-store,2022-10-19,False,1666137600
TXN_6887406,CUST_04,Milk Products,Item_17_MILK,29.0,8.0,232.0,Digital Wallet,Online,2022-03-23,False,1647993600
TXN_3487125,CUST_09,Butchers,Item_2_BUT,6.5,5.0,32.5,Digital Wallet,Online,2023-06-08,True,1686182400
TXN_8949747,CUST_21,Milk Products,Item_11_MILK,20.0,10.0,200.0,Digital Wallet,Online,2022-01-29,False,1643414400
TXN_1224414,CUST_15,Furniture,Item_6_FUR,12.5,5.0,62.5,Digital Wallet,Online,2022-01-23,True,1642896000
TXN_5627047,CUST_16,Butchers,Item_24_BUT,39.5,7.0,276.5,Cash,Online,2022-02-06,True,1644105600
TXN_7072572,CUST_13,Milk Products,Item_11_MILK,20.0,1.0,20.0,Cash,In-store,2022-01-13,True,1642032000
TXN_8583404,CUST_25,Patisserie,Item_11_PAT,20.0,9.0,180.0,Credit Card,Online,2024-01-27,True,1706313600
TXN_1524234,CUST_16,Electric household essentials,Item_7_EHE,14.0,10.0,140.0,Digital Wallet,Online,2022-11-12,False,1668211200
TXN_5969755,CUST_16,Milk Products,Item_19_MILK,32.0,4.0,128.0,Cash,Online,2023-12-25,True,1703462400
TXN_6447825,CUST_19,Food,Item_17_FOOD,29.0,7.0,203.0,Cash,In-store,2024-07-01,False,1719792000
TXN_7182790,CUST_23,Food,Item_25_FOOD,41.0,4.0,164.0,Credit Card,Online,2023-09-06,True,1693958400
TXN_6185500,CUST_22,Computers and electric accessories,Item_13_CEA,23.0,7.0,161.0,Cash,In-store,2024-06-04,True,1717459200
TXN_3201198,CUST_21,Patisserie,Item_12_PAT,21.5,2.0,43.0,Credit Card,In-store,2024-09-09,False,1725840000
TXN_8030351,CUST_06,Beverages,Item_14_BEV,24.5,1.0,24.5,Digital Wallet,In-store,2024-06-13,False,1718236800
TXN_2525825,CUST_08,Food,Item_22_FOOD,36.5,3.0,109.5,Digital Wallet,In-store,2024-03-13,False,1710288000
TXN_3373651,CUST_08,Patisserie,Item_17_PAT,29.0,10.0,290.0,Cash,In-store,2022-01-21,True,1642723200
TXN_2344077,CUST_25,Electric household essentials,Item_12_EHE,21.5,10.0,215.0,Credit Card,Online,2024-03-31,True,1711843200
TXN_6615966,CUST_17,Milk Products,Item_23_MILK,38.0,6.0,228.0,Cash,Online,2023-09-05,True,1693872000
TXN_2721068,CUST_15,Electric household essentials,Item_6_EHE,12.5,6.0,75.0,Cash,In-store,2023-01-03,False,1672704000
TXN_2728490,CUST_25,Patisserie,Item_10_PAT,18.5,1.0,18.5,Credit Card,Online,2023-10-31,True,1698710400
TXN_3545596,CUST_10,Beverages,Item_10_BEV,18.5,7.0,129.5,Credit Card,In-store,2023-03-26,True,1679788800
TXN_4304033,CUST_14,Milk Products,Item_16_MILK,27.5,4.0,110.0,Cash,Online,2023-12-05,False,1701734400
TXN_2586658,CUST_15,Butchers,Item_16_BUT,27.5,2.0,55.0,Cash,Online,2022-10-11,False,1665446400
TXN_3219471,CUST_07,Milk Products,Item_11_MILK,20.0,2.0,40.0,Cash,In-store,2022-03-26,False,1648252800
TXN_9199770,CUST_24,Furniture,Item_4_FUR,9.5,2.0,19.0,Cash,In-store,2022-11-25,True,1669334400
TXN_1236974,CUST_01,Beverages,Item_4_BEV,9.5,8.0,76.0,Cash,Online,2023-04-21,False,1682035200
TXN_3572849,CUST_05,Food,Item_25_FOOD,41.0,6.0,246.0,Credit Card,Online,2023-05-08,True,1683504000
TXN_5503377,CUST_09,Computers and electric accessories,Item_16_CEA,27.5,4.0,110.0,Credit Card,Online,2023-07-13,True,1689206400
TXN_2258785,CUST_16,Butchers,Item_3_BUT,8.0,10.0,80.0,Cash,In-store,2023-01-13,False,1673568000
TXN_8012805,CUST_24,Milk Products,Item_9_MILK,17.0,2.0,34.0,Credit Card,In-store,2022-11-22,False,1669075200
TXN_3671517,CUST_13,Milk Products,Item_1_MILK,5.0,9.0,45.0,Digital Wallet,In-store,2024-01-06,False,1704499200
TXN_7069237,CUST_08,Beverages,Item_12_BEV,21.5,9.0,193.5,Credit Card,In-store,2023-11-28,False,1701129600
TXN_4920125,CUST_10,Food,Item_6_FOOD,12.5,1.0,12.5,Digital Wallet,In-store,2023-03-14,False,1678752000
TXN_3419392,CUST_25,Butchers,Item_18_BUT,30.5,5.0,152.5,Credit Card,Online,2024-12-14,False,1734134400
TXN_5149491,CUST_13,Milk Products,Item_16_MILK,27.5,10.0,275.0,Cash,Online,2022-05-21,True,1653091200
TXN_9080551,CUST_21,Beverages,Item_7_BEV,14.0,2.0,28.0,Digital Wallet,Online,2022-07-21,False,1658361600
TXN_5317550,CUST_23,Furniture,Item_17_FUR,29.0,4.0,116.0,Credit Card,In-store,2024-05-14,True,1715644800
TXN_9071198,CUST_05,Beverages,Item_2_BEV,6.5,8.0,52.0,Credit Card,Online,2022-10-31,False,1667174400
TXN_3588227,CUST_22,Butchers,Item_22_BUT,36.5,8.0,292.0,Credit Card,Online,2022-05-09,True,1652054400
TXN_5505701,CUST_04,Milk Products,Item_11_MILK,20.0,10.0,200.0,Digital Wallet,In-store,2024-07-08,False,1720396800
TXN_9211951,CUST_10,Furniture,Item_8_FUR,15.5,6.0,93.0,Cash,Online,2024-02-16,True,1708041600
TXN_9910150,CUST_08,Electric household essentials,Item_9_EHE,17.0,4.0,68.0,Digital Wallet,Online,2022-05-23,True,1653264000
TXN_3381866,CUST_16,Beverages,Item_20_BEV,33.5,8.0,268.0,Digital Wallet,Online,2024-09-07,False,1725667200
TXN_3836955,CUST_05,Milk Products,Item_22_MILK,36.5,5.0,182.5,Digital Wallet,In-store,2024-11-21,True,1732147200
TXN_1899099,CUST_06,Food,Item_1_FOOD,5.0,3.0,15.0,Cash,In-store,2022-08-06,True,1659744000
TXN_4029684,CUST_16,Furniture,Item_21_FUR,35.0,7.0,245.0,Digital Wallet,In-store,2024-04-19,True,1713484800
TXN_1097532,CUST_02,Beverages,Item_12_BEV,21.5,3.0,64.5,Digital Wallet,Online,2022-03-01,False,1646092800
TXN_1141808,CUST_23,Patisserie,Item_8_PAT,15.5,2.0,31.0,Credit Card,Online,2022-03-14,False,1647216000
TXN_3519483,CUST_03,Butchers,Item_8_BUT,15.5,8.0,124.0,Credit Card,Online,2022-12-16,True,1671148800
TXN_5630572,CUST_04,Patisserie,Item_24_PAT,39.5,7.0,276.5,Digital Wallet,Online,2023-10-05,True,1696464000
TXN_3886696,CUST_01,Electric household essentials,Item_9_EHE,17.0,9.0,153.0,Cash,Online,2024-12-18,True,1734480000
TXN_3642410,CUST_12,Milk Products,Item_7_MILK,14.0,2.0,28.0,Digital Wallet,In-store,2024-10-08,False,1728345600
TXN_8373559,CUST_23,Computers and electric accessories,Item_9_CEA,17.0,3.0,51.0,Digital Wallet,Online,2022-11-19,False,1668816000
TXN_5936341,CUST_23,Patisserie,Item_19_PAT,32.0,8.0,256.0,Digital Wallet,Online,2022-07-13,True,1657670400
TXN_1558197,CUST_01,Food,Item_20_FOOD,33.5,6.0,201.0,Digital Wallet,Online,2024-04-23,True,1713830400
TXN_1509297,CUST_04,Beverages,Item_14_BEV,24.5,1.0,24.5,Credit Card,In-store,2023-07-16,True,1689465600
TXN_6253708,CUST_12,Furniture,Item_15_FUR,26.0,6.0,156.0,Digital Wallet,In-store,2022-11-03,True,1667433600
TXN_2276275,CUST_13,Milk Products,Item_22_MILK,36.5,9.0,328.5,Cash,In-store,2022-04-29,True,1651190400
TXN_8514415,CUST_03,Furniture,Item_8_FUR,15.5,8.0,124.0,Cash,Online,2022-12-21,True,1671580800
TXN_7232932,CUST_21,Electric household essentials,Item_16_EHE,27.5,1.0,27.5,Cash,Online,2022-04-16,False,1650067200
TXN_8219862,CUST_07,Electric household essentials,Item_12_EHE,21.5,3.0,64.5,Digital Wallet,In-store,2022-08-11,False,1660176000
TXN_4483598,CUST_02,Patisserie,Item_14_PAT,24.5,7.0,171.5,Digital Wallet,In-store,2024-09-06,True,1725580800
TXN_1362426,CUST_20,Beverages,Item_2_BEV,6.5,3.0,19.5,Credit Card,Online,2024-07-14,True,1720915200
TXN_9372793,CUST_17,Food,Item_8_FOOD,15.5,9.0,139.5,Digital Wallet,In-store,2023-11-11,False,1699660800
TXN_2190866,CUST_03,Butchers,Item_23_BUT,38.0,5.0,190.0,Cash,Online,2024-01-26,True,1706227200
TXN_1204007,CUST_11,Furniture,Item_14_FUR,24.5,8.0,196.0,Cash,In-store,2022-10-11,True,1665446400
TXN_2046485,CUST_10,Patisserie,Item_14_PAT,24.5,3.0,73.5,Digital Wallet,In-store,2024-12-09,True,1733702400
TXN_7548408,CUST_18,Milk Products,Item_7_MILK,14.0,4.0,56.0,Digital Wallet,Online,2023-04-14,False,1681430400
TXN_7341164,CUST_11,Furniture,Item_21_FUR,35.0,9.0,315.0,Cash,In-store,2024-07-17,True,1721174400
TXN_1040270,CUST_02,Furniture,Item_15_FUR,26.0,2.0,52.0,Credit Card,In-store,2022-05-03,True,1651536000
TXN_6730972,CUST_22,Butchers,Item_22_BUT,36.5,4.0,146.0,Cash,In-store,2024-09-05,False,1725494400
TXN_8139295,CUST_08,Beverages,Item_1_BEV,5.0,1.0,5.0,Credit Card,Online,2023-07-05,True,1688515200
TXN_5578636,CUST_23,Patisserie,Item_25_PAT,41.0,4.0,164.0,Credit Card,Online,2024-06-03,False,1717372800
TXN_3878663,CUST_11,Patisserie,Item_10_PAT,18.5,3.0,55.5,Digital Wallet,Online,2024-03-31,False,1711843200
TXN_3493022,CUST_15,Electric household essentials,Item_1_EHE,5.0,5.0,25.0,Credit Card,Online,2023-11-25,False,1700870400
TXN_8052085,CUST_20,Furniture,Item_17_FUR,29.0,2.0,58.0,Cash,In-store,2024-07-22,True,1721606400
TXN_8961064,CUST_16,Butchers,Item_4_BUT,9.5,10.0,95.0,Digital Wallet,In-store,2024-06-22,True,1719014400
TXN_8148844,CUST_19,Patisserie,Item_24_PAT,39.5,7.0,276.5,Cash,In-store,2023-10-08,True,1696723200
TXN_8804809,CUST_20,Beverages,Item_18_BEV,30.5,6.0,183.0,Credit Card,In-store,2024-08-07,True,1722988800
TXN_5239006,CUST_03,Milk Products,Item_22_MILK,36.5,9.0,328.5,Credit Card,Online,2023-01-06,False,1672963200
TXN_1648617,CUST_05,Electric household essentials,Item_22_EHE,36.5,9.0,328.5,Cash,In-store,2023-01-11,True,1673395200
TXN_5116293,CUST_02,Patisserie,Item_8_PAT,15.5,6.0,93.0,Cash,Online,2022-12-05,False,1670198400
TXN_1744322,CUST_07,Patisserie,Item_12_PAT,21.5,4.0,86.0,Credit Card,In-store,2023-06-07,True,1686096000
TXN_9170840,CUST_05,Electric household essentials,Item_12_EHE,21.5,6.0,129.0,Credit Card,In-store,2022-08-10,True,1660089600
TXN_3303369,CUST_06,Computers and electric accessories,Item_14_CEA,24.5,4.0,98.0,Cash,In-store,2023-06-11,True,1686441600
TXN_8431956,CUST_01,Beverages,Item_3_BEV,8.0,3.0,24.0,Credit Card,Online,2022-10-26,False,1666742400
TXN_3954668,CUST_07,Food,Item_12_FOOD,21.5,6.0,129.0,Credit Card,Online,2024-09-17,True,1726531200
TXN_8098014,CUST_11,Milk Products,Item_4_MILK,9.5,6.0,57.0,Digital Wallet,Online,2022-02-07,False,1644192000
TXN_2624160,CUST_16,Butchers,Item_25_BUT,41.0,10.0,410.0,Digital Wallet,Online,2022-06-19,True,1655596800
TXN_4066635,CUST_09,Butchers,Item_12_BUT,21.5,3.0,64.5,Cash,In-store,2022-05-03,False,1651536000
TXN_1704261,CUST_19,Butchers,Item_5_BUT,11.0,7.0,77.0,Cash,Online,2023-08-01,True,1690848000
TXN_3746744,CUST_16,Food,Item_24_FOOD,39.5,5.0,197.5,Digital Wallet,In-store,2023-10-02,False,1696204800
TXN_7949340,CUST_06,Furniture,Item_8_FUR,15.5,4.0,62.0,Digital Wallet,In-store,2023-11-04,False,1699056000
TXN_4974240,CUST_25,Electric household essentials,Item_10_EHE,18.5,5.0,92.5,Digital Wallet,In-store,2023-03-30,True,1680134400
TXN_9032953,CUST_23,Beverages,Item_4_BEV,9.5,7.0,66.5,Credit Card,In-store,2022-04-19,False,1650326400
TXN_9612422,CUST_04,Butchers,Item_6_BUT,12.5,6.0,75.0,Digital Wallet,In-store,2022-01-30,False,1643500800
TXN_8883555,CUST_12,Furniture,Item_1_FUR,5.0,3.0,15.0,Credit Card,In-store,2022-10-12,True,1665532800
TXN_5890409,CUST_17,Beverages,Item_17_BEV,29.0,9.0,261.0,Digital Wallet,Online,2022-10-26,False,1666742400
TXN_9497226,CUST_16,Furniture,Item_21_FUR,35.0,3.0,105.0,Credit Card,In-store,2024-04-25,True,1714003200
TXN_5601162,CUST_22,Computers and electric accessories,Item_15_CEA,26.0,1.0,26.0,Cash,In-store,2022-01-26,True,1643155200
TXN_7010436,CUST_12,Milk Products,Item_24_MILK,39.5,6.0,237.0,Cash,In-store,2024-11-07,True,1730937600
TXN_2084347,CUST_07,Milk Products,Item_6_MILK,12.5,7.0,87.5,Credit Card,In-store,2022-11-22,False,1669075200
TXN_9978007,CUST_14,Electric household essentials,Item_23_EHE,38.0,2.0,76.0,Cash,In-store,2022-11-02,False,1667347200
TXN_1843848,CUST_05,Patisserie,Item_13_PAT,23.0,8.0,184.0,Credit Card,Online,2022-10-13,False,1665619200
TXN_6600014,CUST_15,Patisserie,Item_7_PAT,14.0,2.0,28.0,Digital Wallet,In-store,2022-02-10,False,1644451200
TXN_7203576,CUST_08,Butchers,Item_25_BUT,41.0,4.0,164.0,Cash,Online,2023-12-31,False,1703980800
TXN_7597485,CUST_14,Milk Products,Item_19_MILK,32.0,9.0,288.0,Credit Card,Online,2023-02-24,True,1677196800
TXN_8283053,CUST_03,Beverages,Item_17_BEV,29.0,6.0,174.0,Cash,In-store,2024-12-14,True,1734134400
TXN_9662767,CUST_01,Beverages,Item_20_BEV,33.5,9.0,301.5,Credit Card,In-store,2022-01-02,True,1641081600
TXN_1936106,CUST_17,Patisserie,Item_6_PAT,12.5,2.0,25.0,Digital Wallet,In-store,2022-09-15,True,1663200000
TXN_9701569,CUST_04,Food,Item_17_FOOD,29.0,6.0,174.0,Cash,Online,2024-06-30,False,1719705600
TXN_3548100,CUST_18,Beverages,Item_17_BEV,29.0,5.0,145.0,Credit Card,In-store,2024-12-06,False,1733443200
TXN_5807928,CUST_08,Butchers,Item_11_BUT,20.0,9.0,180.0,Cash,Online,2024-11-08,True,1731024000
TXN_4151549,CUST_03,Food,Item_22_FOOD,36.5,1.0,36.5,Cash,Online,2023-02-17,False,1676592000
TXN_3748574,CUST_17,Milk Products,Item_18_MILK,30.5,5.0,152.5,Credit Card,Online,2022-03-30,False,1648598400
TXN_4886514,CUST_15,Beverages,Item_10_BEV,18.5,9.0,166.5,Cash,In-store,2022-05-21,False,1653091200
TXN_9027424,CUST_14,Furniture,Item_17_FUR,29.0,10.0,290.0,Digital Wallet,Online,2022-01-13,True,1642032000
TXN_5808902,CUST_08,Patisserie,Item_3_PAT,8.0,8.0,64.0,Digital Wallet,In-store,2024-05-08,True,1715126400
TXN_3345761,CUST_17,Furniture,Item_20_FUR,33.5,6.0,201.0,Credit Card,Online,2024-09-18,False,1726617600
TXN_5778640,CUST_17,Electric household essentials,Item_16_EHE,27.5,7.0,192.5,Digital Wallet,Online,2023-12-31,False,1703980800
TXN_2703515,CUST_14,Furniture,Item_16_FUR,27.5,6.0,165.0,Credit Card,In-store,2024-11-23,False,1732320000
TXN_8943178,CUST_21,Patisserie,Item_23_PAT,38.0,7.0,266.0,Credit Card,In-store,2023-03-18,False,1679097600
TXN_2322791,CUST_03,Furniture,Item_15_FUR,26.0,4.0,104.0,Cash,Online,2023-01-15,False,1673740800
TXN_4511207,CUST_05,Butchers,Item_12_BUT,21.5,5.0,107.5,Credit Card,In-store,2022-05-26,False,1653523200
TXN_9450631,CUST_25,Patisserie,Item_20_PAT,33.5,10.0,335.0,Digital Wallet,In-store,2024-06-09,True,1717891200
TXN_9120797,CUST_08,Food,Item_22_FOOD,36.5,1.0,36.5,Credit Card,In-store,2024-10-25,True,1729814400
TXN_7177583,CUST_10,Butchers,Item_25_BUT,41.0,10.0,410.0,Cash,In-store,2024-08-31,False,1725062400
TXN_2695742,CUST_04,Butchers,Item_22_BUT,36.5,6.0,219.0,Credit Card,In-store,2022-03-17,False,1647475200
TXN_2430569,CUST_14,Beverages,Item_15_BEV,26.0,10.0,260.0,Cash,Online,2024-09-15,False,1726358400
TXN_9045570,CUST_15,Butchers,Item_22_BUT,36.5,1.0,36.5,Digital Wallet,Online,2023-05-22,False,1684713600
TXN_1223061,CUST_17,Milk Products,Item_21_MILK,35.0,10.0,350.0,Credit Card,Online,2022-09-05,True,1662336000
TXN_3908189,CUST_11,Beverages,Item_3_BEV,8.0,3.0,24.0,Cash,In-store,2023-05-18,False,1684368000
TXN_4892629,CUST_22,Furniture,Item_21_FUR,35.0,5.0,175.0,Credit Card,In-store,2024-02-20,True,1708387200
TXN_9025455,CUST_01,Butchers,Item_19_BUT,32.0,7.0,224.0,Cash,Online,2022-05-13,True,1652400000
TXN_9891427,CUST_08,Food,Item_20_FOOD,33.5,2.0,67.0,Cash,Online,2024-07-24,False,1721779200
TXN_9210943,CUST_02,Furniture,Item_14_FUR,24.5,8.0,196.0,Credit Card,Online,2022-05-22,True,1653177600
TXN_7188615,CUST_09,Milk Products,Item_17_MILK,29.0,3.0,87.0,Digital Wallet,Online,2022-07-25,False,1658707200
TXN_9854071,CUST_06,Milk Products,Item_7_MILK,14.0,10.0,140.0,Digital Wallet,Online,2024-03-12,True,1710201600
TXN_8138424,CUST_09,Electric household essentials,Item_4_EHE,9.5,10.0,95.0,Credit Card,Online,2022-04-08,True,1649376000
TXN_1523076,CUST_14,Milk Products,Item_17_MILK,29.0,7.0,203.0,Digital Wallet,Online,2022-09-18,True,1663459200
TXN_4813615,CUST_07,Milk Products,Item_23_MILK,38.0,7.0,266.0,Cash,Online,2023-02-26,True,1677369600
TXN_4961176,CUST_13,Electric household essentials,Item_20_EHE,33.5,7.0,234.5,Credit Card,In-store,2024-07-04,True,1720051200
TXN_2140589,CUST_08,Beverages,Item_7_BEV,14.0,7.0,98.0,Credit Card,Online,2022-07-14,True,1657756800
TXN_4602911,CUST_13,Milk Products,Item_3_MILK,8.0,7.0,56.0,Credit Card,In-store,2023-07-17,False,1689552000
TXN_7241323,CUST_10,Furniture,Item_15_FUR,26.0,5.0,130.0,Cash,In-store,2022-02-12,False,1644624000
TXN_6423634,CUST_02,Patisserie,Item_14_PAT,24.5,5.0,122.5,Cash,Online,2024-08-02,False,1722556800
TXN_1012234,CUST_15,Computers and electric accessories,Item_3_CEA,8.0,7.0,56.0,Credit Card,In-store,2024-05-12,True,1715472000
TXN_8941189,CUST_14,Milk Products,Item_6_MILK,12.5,2.0,25.0,Credit Card,Online,2022-09-20,False,1663632000
TXN_6437858,CUST_08,Electric household essentials,Item_9_EHE,17.0,10.0,170.0,Credit Card,In-store,2024-10-03,True,1727913600
TXN_5539624,CUST_16,Milk Products,Item_19_MILK,32.0,8.0,256.0,Digital Wallet,Online,2022-08-26,False,1661472000
TXN_3489467,CUST_23,Computers and electric accessories,Item_12_CEA,21.5,7.0,150.5,Credit Card,In-store,2023-10-15,True,1697328000
TXN_7948812,CUST_06,Furniture,Item_2_FUR,6.5,7.0,45.5,Digital Wallet,Online,2024-12-23,False,1734912000
TXN_2239985,CUST_24,Furniture,Item_5_FUR,11.0,10.0,110.0,Digital Wallet,Online,2024-06-22,False,1719014400
TXN_3838395,CUST_20,Furniture,Item_7_FUR,14.0,8.0,112.0,Digital Wallet,Online,2023-08-27,False,1693094400
TXN_1845043,CUST_12,Food,Item_13_FOOD,23.0,8.0,184.0,Digital Wallet,In-store,2024-11-21,True,1732147200
TXN_8291984,CUST_02,Furniture,Item_12_FUR,21.5,8.0,172.0,Cash,Online,2023-04-09,False,1680998400
TXN_7799286,CUST_11,Electric household essentials,Item_4_EHE,9.5,7.0,66.5,Cash,In-store,2023-11-28,False,1701129600
TXN_4563856,CUST_15,Furniture,Item_1_FUR,5.0,4.0,20.0,Cash,In-store,2024-08-31,True,1725062400
TXN_6159378,CUST_14,Milk Products,Item_1_MILK,5.0,6.0,30.0,Cash,Online,2023-01-24,False,1674518400
TXN_2756540,CUST_21,Milk Products,Item_16_MILK,27.5,1.0,27.5,Credit Card,Online,2023-05-09,True,1683590400
TXN_9433964,CUST_08,Milk Products,Item_22_MILK,36.5,8.0,292.0,Credit Card,In-store,2023-11-13,False,1699833600
TXN_8626137,CUST_08,Furniture,Item_14_FUR,24.5,9.0,220.5,Cash,In-store,2024-07-20,True,1721433600
TXN_8112678,CUST_02,Furniture,Item_10_FUR,18.5,9.0,166.5,Cash,In-store,2023-01-22,True,1674345600
TXN_6177742,CUST_07,Food,Item_5_FOOD,11.0,6.0,66.0,Digital Wallet,Online,2024-01-09,False,1704758400
TXN_1312767,CUST_24,Butchers,Item_22_BUT,36.5,10.0,365.0,Credit Card,Online,2022-05-10,True,1652140800
TXN_6161762,CUST_03,Electric household essentials,Item_25_EHE,41.0,7.0,287.0,Digital Wallet,In-store,2023-01-14,True,1673654400
TXN_1904037,CUST_25,Electric household essentials,Item_20_EHE,33.5,1.0,33.5,Credit Card,Online,2023-12-25,True,1703462400
TXN_1190991,CUST_06,Butchers,Item_12_BUT,21.5,10.0,215.0,Digital Wallet,Online,2022-10-21,True,1666310400
TXN_9733008,CUST_07,Furniture,Item_24_FUR,39.5,3.0,118.5,Credit Card,Online,2023-09-19,False,1695081600
TXN_2394468,CUST_16,Milk Products,Item_7_MILK,14.0,7.0,98.0,Credit Card,In-store,2022-11-19,True,1668816000
TXN_2948826,CUST_05,Electric household essentials,Item_15_EHE,26.0,7.0,182.0,Cash,Online,2024-09-16,True,1726444800
TXN_6807818,CUST_21,Patisserie,Item_3_PAT,8.0,2.0,16.0,Cash,Online,2022-08-27,True,1661558400
TXN_7561371,CUST_12,Food,Item_4_FOOD,9.5,1.0,9.5,Credit Card,Online,2024-10-26,False,1729900800
TXN_4574096,CUST_13,Milk Products,Item_11_MILK,20.0,8.0,160.0,Cash,In-store,2025-01-02,True,1735776000
TXN_7440936,CUST_22,Electric household essentials,Item_8_EHE,15.5,1.0,15.5,Digital Wallet,Online,2024-08-20,False,1724112000
TXN_2959732,CUST_14,Butchers,Item_23_BUT,38.0,2.0,76.0,Cash,In-store,2022-02-12,True,1644624000
TXN_6601827,CUST_08,Beverages,Item_8_BEV,15.5,7.0,108.5,Credit Card,In-store,2022-03-18,False,1647561600
TXN_5626224,CUST_14,Computers and electric accessories,Item_9_CEA,17.0,10.0,170.0,Credit Card,In-store,2022-03-17,False,1647475200
TXN_9004658,CUST_11,Patisserie,Item_20_PAT,33.5,4.0,134.0,Credit Card,In-store,2023-05-15,False,1684108800
TXN_7405215,CUST_22,Computers and electric accessories,Item_8_CEA,15.5,8.0,124.0,Cash,Online,2022-01-07,True,1641513600
TXN_1209700,CUST_08,Beverages,Item_24_BEV,39.5,9.0,355.5,Digital Wallet,In-store,2024-06-17,False,1718582400
TXN_8730858,CUST_20,Milk Products,Item_18_MILK,30.5,10.0,305.0,Credit Card,In-store,2023-12-22,True,1703203200
TXN_2573564,CUST_13,Butchers,Item_16_BUT,27.5,10.0,275.0,Digital Wallet,Online,2024-07-16,True,1721088000
TXN_9457772,CUST_08,Electric household essentials,Item_10_EHE,18.5,8.0,148.0,Credit Card,Online,2023-05-02,True,1682985600
TXN_4978591,CUST_03,Computers and electric accessories,Item_21_CEA,35.0,4.0,140.0,Digital Wallet,In-store,2024-07-16,True,1721088000
TXN_2419940,CUST_03,Patisserie,Item_12_PAT,21.5,10.0,215.0,Digital Wallet,In-store,2022-08-12,False,1660262400
TXN_9197649,CUST_16,Milk Products,Item_18_MILK,30.5,5.0,152.5,Cash,In-store,2023-10-21,True,1697846400
TXN_7241105,CUST_07,Electric household essentials,Item_13_EHE,23.0,2.0,46.0,Cash,Online,2023-07-12,True,1689120000
TXN_9700363,CUST_16,Milk Products,Item_18_MILK,30.5,4.0,122.0,Cash,Online,2022-08-05,False,1659657600
TXN_9193687,CUST_25,Beverages,Item_10_BEV,18.5,8.0,148.0,Cash,In-store,2022-12-18,True,1671321600
TXN_5985965,CUST_25,Furniture,Item_1_FUR,5.0,5.0,25.0,Digital Wallet,Online,2024-03-20,False,1710892800
TXN_3223113,CUST_15,Electric household essentials,Item_8_EHE,15.5,9.0,139.5,Digital Wallet,Online,2024-08-27,False,1724716800
TXN_2644918,CUST_12,Electric household essentials,Item_6_EHE,12.5,9.0,112.5,Digital Wallet,Online,2022-05-03,True,1651536000
TXN_7516568,CUST_24,Milk Products,Item_7_MILK,14.0,6.0,84.0,Digital Wallet,In-store,2022-02-06,True,1644105600
TXN_7982451,CUST_22,Food,Item_12_FOOD,21.5,8.0,172.0,Digital Wallet,Online,2023-10-18,True,1697587200
TXN_7509489,CUST_23,Computers and electric accessories,Item_17_CEA,29.0,7.0,203.0,Credit Card,Online,2024-05-22,False,1716336000
TXN_3930213,CUST_22,Milk Products,Item_6_MILK,12.5,3.0,37.5,Digital Wallet,In-store,2024-12-11,False,1733875200
TXN_3275375,CUST_02,Butchers,Item_18_BUT,30.5,8.0,244.0,Credit Card,Online,2024-07-19,True,1721347200
TXN_3195565,CUST_13,Food,Item_9_FOOD,17.0,8.0,136.0,Cash,In-store,2022-04-08,True,1649376000
TXN_3092030,CUST_05,Food,Item_17_FOOD,29.0,7.0,203.0,Cash,In-store,2024-07-18,True,1721260800
TXN_3422608,CUST_25,Milk Products,Item_13_MILK,23.0,3.0,69.0,Credit Card,Online,2022-04-02,False,1648857600
TXN_2691273,CUST_09,Food,Item_17_FOOD,29.0,4.0,116.0,Cash,In-store,2023-03-30,False,1680134400
TXN_5650094,CUST_01,Butchers,Item_3_BUT,8.0,6.0,48.0,Credit Card,Online,2022-11-25,False,1669334400
TXN_7281625,CUST_03,Butchers,Item_17_BUT,29.0,5.0,145.0,Credit Card,Online,2023-02-08,False,1675814400
TXN_5274178,CUST_11,Computers and electric accessories,Item_12_CEA,21.5,9.0,193.5,Credit Card,Online,2022-07-05,False,1656979200
TXN_2788225,CUST_13,Butchers,Item_16_BUT,27.5,5.0,137.5,Digital Wallet,In-store,2022-05-04,False,1651622400
TXN_2041111,CUST_17,Furniture,Item_25_FUR,41.0,6.0,246.0,Cash,Online,2023-02-12,True,1676160000
TXN_8076769,CUST_03,Food,Item_14_FOOD,24.5,5.0,122.5,Cash,Online,2022-04-02,True,1648857600
TXN_3630133,CUST_24,Food,Item_13_FOOD,23.0,10.0,230.0,Cash,Online,2023-07-26,False,1690329600
TXN_2522970,CUST_18,Electric household essentials,Item_19_EHE,32.0,6.0,192.0,Digital Wallet,In-store,2024-04-25,False,1714003200
TXN_2815543,CUST_12,Food,Item_5_FOOD,11.0,6.0,66.0,Digital Wallet,Online,2023-06-07,False,1686096000
TXN_2028406,CUST_15,Butchers,Item_2_BUT,6.5,2.0,13.0,Digital Wallet,In-store,2022-10-30,True,1667088000
TXN_4123570,CUST_09,Milk Products,Item_16_MILK,27.5,10.0,275.0,Credit Card,Online,2023-08-28,False,1693180800
TXN_2356331,CUST_08,Milk Products,Item_1_MILK,5.0,10.0,50.0,Cash,In-store,2022-12-09,False,1670544000
TXN_1555216,CUST_17,Butchers,Item_3_BUT,8.0,8.0,64.0,Credit Card,In-store,2023-01-03,False,1672704000
TXN_2620396,CUST_10,Beverages,Item_8_BEV,15.5,5.0,77.5,Credit Card,Online,2023-05-08,True,1683504000
TXN_4329866,CUST_14,Butchers,Item_20_BUT,33.5,5.0,167.5,Cash,Online,2022-10-03,True,1664755200
TXN_1978173,CUST_18,Computers and electric accessories,Item_5_CEA,11.0,6.0,66.0,Credit Card,Online,2022-09-02,False,1662076800
TXN_4501948,CUST_24,Electric household essentials,Item_16_EHE,27.5,8.0,220.0,Digital Wallet,In-store,2023-07-28,False,1690502400
TXN_8717697,CUST_20,Furniture,Item_11_FUR,20.0,6.0,120.0,Cash,In-store,2024-05-21,False,1716249600
TXN_6354477,CUST_06,Butchers,Item_16_BUT,27.5,6.0,165.0,Cash,Online,2024-08-26,False,1724630400
TXN_2596191,CUST_13,Patisserie,Item_1_PAT,5.0,9.0,45.0,Digital Wallet,In-store,2022-10-17,False,1665964800
TXN_3435459,CUST_19,Butchers,Item_24_BUT,39.5,8.0,316.0,Cash,Online,2024-07-27,False,1722038400
TXN_6803961,CUST_05,Butchers,Item_14_BUT,24.5,5.0,122.5,Digital Wallet,Online,2024-05-01,True,1714521600
TXN_9915974,CUST_24,Computers and electric accessories,Item_19_CEA,32.0,1.0,32.0,Cash,Online,2024-11-16,False,1731715200
TXN_8720680,CUST_14,Beverages,Item_25_BEV,41.0,9.0,369.0,Cash,Online,2024-10-07,False,1728259200
TXN_9680847,CUST_23,Electric household essentials,Item_1_EHE,5.0,1.0,5.0,Credit Card,In-store,2024-01-14,True,1705190400
TXN_8192943,CUST_22,Butchers,Item_24_BUT,39.5,1.0,39.5,Credit Card,In-store,2024-10-02,True,1727827200
TXN_9245105,CUST_12,Computers and electric accessories,Item_9_CEA,17.0,7.0,119.0,Credit Card,Online,2023-09-28,False,1695859200
TXN_3714766,CUST_14,Patisserie,Item_8_PAT,15.5,7.0,108.5,Cash,Online,2024-02-17,True,1708128000
TXN_8025918,CUST_01,Electric household essentials,Item_22_EHE,36.5,2.0,73.0,Credit Card,In-store,2022-09-22,False,1663804800
TXN_7185925,CUST_03,Milk Products,Item_3_MILK,8.0,4.0,32.0,Digital Wallet,In-store,2022-01-30,False,1643500800
TXN_8876899,CUST_22,Butchers,Item_17_BUT,29.0,3.0,87.0,Credit Card,Online,2022-09-05,False,1662336000
TXN_1038078,CUST_05,Patisserie,Item_17_PAT,29.0,5.0,145.0,Cash,Online,2023-09-15,True,1694736000
TXN_2849510,CUST_07,Furniture,Item_20_FUR,33.5,10.0,335.0,Digital Wallet,In-store,2024-06-04,False,1717459200
TXN_3368961,CUST_10,Computers and electric accessories,Item_20_CEA,33.5,10.0,335.0,Digital Wallet,Online,2022-01-16,False,1642291200
TXN_5650070,CUST_21,Beverages,Item_16_BEV,27.5,6.0,165.0,Cash,In-store,2022-07-11,True,1657497600
TXN_9284320,CUST_09,Electric household essentials,Item_12_EHE,21.5,10.0,215.0,Credit Card,In-store,2023-03-05,True,1677974400
TXN_3762237,CUST_24,Furniture,Item_15_FUR,26.0,10.0,260.0,Digital Wallet,In-store,2022-01-28,False,1643328000
TXN_6856074,CUST_10,Computers and electric accessories,Item_5_CEA,11.0,1.0,11.0,Digital Wallet,Online,2024-05-13,False,1715558400
TXN_6974117,CUST_25,Beverages,Item_7_BEV,14.0,6.0,84.0,Digital Wallet,Online,2023-06-13,False,1686614400
TXN_9827837,CUST_11,Electric household essentials,Item_2_EHE,6.5,10.0,65.0,Digital Wallet,Online,2022-10-16,True,1665878400
TXN_6325122,CUST_07,Patisserie,Item_1_PAT,5.0,9.0,45.0,Credit Card,Online,2024-04-03,False,1712102400
TXN_1517466,CUST_23,Computers and electric accessories,Item_16_CEA,27.5,5.0,137.5,Credit Card,In-store,2023-07-08,False,1688774400
TXN_9027497,CUST_19,Computers and electric accessories,Item_8_CEA,15.5,10.0,155.0,Cash,In-store,2024-01-24,True,1706054400
TXN_6478148,CUST_12,Butchers,Item_13_BUT,23.0,2.0,46.0,Cash,Online,2024-09-09,False,1725840000
TXN_3356979,CUST_01,Butchers,Item_1_BUT,5.0,7.0,35.0,Cash,Online,2024-12-30,True,1735516800
TXN_4939015,CUST_10,Beverages,Item_15_BEV,26.0,5.0,130.0,Credit Card,In-store,2024-11-06,True,1730851200
TXN_3798801,CUST_20,Milk Products,Item_1_MILK,5.0,2.0,10.0,Credit Card,In-store,2022-03-01,False,1646092800
TXN_2294583,CUST_08,Butchers,Item_15_BUT,26.0,3.0,78.0,Cash,In-store,2023-02-12,True,1676160000
TXN_6544404,CUST_21,Computers and electric accessories,Item_10_CEA,18.5,6.0,111.0,Digital Wallet,Online,2023-03-04,True,1677888000
TXN_6359024,CUST_15,Butchers,Item_24_BUT,39.5,6.0,237.0,Credit Card,Online,2024-03-15,False,1710460800
TXN_5419806,CUST_19,Food,Item_25_FOOD,41.0,5.0,205.0,Credit Card,In-store,2022-09-09,True,1662681600
TXN_2372678,CUST_11,Furniture,Item_5_FUR,11.0,8.0,88.0,Digital Wallet,Online,2023-04-11,True,1681171200
TXN_2042782,CUST_24,Milk Products,Item_6_MILK,12.5,1.0,12.5,Digital Wallet,In-store,2022-08-22,False,1661126400
TXN_9571758,CUST_01,Furniture,Item_3_FUR,8.0,4.0,32.0,Digital Wallet,Online,2024-01-23,True,1705968000
TXN_7347365,CUST_20,Milk Products,Item_2_MILK,6.5,9.0,58.5,Digital Wallet,In-store,2023-05-07,False,1683417600
TXN_8408205,CUST_11,Milk Products,Item_13_MILK,23.0,6.0,138.0,Credit Card,Online,2023-05-24,False,1684886400
TXN_1245404,CUST_24,Furniture,Item_14_FUR,24.5,7.0,171.5,Credit Card,Online,2024-07-31,False,1722384000
TXN_8265493,CUST_03,Butchers,Item_7_BUT,14.0,1.0,14.0,Credit Card,Online,2022-10-06,False,1665014400
TXN_2803747,CUST_15,Beverages,Item_24_BEV,39.5,9.0,355.5,Cash,In-store,2023-02-20,False,1676851200
TXN_2963897,CUST_24,Furniture,Item_16_FUR,27.5,8.0,220.0,Credit Card,Online,2023-06-12,False,1686528000
TXN_4892743,CUST_11,Beverages,Item_2_BEV,6.5,2.0,13.0,Cash,In-store,2022-10-26,False,1666742400
TXN_9618289,CUST_07,Patisserie,Item_24_PAT,39.5,1.0,39.5,Digital Wallet,Online,2024-02-20,True,1708387200
TXN_7699654,CUST_15,Furniture,Item_5_FUR,11.0,9.0,99.0,Digital Wallet,Online,2024-02-15,True,1707955200
TXN_5220094,CUST_17,Butchers,Item_21_BUT,35.0,2.0,70.0,Cash,Online,2022-07-28,True,1658966400
TXN_9398801,CUST_13,Beverages,Item_18_BEV,30.5,6.0,183.0,Digital Wallet,In-store,2024-02-28,True,1709078400
TXN_2369166,CUST_20,Electric household essentials,Item_17_EHE,29.0,6.0,174.0,Credit Card,Online,2023-05-10,True,1683676800
TXN_2780567,CUST_10,Butchers,Item_18_BUT,30.5,6.0,183.0,Digital Wallet,Online,2024-09-12,False,1726099200
TXN_9986826,CUST_11,Beverages,Item_3_BEV,8.0,4.0,32.0,Credit Card,Online,2024-01-30,False,1706572800
TXN_6950467,CUST_01,Computers and electric accessories,Item_6_CEA,12.5,6.0,75.0,Digital Wallet,In-store,2022-01-01,True,1640995200
TXN_6851800,CUST_10,Furniture,Item_9_FUR,17.0,6.0,102.0,Digital Wallet,In-store,2023-06-13,False,1686614400
TXN_7577984,CUST_01,Food,Item_17_FOOD,29.0,5.0,145.0,Cash,In-store,2023-12-19,False,1702944000
TXN_4063797,CUST_03,Beverages,Item_25_BEV,41.0,5.0,205.0,Credit Card,Online,2023-04-03,True,1680480000
TXN_3703356,CUST_07,Food,Item_21_FOOD,35.0,10.0,350.0,Credit Card,Online,2022-09-15,True,1663200000
TXN_3277547,CUST_20,Electric household essentials,Item_22_EHE,36.5,3.0,109.5,Digital Wallet,Online,2024-05-20,False,1716163200
TXN_9403711,CUST_23,Furniture,Item_25_FUR,41.0,9.0,369.0,Credit Card,Online,2022-08-21,False,1661040000
TXN_9013444,CUST_12,Food,Item_3_FOOD,8.0,10.0,80.0,Credit Card,Online,2023-07-23,False,1690070400
TXN_6569610,CUST_12,Computers and electric accessories,Item_13_CEA,23.0,6.0,138.0,Credit Card,In-store,2024-01-20,False,1705708800
TXN_6239964,CUST_22,Milk Products,Item_22_MILK,36.5,3.0,109.5,Credit Card,In-store,2023-01-31,False,1675123200
TXN_2660107,CUST_14,Electric household essentials,Item_12_EHE,21.5,6.0,129.0,Credit Card,In-store,2022-11-16,False,1668556800
TXN_1155771,CUST_05,Butchers,Item_23_BUT,38.0,3.0,114.0,Digital Wallet,Online,2024-10-18,False,1729209600
TXN_6053470,CUST_14,Milk Products,Item_3_MILK,8.0,3.0,24.0,Cash,In-store,2023-03-02,True,1677715200
TXN_5773308,CUST_07,Furniture,Item_9_FUR,17.0,5.0,85.0,Credit Card,Online,2024-01-01,True,1704067200
TXN_6959909,CUST_18,Beverages,Item_11_BEV,20.0,1.0,20.0,Digital Wallet,Online,2024-03-16,False,1710547200
TXN_4565790,CUST_11,Food,Item_18_FOOD,30.5,3.0,91.5,Digital Wallet,In-store,2022-12-27,False,1672099200
TXN_5802934,CUST_23,Milk Products,Item_19_MILK,32.0,9.0,288.0,Cash,Online,2022-01-25,True,1643068800
TXN_7697399,CUST_09,Electric household essentials,Item_8_EHE,15.5,9.0,139.5,Digital Wallet,In-store,2024-09-09,False,1725840000
TXN_5503303,CUST_19,Beverages,Item_19_BEV,32.0,6.0,192.0,Cash,Online,2024-12-25,False,1735084800
TXN_3068745,CUST_23,Butchers,Item_16_BUT,27.5,4.0,110.0,Digital Wallet,Online,2023-01-14,True,1673654400
TXN_6123799,CUST_05,Food,Item_18_FOOD,30.5,8.0,244.0,Credit Card,Online,2024-05-05,True,1714867200
TXN_7490771,CUST_22,Milk Products,Item_20_MILK,33.5,9.0,301.5,Credit Card,Online,2024-03-18,True,1710720000
TXN_3013542,CUST_06,Computers and electric accessories,Item_19_CEA,32.0,6.0,192.0,Credit Card,Online,2022-12-10,True,1670630400
TXN_4688183,CUST_08,Computers and electric accessories,Item_18_CEA,30.5,10.0,305.0,Credit Card,In-store,2023-07-04,True,1688428800
TXN_3688977,CUST_20,Electric household essentials,Item_13_EHE,23.0,8.0,184.0,Digital Wallet,In-store,2023-03-03,False,1677801600
TXN_7224248,CUST_04,Computers and electric accessories,Item_4_CEA,9.5,5.0,47.5,Cash,In-store,2024-11-10,True,1731196800
TXN_7379840,CUST_03,Beverages,Item_9_BEV,17.0,2.0,34.0,Cash,Online,2023-01-21,True,1674259200
TXN_7507547,CUST_11,Electric household essentials,Item_13_EHE,23.0,7.0,161.0,Digital Wallet,In-store,2022-05-01,False,1651363200
TXN_5930877,CUST_02,Furniture,Item_1_FUR,5.0,2.0,10.0,Digital Wallet,Online,2022-02-02,True,1643760000
TXN_3892960,CUST_17,Beverages,Item_14_BEV,24.5,9.0,220.5,Cash,In-store,2024-09-17,False,1726531200
TXN_7847697,CUST_19,Butchers,Item_21_BUT,35.0,7.0,245.0,Cash,In-store,2024-08-05,False,1722816000
TXN_2270221,CUST_01,Patisserie,Item_17_PAT,29.0,10.0,290.0,Digital Wallet,In-store,2022-09-01,True,1661990400
TXN_3214105,CUST_23,Furniture,Item_6_FUR,12.5,9.0,112.5,Digital Wallet,Online,2024-07-05,True,1720137600
TXN_8330302,CUST_12,Milk Products,Item_18_MILK,30.5,6.0,183.0,Cash,In-store,2024-12-11,True,1733875200
TXN_8335285,CUST_02,Beverages,Item_20_BEV,33.5,3.0,100.5,Digital Wallet,In-store,2023-01-01,False,1672531200
TXN_4022379,CUST_01,Furniture,Item_21_FUR,35.0,4.0,140.0,Cash,In-store,2025-01-09,True,1736380800
TXN_9314890,CUST_03,Beverages,Item_20_BEV,33.5,1.0,33.5,Cash,In-store,2023-02-02,True,1675296000
TXN_2100342,CUST_21,Beverages,Item_3_BEV,8.0,3.0,24.0,Credit Card,Online,2024-11-23,True,1732320000
TXN_6702252,CUST_23,Food,Item_18_FOOD,30.5,4.0,122.0,Digital Wallet,Online,2024-09-11,False,1726012800
TXN_4565865,CUST_24,Butchers,Item_13_BUT,23.0,9.0,207.0,Cash,Online,2022-04-30,True,1651276800
TXN_7969117,CUST_16,Beverages,Item_22_BEV,36.5,6.0,219.0,Credit Card,In-store,2023-10-05,False,1696464000
TXN_9763916,CUST_22,Electric household essentials,Item_12_EHE,21.5,1.0,21.5,Cash,Online,2024-07-26,False,1721952000
TXN_3587475,CUST_02,Food,Item_4_FOOD,9.5,6.0,57.0,Cash,Online,2022-05-18,True,1652832000
TXN_7658348,CUST_06,Milk Products,Item_16_MILK,27.5,5.0,137.5,Credit Card,Online,2023-12-13,False,1702425600
TXN_6576319,CUST_24,Milk Products,Item_15_MILK,26.0,3.0,78.0,Cash,In-store,2022-03-01,True,1646092800
TXN_1840200,CUST_09,Electric household essentials,Item_12_EHE,21.5,7.0,150.5,Credit Card,In-store,2024-01-06,False,1704499200
TXN_4563536,CUST_25,Food,Item_17_FOOD,29.0,7.0,203.0,Cash,In-store,2024-03-17,True,1710633600
TXN_4390681,CUST_19,Furniture,Item_11_FUR,20.0,3.0,60.0,Credit Card,Online,2024-10-12,False,1728691200
TXN_4641997,CUST_03,Computers and electric accessories,Item_25_CEA,41.0,4.0,164.0,Credit Card,Online,2024-10-09,True,1728432000
TXN_3053530,CUST_12,Electric household essentials,Item_25_EHE,41.0,5.0,205.0,Digital Wallet,Online,2022-11-05,False,1667606400
TXN_4152048,CUST_20,Beverages,Item_2_BEV,6.5,5.0,32.5,Digital Wallet,Online,2023-11-08,True,1699401600
TXN_3216751,CUST_17,Patisserie,Item_17_PAT,29.0,10.0,290.0,Cash,In-store,2024-03-10,False,1710028800
TXN_9827840,CUST_03,Food,Item_11_FOOD,20.0,6.0,120.0,Cash,In-store,2024-11-07,True,1730937600
TXN_1078497,CUST_03,Furniture,Item_24_FUR,39.5,9.0,355.5,Cash,In-store,2024-01-21,False,1705795200
TXN_4280011,CUST_15,Butchers,Item_5_BUT,11.0,4.0,44.0,Digital Wallet,Online,2022-01-06,False,1641427200
TXN_9592651,CUST_08,Electric household essentials,Item_19_EHE,32.0,2.0,64.0,Cash,In-store,2024-01-11,True,1704931200
TXN_8891020,CUST_13,Computers and electric accessories,Item_22_CEA,36.5,5.0,182.5,Digital Wallet,Online,2022-12-10,False,1670630400
TXN_3368057,CUST_04,Beverages,Item_14_BEV,24.5,4.0,98.0,Digital Wallet,Online,2022-04-23,False,1650672000
TXN_5965620,CUST_23,Furniture,Item_5_FUR,11.0,4.0,44.0,Credit Card,In-store,2022-06-13,False,1655078400
TXN_7390600,CUST_04,Beverages,Item_19_BEV,32.0,9.0,288.0,Digital Wallet,In-store,2024-12-02,False,1733097600
TXN_7855690,CUST_10,Furniture,Item_19_FUR,32.0,8.0,256.0,Cash,Online,2022-06-06,True,1654473600
TXN_6439601,CUST_09,Milk Products,Item_9_MILK,17.0,5.0,85.0,Credit Card,Online,2023-11-16,True,1700092800
TXN_5978239,CUST_07,Butchers,Item_3_BUT,8.0,10.0,80.0,Cash,Online,2022-12-10,True,1670630400
TXN_7045491,CUST_17,Beverages,Item_14_BEV,24.5,3.0,73.5,Cash,Online,2024-09-14,True,1726272000
TXN_3546752,CUST_20,Furniture,Item_19_FUR,32.0,8.0,256.0,Digital Wallet,In-store,2022-03-31,False,1648684800
TXN_3244040,CUST_17,Patisserie,Item_4_PAT,9.5,10.0,95.0,Digital Wallet,In-store,2024-07-09,False,1720483200
TXN_4211434,CUST_14,Computers and electric accessories,Item_13_CEA,23.0,4.0,92.0,Cash,Online,2022-10-04,True,1664841600
TXN_5746841,CUST_16,Butchers,Item_23_BUT,38.0,6.0,228.0,Credit Card,In-store,2024-10-03,True,1727913600
TXN_2474939,CUST_19,Furniture,Item_23_FUR,38.0,2.0,76.0,Credit Card,Online,2024-01-03,False,1704240000
TXN_5730630,CUST_25,Milk Products,Item_2_MILK,6.5,5.0,32.5,Digital Wallet,In-store,2023-12-04,True,1701648000
TXN_2516384,CUST_16,Beverages,Item_8_BEV,15.5,7.0,108.5,Digital Wallet,Online,2024-12-26,False,1735171200
TXN_7910126,CUST_10,Food,Item_10_FOOD,18.5,4.0,74.0,Digital Wallet,Online,2024-09-02,True,1725235200
TXN_2628993,CUST_14,Milk Products,Item_13_MILK,23.0,1.0,23.0,Credit Card,Online,2023-09-13,False,1694563200
TXN_9889065,CUST_17,Milk Products,Item_17_MILK,29.0,1.0,29.0,Credit Card,Online,2023-09-18,True,1694995200
TXN_9438432,CUST_04,Electric household essentials,Item_9_EHE,17.0,2.0,34.0,Digital Wallet,Online,2024-06-26,False,1719360000
TXN_1514654,CUST_07,Electric household essentials,Item_4_EHE,9.5,2.0,19.0,Cash,Online,2022-02-27,True,1645920000
TXN_4199863,CUST_11,Furniture,Item_23_FUR,38.0,9.0,342.0,Cash,In-store,2022-09-12,False,1662940800
TXN_4435281,CUST_20,Butchers,Item_23_BUT,38.0,4.0,152.0,Credit Card,In-store,2025-01-05,False,1736035200
TXN_5233566,CUST_02,Milk Products,Item_7_MILK,14.0,1.0,14.0,Digital Wallet,Online,2024-09-23,False,1727049600
TXN_2871171,CUST_15,Butchers,Item_9_BUT,17.0,6.0,102.0,Digital Wallet,Online,2023-10-24,True,1698105600
TXN_4398240,CUST_23,Electric household essentials,Item_5_EHE,11.0,9.0,99.0,Digital Wallet,In-store,2023-03-04,False,1677888000
TXN_9885558,CUST_16,Patisserie,Item_7_PAT,14.0,7.0,98.0,Digital Wallet,In-store,2023-03-15,True,1678838400
TXN_6638995,CUST_03,Patisserie,Item_20_PAT,33.5,9.0,301.5,Digital Wallet,Online,2023-01-06,False,1672963200
TXN_9525639,CUST_20,Milk Products,Item_7_MILK,14.0,3.0,42.0,Digital Wallet,Online,2023-07-27,True,1690416000
TXN_5789870,CUST_23,Butchers,Item_15_BUT,26.0,6.0,156.0,Credit Card,In-store,2023-11-23,False,1700697600
TXN_6843942,CUST_15,Food,Item_25_FOOD,41.0,8.0,328.0,Cash,In-store,2023-03-27,True,1679875200
TXN_1848720,CUST_03,Milk Products,Item_25_MILK,41.0,8.0,328.0,Cash,In-store,2022-03-31,True,1648684800
TXN_5901894,CUST_24,Furniture,Item_20_FUR,33.5,10.0,335.0,Credit Card,In-store,2023-02-03,False,1675382400
TXN_2500273,CUST_10,Milk Products,Item_17_MILK,29.0,10.0,290.0,Digital Wallet,Online,2022-06-26,True,1656201600
TXN_6833313,CUST_15,Butchers,Item_22_BUT,36.5,7.0,255.5,Digital Wallet,In-store,2022-07-09,True,1657324800
TXN_8171410,CUST_18,Electric household essentials,Item_10_EHE,18.5,8.0,148.0,Digital Wallet,In-store,2023-12-21,False,1703116800
TXN_8842777,CUST_23,Patisserie,Item_13_PAT,23.0,7.0,161.0,Cash,In-store,2024-11-08,False,1731024000
TXN_5629949,CUST_25,Beverages,Item_22_BEV,36.5,8.0,292.0,Cash,In-store,2023-10-02,True,1696204800
TXN_7016226,CUST_10,Food,Item_6_FOOD,12.5,2.0,25.0,Credit Card,Online,2024-09-19,False,1726704000
TXN_1201615,CUST_25,Patisserie,Item_17_PAT,29.0,2.0,58.0,Digital Wallet,In-store,2022-08-06,True,1659744000
TXN_6229274,CUST_05,Butchers,Item_1_BUT,5.0,1.0,5.0,Cash,In-store,2023-11-16,True,1700092800
TXN_7645274,CUST_10,Computers and electric accessories,Item_10_CEA,18.5,7.0,129.5,Digital Wallet,Online,2024-03-24,True,1711238400
TXN_7460674,CUST_24,Patisserie,Item_8_PAT,15.5,3.0,46.5,Credit Card,Online,2024-10-03,True,1727913600
TXN_9643570,CUST_08,Food,Item_21_FOOD,35.0,2.0,70.0,Digital Wallet,Online,2022-07-04,False,1656892800
TXN_5017412,CUST_07,Beverages,Item_4_BEV,9.5,1.0,9.5,Cash,In-store,2024-06-05,False,1717545600
TXN_8062274,CUST_08,Electric household essentials,Item_2_EHE,6.5,5.0,32.5,Credit Card,In-store,2022-04-16,True,1650067200
TXN_7984930,CUST_23,Food,Item_6_FOOD,12.5,9.0,112.5,Cash,In-store,2022-09-01,True,1661990400
TXN_2504304,CUST_16,Beverages,Item_17_BEV,29.0,10.0,290.0,Cash,In-store,2024-04-19,True,1713484800
TXN_5235086,CUST_18,Electric household essentials,Item_8_EHE,15.5,6.0,93.0,Digital Wallet,In-store,2022-01-15,False,1642204800
TXN_8397249,CUST_15,Electric household essentials,Item_13_EHE,23.0,1.0,23.0,Cash,In-store,2022-10-10,True,1665360000
TXN_5936172,CUST_22,Food,Item_14_FOOD,24.5,3.0,73.5,Digital Wallet,Online,2025-01-13,False,1736726400
TXN_1794054,CUST_24,Butchers,Item_6_BUT,12.5,3.0,37.5,Digital Wallet,In-store,2024-11-22,True,1732233600
TXN_4417030,CUST_24,Furniture,Item_5_FUR,11.0,9.0,99.0,Credit Card,In-store,2024-08-29,False,1724889600
TXN_1385062,CUST_16,Food,Item_18_FOOD,30.5,10.0,305.0,Credit Card,Online,2022-07-02,False,1656720000
TXN_1205880,CUST_04,Furniture,Item_5_FUR,11.0,2.0,22.0,Cash,Online,2023-06-17,False,1686960000
TXN_6642052,CUST_05,Beverages,Item_7_BEV,14.0,2.0,28.0,Credit Card,Online,2024-04-18,False,1713398400
TXN_6147473,CUST_25,Patisserie,Item_6_PAT,12.5,7.0,87.5,Digital Wallet,In-store,2023-09-08,False,1694131200
TXN_6570351,CUST_15,Furniture,Item_21_FUR,35.0,8.0,280.0,Credit Card,Online,2023-06-25,True,1687651200
TXN_7127612,CUST_22,Milk Products,Item_1_MILK,5.0,9.0,45.0,Cash,In-store,2022-04-25,True,1650844800
TXN_1189571,CUST_08,Food,Item_11_FOOD,20.0,3.0,60.0,Credit Card,Online,2023-11-06,True,1699228800
TXN_9661826,CUST_05,Butchers,Item_16_BUT,27.5,5.0,137.5,Cash,Online,2022-06-02,True,1654128000
TXN_7261721,CUST_08,Furniture,Item_7_FUR,14.0,3.0,42.0,Digital Wallet,Online,2022-11-23,False,1669161600
TXN_9256493,CUST_22,Milk Products,Item_13_MILK,23.0,2.0,46.0,Cash,In-store,2024-05-17,False,1715904000
TXN_5119908,CUST_24,Butchers,Item_12_BUT,21.5,10.0,215.0,Cash,In-store,2024-05-14,True,1715644800
TXN_9684431,CUST_01,Food,Item_8_FOOD,15.5,10.0,155.0,Digital Wallet,In-store,2024-10-23,False,1729641600
TXN_3712938,CUST_23,Computers and electric accessories,Item_19_CEA,32.0,4.0,128.0,Digital Wallet,In-store,2024-06-11,False,1718064000
TXN_9182264,CUST_20,Milk Products,Item_11_MILK,20.0,3.0,60.0,Cash,In-store,2022-12-09,False,1670544000
TXN_3557485,CUST_22,Electric household essentials,Item_8_EHE,15.5,1.0,15.5,Credit Card,Online,2024-07-01,False,1719792000
TXN_5735627,CUST_13,Milk Products,Item_1_MILK,5.0,6.0,30.0,Digital Wallet,In-store,2023-08-17,True,1692230400
TXN_4430414,CUST_01,Beverages,Item_20_BEV,33.5,5.0,167.5,Cash,In-store,2025-01-09,False,1736380800
TXN_4972574,CUST_09,Furniture,Item_10_FUR,18.5,5.0,92.5,Digital Wallet,In-store,2024-01-24,True,1706054400
TXN_6852196,CUST_18,Computers and electric accessories,Item_5_CEA,11.0,8.0,88.0,Credit Card,Online,2022-02-15,True,1644883200
TXN_3056063,CUST_19,Milk Products,Item_17_MILK,29.0,9.0,261.0,Credit Card,In-store,2023-12-06,False,1701820800
TXN_3784506,CUST_11,Butchers,Item_2_BUT,6.5,2.0,13.0,Credit Card,Online,2024-02-03,True,1706918400
TXN_8639287,CUST_03,Computers and electric accessories,Item_11_CEA,20.0,10.0,200.0,Cash,In-store,2024-03-13,True,1710288000
TXN_2951334,CUST_11,Milk Products,Item_4_MILK,9.5,1.0,9.5,Cash,In-store,2024-12-03,True,1733184000
TXN_8462959,CUST_19,Butchers,Item_3_BUT,8.0,4.0,32.0,Credit Card,In-store,2023-09-03,False,1693699200
TXN_5888368,CUST_12,Computers and electric accessories,Item_10_CEA,18.5,3.0,55.5,Credit Card,Online,2022-07-31,True,1659225600
TXN_3057167,CUST_13,Food,Item_12_FOOD,21.5,5.0,107.5,Digital Wallet,Online,2024-09-17,True,1726531200
TXN_6923467,CUST_20,Food,Item_4_FOOD,9.5,5.0,47.5,Cash,Online,2023-05-04,True,1683158400
TXN_2734881,CUST_04,Electric household essentials,Item_23_EHE,38.0,7.0,266.0,Credit Card,Online,2024-06-06,False,1717632000
TXN_3899797,CUST_24,Furniture,Item_16_FUR,27.5,4.0,110.0,Credit Card,Online,2024-08-08,True,1723075200
TXN_7469530,CUST_03,Computers and electric accessories,Item_20_CEA,33.5,2.0,67.0,Cash,In-store,2023-08-21,True,1692576000
TXN_3194759,CUST_10,Beverages,Item_17_BEV,29.0,10.0,290.0,Cash,Online,2024-07-18,True,1721260800
TXN_7095637,CUST_08,Electric household essentials,Item_25_EHE,41.0,8.0,328.0,Cash,Online,2022-05-04,False,1651622400
TXN_5515525,CUST_01,Computers and electric accessories,Item_14_CEA,24.5,5.0,122.5,Credit Card,Online,2022-06-08,True,1654646400
TXN_1788104,CUST_22,Furniture,Item_15_FUR,26.0,8.0,208.0,Digital Wallet,Online,2024-11-18,False,1731888000
TXN_6736227,CUST_07,Patisserie,Item_9_PAT,17.0,9.0,153.0,Credit Card,In-store,2024-10-06,True,1728172800
TXN_3267850,CUST_09,Beverages,Item_11_BEV,20.0,7.0,140.0,Cash,Online,2024-10-04,True,1728000000
TXN_9065545,CUST_08,Milk Products,Item_11_MILK,20.0,10.0,200.0,Credit Card,In-store,2023-11-06,True,1699228800
TXN_8983531,CUST_16,Furniture,Item_5_FUR,11.0,1.0,11.0,Credit Card,In-store,2023-03-09,True,1678320000
TXN_5374866,CUST_08,Butchers,Item_11_BUT,20.0,6.0,120.0,Digital Wallet,Online,2022-03-04,True,1646352000
TXN_4452311,CUST_23,Beverages,Item_11_BEV,20.0,8.0,160.0,Credit Card,Online,2022-12-10,True,1670630400
TXN_5171621,CUST_12,Computers and electric accessories,Item_3_CEA,8.0,2.0,16.0,Digital Wallet,Online,2023-05-26,True,1685059200
TXN_7279836,CUST_04,Food,Item_21_FOOD,35.0,8.0,280.0,Cash,Online,2023-03-08,True,1678233600
TXN_4558801,CUST_08,Electric household essentials,Item_23_EHE,38.0,6.0,228.0,Cash,In-store,2024-05-12,False,1715472000
TXN_2666524,CUST_25,Furniture,Item_8_FUR,15.5,6.0,93.0,Credit Card,In-store,2023-09-22,True,1695340800
TXN_9333754,CUST_09,Patisserie,Item_6_PAT,12.5,6.0,75.0,Credit Card,Online,2022-10-22,True,1666396800
TXN_2485997,CUST_09,Milk Products,Item_23_MILK,38.0,8.0,304.0,Cash,In-store,2022-10-12,True,1665532800
TXN_6319740,CUST_04,Milk Products,Item_6_MILK,12.5,3.0,37.5,Credit Card,Online,2024-11-16,False,1731715200
TXN_6008493,CUST_11,Computers and electric accessories,Item_21_CEA,35.0,5.0,175.0,Credit Card,In-store,2024-01-18,True,1705536000
TXN_8041482,CUST_05,Food,Item_13_FOOD,23.0,7.0,161.0,Digital Wallet,Online,2022-11-28,False,1669593600
TXN_3766245,CUST_01,Beverages,Item_7_BEV,14.0,6.0,84.0,Credit Card,In-store,2024-09-12,False,1726099200
TXN_3268863,CUST_17,Butchers,Item_16_BUT,27.5,5.0,137.5,Cash,Online,2023-01-03,True,1672704000
TXN_3312414,CUST_17,Butchers,Item_16_BUT,27.5,7.0,192.5,Credit Card,In-store,2022-04-11,False,1649635200
TXN_9136172,CUST_22,Milk Products,Item_11_MILK,20.0,7.0,140.0,Credit Card,Online,2024-05-27,True,1716768000
TXN_9648976,CUST_09,Food,Item_20_FOOD,33.5,9.0,301.5,Cash,In-store,2024-09-26,False,1727308800
TXN_3869362,CUST_14,Patisserie,Item_20_PAT,33.5,8.0,268.0,Cash,In-store,2022-01-28,True,1643328000
TXN_4628551,CUST_02,Electric household essentials,Item_17_EHE,29.0,2.0,58.0,Cash,Online,2022-04-05,False,1649116800
TXN_7282686,CUST_15,Food,Item_5_FOOD,11.0,8.0,88.0,Digital Wallet,In-store,2022-11-15,True,1668470400
TXN_9850588,CUST_21,Computers and electric accessories,Item_13_CEA,23.0,8.0,184.0,Digital Wallet,Online,2023-01-27,True,1674777600
TXN_4905063,CUST_24,Butchers,Item_18_BUT,30.5,2.0,61.0,Digital Wallet,In-store,2024-02-01,False,1706745600
TXN_9574817,CUST_11,Food,Item_13_FOOD,23.0,9.0,207.0,Cash,In-store,2022-11-10,True,1668038400
TXN_5525894,CUST_18,Food,Item_16_FOOD,27.5,2.0,55.0,Credit Card,In-store,2024-07-11,False,1720656000
TXN_7193311,CUST_21,Milk Products,Item_2_MILK,6.5,3.0,19.5,Digital Wallet,Online,2024-07-09,False,1720483200
TXN_9350737,CUST_10,Milk Products,Item_16_MILK,27.5,2.0,55.0,Cash,In-store,2023-11-29,True,1701216000
TXN_7574833,CUST_04,Patisserie,Item_23_PAT,38.0,7.0,266.0,Digital Wallet,In-store,2022-04-21,False,1650499200
TXN_6500682,CUST_19,Butchers,Item_4_BUT,9.5,1.0,9.5,Digital Wallet,Online,2022-03-20,True,1647734400
TXN_5200496,CUST_15,Computers and electric accessories,Item_11_CEA,20.0,1.0,20.0,Digital Wallet,In-store,2022-05-16,False,1652659200
TXN_9635473,CUST_01,Food,Item_21_FOOD,35.0,6.0,210.0,Credit Card,In-store,2023-06-08,False,1686182400
TXN_8050462,CUST_03,Food,Item_25_FOOD,41.0,3.0,123.0,Digital Wallet,In-store,2024-05-30,False,1717027200
TXN_8869237,CUST_08,Patisserie,Item_18_PAT,30.5,2.0,61.0,Cash,Online,2023-05-27,True,1685145600
TXN_8836103,CUST_23,Electric household essentials,Item_14_EHE,24.5,5.0,122.5,Credit Card,In-store,2023-07-17,True,1689552000
TXN_6981443,CUST_06,Computers and electric accessories,Item_8_CEA,15.5,5.0,77.5,Digital Wallet,Online,2022-06-23,False,1655942400
TXN_7765581,CUST_13,Electric household essentials,Item_13_EHE,23.0,8.0,184.0,Digital Wallet,Online,2022-05-26,False,1653523200
TXN_3243189,CUST_01,Milk Products,Item_6_MILK,12.5,5.0,62.5,Cash,Online,2022-04-03,False,1648944000
TXN_9533237,CUST_23,Computers and electric accessories,Item_23_CEA,38.0,1.0,38.0,Cash,In-store,2024-03-18,False,1710720000
TXN_3443190,CUST_07,Food,Item_9_FOOD,17.0,4.0,68.0,Cash,In-store,2024-06-08,True,1717804800
TXN_3008761,CUST_15,Patisserie,Item_1_PAT,5.0,8.0,40.0,Cash,Online,2023-08-10,True,1691625600
TXN_4534121,CUST_07,Electric household essentials,Item_22_EHE,36.5,4.0,146.0,Credit Card,Online,2023-07-21,False,1689897600
TXN_9425683,CUST_13,Beverages,Item_6_BEV,12.5,10.0,125.0,Credit Card,Online,2022-02-23,False,1645574400
TXN_7224309,CUST_22,Electric household essentials,Item_18_EHE,30.5,7.0,213.5,Digital Wallet,Online,2024-05-22,True,1716336000
TXN_7752590,CUST_06,Electric household essentials,Item_15_EHE,26.0,1.0,26.0,Credit Card,In-store,2024-08-12,True,1723420800
TXN_8782421,CUST_05,Food,Item_14_FOOD,24.5,2.0,49.0,Cash,Online,2024-03-17,True,1710633600
TXN_9216790,CUST_15,Computers and electric accessories,Item_2_CEA,6.5,2.0,13.0,Credit Card,Online,2024-09-06,True,1725580800
TXN_7780264,CUST_07,Milk Products,Item_1_MILK,5.0,10.0,50.0,Credit Card,In-store,2025-01-08,False,1736294400
TXN_5582053,CUST_25,Food,Item_25_FOOD,41.0,9.0,369.0,Credit Card,Online,2024-08-10,False,1723248000
TXN_7797020,CUST_22,Milk Products,Item_22_MILK,36.5,6.0,219.0,Cash,Online,2024-09-03,True,1725321600
TXN_4183197,CUST_14,Electric household essentials,Item_21_EHE,35.0,2.0,70.0,Digital Wallet,In-store,2023-09-17,True,1694908800
TXN_8607752,CUST_21,Milk Products,Item_7_MILK,14.0,2.0,28.0,Cash,In-store,2022-04-18,True,1650240000
TXN_8877404,CUST_24,Food,Item_17_FOOD,29.0,2.0,58.0,Digital Wallet,In-store,2022-12-24,True,1671840000
TXN_9944884,CUST_25,Butchers,Item_21_BUT,35.0,7.0,245.0,Credit Card,Online,2024-04-28,True,1714262400
TXN_9545024,CUST_09,Furniture,Item_17_FUR,29.0,4.0,116.0,Cash,Online,2024-04-03,True,1712102400
TXN_1681196,CUST_18,Food,Item_17_FOOD,29.0,4.0,116.0,Credit Card,In-store,2022-08-06,False,1659744000
TXN_4678063,CUST_04,Computers and electric accessories,Item_10_CEA,18.5,1.0,18.5,Credit Card,In-store,2022-04-10,False,1649548800
TXN_2944457,CUST_19,Electric household essentials,Item_14_EHE,24.5,7.0,171.5,Cash,In-store,2022-08-17,True,1660694400
TXN_8653690,CUST_18,Patisserie,Item_13_PAT,23.0,4.0,92.0,Credit Card,In-store,2022-06-24,False,1656028800
TXN_5449536,CUST_01,Butchers,Item_22_BUT,36.5,8.0,292.0,Digital Wallet,Online,2024-05-19,True,1716076800
TXN_2327830,CUST_10,Beverages,Item_2_BEV,6.5,5.0,32.5,Cash,In-store,2024-01-15,False,1705276800
TXN_5591807,CUST_11,Milk Products,Item_8_MILK,15.5,6.0,93.0,Digital Wallet,Online,2022-03-02,False,1646179200
TXN_8335588,CUST_25,Electric household essentials,Item_25_EHE,41.0,7.0,287.0,Cash,Online,2022-02-02,True,1643760000
TXN_6396944,CUST_15,Butchers,Item_16_BUT,27.5,2.0,55.0,Credit Card,In-store,2024-09-13,False,1726185600
TXN_9389617,CUST_21,Butchers,Item_7_BUT,14.0,4.0,56.0,Digital Wallet,Online,2024-12-18,True,1734480000
TXN_2080372,CUST_08,Electric household essentials,Item_23_EHE,38.0,5.0,190.0,Credit Card,Online,2022-09-21,False,1663718400
TXN_3416118,CUST_06,Computers and electric accessories,Item_10_CEA,18.5,9.0,166.5,Cash,In-store,2023-10-13,True,1697155200
TXN_2605225,CUST_15,Butchers,Item_8_BUT,15.5,5.0,77.5,Digital Wallet,Online,2024-07-23,False,1721692800
TXN_7189011,CUST_25,Butchers,Item_20_BUT,33.5,8.0,268.0,Credit Card,In-store,2023-08-23,False,1692748800
TXN_1903317,CUST_11,Furniture,Item_23_FUR,38.0,9.0,342.0,Cash,In-store,2024-04-10,False,1712707200
TXN_8900578,CUST_01,Butchers,Item_18_BUT,30.5,5.0,152.5,Cash,Online,2024-09-30,False,1727654400
TXN_1772393,CUST_18,Furniture,Item_5_FUR,11.0,3.0,33.0,Digital Wallet,In-store,2024-03-29,True,1711670400
TXN_3344378,CUST_07,Patisserie,Item_2_PAT,6.5,6.0,39.0,Cash,Online,2024-12-29,True,1735430400
TXN_7424367,CUST_22,Patisserie,Item_23_PAT,38.0,5.0,190.0,Credit Card,In-store,2022-03-18,False,1647561600
TXN_3624008,CUST_09,Food,Item_24_FOOD,39.5,2.0,79.0,Digital Wallet,In-store,2023-01-28,True,1674864000
TXN_9431847,CUST_09,Food,Item_9_FOOD,17.0,8.0,136.0,Cash,Online,2024-02-25,False,1708819200
TXN_8007376,CUST_07,Milk Products,Item_20_MILK,33.5,9.0,301.5,Credit Card,Online,2024-10-06,False,1728172800
TXN_6124315,CUST_15,Furniture,Item_7_FUR,14.0,1.0,14.0,Digital Wallet,Online,2022-08-29,True,1661731200
TXN_2527115,CUST_22,Beverages,Item_2_BEV,6.5,10.0,65.0,Digital Wallet,Online,2024-06-15,False,1718409600
TXN_7478809,CUST_11,Milk Products,Item_23_MILK,38.0,5.0,190.0,Digital Wallet,In-store,2022-09-02,True,1662076800
TXN_8846213,CUST_24,Milk Products,Item_16_MILK,27.5,9.0,247.5,Digital Wallet,In-store,2024-08-09,False,1723161600
TXN_3315463,CUST_05,Milk Products,Item_13_MILK,23.0,6.0,138.0,Digital Wallet,In-store,2023-01-10,False,1673308800
TXN_7130562,CUST_07,Butchers,Item_8_BUT,15.5,7.0,108.5,Cash,Online,2022-10-08,False,1665187200
TXN_7004172,CUST_12,Furniture,Item_2_FUR,6.5,10.0,65.0,Cash,In-store,2023-05-19,True,1684454400
TXN_5806136,CUST_14,Patisserie,Item_1_PAT,5.0,4.0,20.0,Cash,Online,2023-11-13,True,1699833600
TXN_8017386,CUST_24,Electric household essentials,Item_6_EHE,12.5,6.0,75.0,Cash,Online,2023-04-11,True,1681171200
TXN_7151856,CUST_15,Patisserie,Item_22_PAT,36.5,10.0,365.0,Digital Wallet,In-store,2023-08-23,True,1692748800
TXN_2239008,CUST_17,Milk Products,Item_18_MILK,30.5,4.0,122.0,Credit Card,In-store,2024-12-24,True,1734998400
TXN_5192766,CUST_15,Food,Item_12_FOOD,21.5,9.0,193.5,Digital Wallet,Online,2024-03-07,False,1709769600
TXN_8203879,CUST_18,Butchers,Item_21_BUT,35.0,7.0,245.0,Digital Wallet,In-store,2024-12-01,False,1733011200
TXN_5703601,CUST_20,Electric household essentials,Item_12_EHE,21.5,1.0,21.5,Digital Wallet,Online,2022-12-18,False,1671321600
TXN_9342543,CUST_22,Patisserie,Item_24_PAT,39.5,8.0,316.0,Digital Wallet,In-store,2023-03-20,True,1679270400
TXN_1966846,CUST_10,Beverages,Item_19_BEV,32.0,5.0,160.0,Cash,Online,2022-09-10,True,1662768000
TXN_5307105,CUST_21,Milk Products,Item_3_MILK,8.0,1.0,8.0,Cash,In-store,2024-07-14,True,1720915200
TXN_2090388,CUST_10,Patisserie,Item_22_PAT,36.5,7.0,255.5,Digital Wallet,In-store,2023-11-26,True,1700956800
TXN_6083435,CUST_25,Food,Item_12_FOOD,21.5,3.0,64.5,Digital Wallet,Online,2023-08-31,True,1693440000
TXN_1405939,CUST_22,Beverages,Item_3_BEV,8.0,7.0,56.0,Digital Wallet,In-store,2022-04-02,False,1648857600
TXN_5721746,CUST_07,Electric household essentials,Item_10_EHE,18.5,7.0,129.5,Cash,In-store,2022-03-23,False,1647993600
TXN_6360570,CUST_13,Electric household essentials,Item_10_EHE,18.5,8.0,148.0,Digital Wallet,Online,2022-08-24,False,1661299200
TXN_4537208,CUST_03,Butchers,Item_6_BUT,12.5,1.0,12.5,Digital Wallet,In-store,2022-11-21,False,1668988800
TXN_2991066,CUST_07,Furniture,Item_10_FUR,18.5,6.0,111.0,Credit Card,Online,2023-08-23,False,1692748800
TXN_5728167,CUST_07,Patisserie,Item_8_PAT,15.5,4.0,62.0,Cash,Online,2024-09-30,False,1727654400
TXN_7871836,CUST_01,Food,Item_2_FOOD,6.5,2.0,13.0,Digital Wallet,In-store,2022-07-24,False,1658620800
TXN_7133484,CUST_05,Milk Products,Item_15_MILK,26.0,6.0,156.0,Digital Wallet,Online,2024-05-14,True,1715644800
TXN_9869914,CUST_15,Patisserie,Item_6_PAT,12.5,10.0,125.0,Credit Card,In-store,2024-05-28,False,1716854400
TXN_3287970,CUST_13,Milk Products,Item_18_MILK,30.5,3.0,91.5,Digital Wallet,In-store,2024-03-11,True,1710115200
TXN_5358578,CUST_16,Milk Products,Item_13_MILK,23.0,10.0,230.0,Credit Card,In-store,2023-02-16,False,1676505600
TXN_2216540,CUST_16,Electric household essentials,Item_23_EHE,38.0,10.0,380.0,Cash,Online,2024-06-01,False,1717200000
TXN_8932922,CUST_23,Patisserie,Item_12_PAT,21.5,10.0,215.0,Digital Wallet,Online,2022-09-02,False,1662076800
TXN_6166231,CUST_06,Furniture,Item_16_FUR,27.5,9.0,247.5,Credit Card,Online,2024-04-17,True,1713312000
TXN_9454768,CUST_20,Electric household essentials,Item_15_EHE,26.0,10.0,260.0,Credit Card,Online,2022-12-16,True,1671148800
TXN_3832517,CUST_04,Butchers,Item_17_BUT,29.0,2.0,58.0,Digital Wallet,In-store,2023-06-12,False,1686528000
TXN_3508176,CUST_08,Furniture,Item_8_FUR,15.5,6.0,93.0,Cash,In-store,2025-01-09,True,1736380800
TXN_3647376,CUST_11,Computers and electric accessories,Item_20_CEA,33.5,2.0,67.0,Cash,In-store,2022-04-11,True,1649635200
TXN_4425254,CUST_19,Milk Products,Item_19_MILK,32.0,7.0,224.0,Cash,Online,2024-01-09,True,1704758400
TXN_3892749,CUST_19,Butchers,Item_25_BUT,41.0,5.0,205.0,Credit Card,Online,2024-01-21,False,1705795200
TXN_7350444,CUST_14,Milk Products,Item_18_MILK,30.5,3.0,91.5,Credit Card,Online,2023-03-08,False,1678233600
TXN_5069841,CUST_16,Electric household essentials,Item_8_EHE,15.5,7.0,108.5,Cash,Online,2022-03-12,True,1647043200
TXN_2844235,CUST_03,Milk Products,Item_6_MILK,12.5,1.0,12.5,Credit Card,Online,2024-11-06,False,1730851200
TXN_1513546,CUST_21,Patisserie,Item_20_PAT,33.5,3.0,100.5,Cash,In-store,2024-07-27,True,1722038400
TXN_1608080,CUST_23,Butchers,Item_2_BUT,6.5,2.0,13.0,Credit Card,In-store,2023-05-01,False,1682899200
TXN_1515270,CUST_19,Butchers,Item_6_BUT,12.5,8.0,100.0,Cash,In-store,2023-03-10,True,1678406400
TXN_9800846,CUST_05,Furniture,Item_4_FUR,9.5,6.0,57.0,Digital Wallet,In-store,2022-03-15,False,1647302400
TXN_3152731,CUST_13,Food,Item_20_FOOD,33.5,4.0,134.0,Cash,In-store,2024-07-11,True,1720656000
TXN_5281103,CUST_12,Milk Products,Item_1_MILK,5.0,7.0,35.0,Digital Wallet,Online,2024-01-22,False,1705881600
TXN_8263343,CUST_15,Computers and electric accessories,Item_2_CEA,6.5,8.0,52.0,Credit Card,In-store,2022-04-14,False,1649894400
TXN_1991242,CUST_15,Milk Products,Item_20_MILK,33.5,4.0,134.0,Credit Card,Online,2022-08-03,False,1659484800
TXN_2986216,CUST_17,Electric household essentials,Item_10_EHE,18.5,5.0,92.5,Credit Card,Online,2023-10-19,False,1697673600
TXN_2391516,CUST_18,Food,Item_14_FOOD,24.5,5.0,122.5,Digital Wallet,In-store,2023-12-02,True,1701475200
TXN_5469699,CUST_01,Milk Products,Item_6_MILK,12.5,7.0,87.5,Credit Card,Online,2023-01-21,False,1674259200
TXN_3268543,CUST_24,Computers and electric accessories,Item_18_CEA,30.5,5.0,152.5,Credit Card,Online,2023-08-23,True,1692748800
TXN_5117599,CUST_18,Milk Products,Item_20_MILK,33.5,2.0,67.0,Digital Wallet,In-store,2024-09-13,True,1726185600
TXN_8727312,CUST_15,Food,Item_5_FOOD,11.0,5.0,55.0,Cash,Online,2023-05-22,False,1684713600
TXN_6421356,CUST_21,Food,Item_9_FOOD,17.0,8.0,136.0,Digital Wallet,In-store,2024-09-01,True,1725148800
TXN_8904317,CUST_15,Food,Item_4_FOOD,9.5,6.0,57.0,Cash,Online,2023-05-18,True,1684368000
TXN_5252548,CUST_03,Electric household essentials,Item_5_EHE,11.0,8.0,88.0,Credit Card,In-store,2022-12-28,True,1672185600
TXN_6842216,CUST_10,Butchers,Item_22_BUT,36.5,6.0,219.0,Cash,Online,2022-01-25,False,1643068800
TXN_9444660,CUST_13,Electric household essentials,Item_21_EHE,35.0,1.0,35.0,Digital Wallet,Online,2024-05-24,True,1716508800
TXN_2027533,CUST_19,Furniture,Item_11_FUR,20.0,6.0,120.0,Credit Card,In-store,2022-11-15,False,1668470400
TXN_6043282,CUST_21,Furniture,Item_20_FUR,33.5,5.0,167.5,Credit Card,In-store,2024-01-10,False,1704844800
TXN_5863441,CUST_14,Patisserie,Item_17_PAT,29.0,10.0,290.0,Cash,In-store,2023-03-11,False,1678492800
TXN_6319342,CUST_23,Patisserie,Item_8_PAT,15.5,4.0,62.0,Credit Card,Online,2022-10-21,True,1666310400
TXN_7925229,CUST_10,Milk Products,Item_3_MILK,8.0,10.0,80.0,Digital Wallet,Online,2023-08-28,True,1693180800
TXN_8017236,CUST_08,Milk Products,Item_3_MILK,8.0,3.0,24.0,Digital Wallet,Online,2023-06-14,False,1686700800
TXN_7694831,CUST_15,Milk Products,Item_11_MILK,20.0,7.0,140.0,Credit Card,Online,2023-07-23,True,1690070400
TXN_7610612,CUST_09,Electric household essentials,Item_9_EHE,17.0,8.0,136.0,Digital Wallet,In-store,2024-03-25,True,1711324800
TXN_5946038,CUST_17,Beverages,Item_22_BEV,36.5,3.0,109.5,Credit Card,In-store,2024-12-30,False,1735516800
TXN_9874732,CUST_07,Electric household essentials,Item_16_EHE,27.5,2.0,55.0,Credit Card,In-store,2022-08-27,False,1661558400
TXN_5530234,CUST_10,Electric household essentials,Item_17_EHE,29.0,8.0,232.0,Cash,Online,2023-06-30,True,1688083200
TXN_7548617,CUST_12,Electric household essentials,Item_23_EHE,38.0,10.0,380.0,Digital Wallet,In-store,2024-10-07,True,1728259200
TXN_2301934,CUST_20,Food,Item_20_FOOD,33.5,3.0,100.5,Credit Card,Online,2022-09-07,True,1662508800
TXN_8636007,CUST_06,Beverages,Item_13_BEV,23.0,10.0,230.0,Cash,Online,2022-09-04,False,1662249600
TXN_6696815,CUST_21,Computers and electric accessories,Item_8_CEA,15.5,9.0,139.5,Cash,Online,2022-12-10,False,1670630400
TXN_4962334,CUST_06,Electric household essentials,Item_23_EHE,38.0,8.0,304.0,Cash,Online,2023-12-27,False,1703635200
TXN_1383402,CUST_04,Butchers,Item_22_BUT,36.5,7.0,255.5,Credit Card,Online,2024-08-28,False,1724803200
TXN_1282545,CUST_19,Butchers,Item_16_BUT,27.5,1.0,27.5,Credit Card,Online,2022-08-17,False,1660694400
TXN_1766741,CUST_08,Food,Item_25_FOOD,41.0,2.0,82.0,Cash,Online,2022-06-22,True,1655856000
TXN_9709127,CUST_06,Food,Item_23_FOOD,38.0,6.0,228.0,Cash,In-store,2024-02-19,True,1708300800
TXN_7179624,CUST_04,Milk Products,Item_22_MILK,36.5,10.0,365.0,Credit Card,Online,2024-11-08,False,1731024000
TXN_6175359,CUST_14,Electric household essentials,Item_4_EHE,9.5,5.0,47.5,Cash,Online,2023-04-13,False,1681344000
TXN_1074265,CUST_17,Patisserie,Item_2_PAT,6.5,7.0,45.5,Credit Card,In-store,2024-03-16,True,1710547200
TXN_7748483,CUST_14,Milk Products,Item_17_MILK,29.0,8.0,232.0,Cash,In-store,2022-12-02,False,1669939200
TXN_9896915,CUST_22,Beverages,Item_2_BEV,6.5,7.0,45.5,Digital Wallet,In-store,2024-04-29,False,1714348800
TXN_3636944,CUST_22,Butchers,Item_15_BUT,26.0,4.0,104.0,Digital Wallet,Online,2024-10-29,True,1730160000
TXN_8388138,CUST_25,Milk Products,Item_3_MILK,8.0,5.0,40.0,Credit Card,In-store,2023-07-29,False,1690588800
TXN_4205231,CUST_08,Computers and electric accessories,Item_19_CEA,32.0,3.0,96.0,Digital Wallet,Online,2024-03-07,True,1709769600
TXN_8122173,CUST_15,Electric household essentials,Item_23_EHE,38.0,8.0,304.0,Digital Wallet,Online,2023-04-04,False,1680566400
TXN_6709296,CUST_01,Computers and electric accessories,Item_17_CEA,29.0,2.0,58.0,Cash,In-store,2024-08-09,False,1723161600
TXN_8566128,CUST_22,Patisserie,Item_15_PAT,26.0,6.0,156.0,Cash,In-store,2024-02-02,True,1706832000
TXN_4289142,CUST_13,Butchers,Item_22_BUT,36.5,7.0,255.5,Cash,Online,2023-12-21,False,1703116800
TXN_6887267,CUST_08,Computers and electric accessories,Item_21_CEA,35.0,10.0,350.0,Credit Card,Online,2022-01-08,False,1641600000
TXN_5153449,CUST_09,Milk Products,Item_18_MILK,30.5,4.0,122.0,Credit Card,Online,2024-06-16,True,1718496000
TXN_5364503,CUST_15,Computers and electric accessories,Item_13_CEA,23.0,10.0,230.0,Digital Wallet,In-store,2023-09-13,True,1694563200
TXN_6849972,CUST_15,Food,Item_12_FOOD,21.5,5.0,107.5,Cash,Online,2024-10-13,False,1728777600
TXN_2987709,CUST_24,Computers and electric accessories,Item_10_CEA,18.5,5.0,92.5,Cash,Online,2024-03-28,True,1711584000
TXN_6693770,CUST_04,Patisserie,Item_18_PAT,30.5,4.0,122.0,Credit Card,Online,2024-06-03,True,1717372800
TXN_8229538,CUST_14,Beverages,Item_21_BEV,35.0,5.0,175.0,Credit Card,In-store,2023-01-03,True,1672704000
TXN_4373603,CUST_08,Electric household essentials,Item_2_EHE,6.5,1.0,6.5,Digital Wallet,In-store,2022-07-14,False,1657756800
TXN_7560356,CUST_14,Patisserie,Item_24_PAT,39.5,2.0,79.0,Credit Card,Online,2024-05-24,False,1716508800
TXN_5280034,CUST_07,Electric household essentials,Item_8_EHE,15.5,3.0,46.5,Credit Card,In-store,2022-02-18,True,1645142400
TXN_4606507,CUST_22,Butchers,Item_12_BUT,21.5,3.0,64.5,Cash,In-store,2023-08-28,True,1693180800
TXN_6106136,CUST_07,Furniture,Item_2_FUR,6.5,9.0,58.5,Credit Card,In-store,2024-02-03,False,1706918400
TXN_5165507,CUST_02,Patisserie,Item_15_PAT,26.0,5.0,130.0,Digital Wallet,In-store,2022-10-31,False,1667174400
TXN_6283478,CUST_12,Food,Item_5_FOOD,11.0,8.0,88.0,Credit Card,Online,2022-06-11,False,1654905600
TXN_9493723,CUST_22,Butchers,Item_22_BUT,36.5,4.0,146.0,Credit Card,In-store,2022-05-28,True,1653696000
TXN_4246606,CUST_02,Food,Item_17_FOOD,29.0,7.0,203.0,Credit Card,Online,2023-10-24,False,1698105600
TXN_4641540,CUST_20,Electric household essentials,Item_18_EHE,30.5,6.0,183.0,Credit Card,Online,2023-06-14,True,1686700800
TXN_4854529,CUST_25,Butchers,Item_11_BUT,20.0,6.0,120.0,Cash,Online,2022-11-30,True,1669766400
TXN_5923084,CUST_10,Furniture,Item_21_FUR,35.0,8.0,280.0,Digital Wallet,In-store,2022-12-11,False,1670716800
TXN_5321918,CUST_24,Furniture,Item_6_FUR,12.5,5.0,62.5,Credit Card,In-store,2025-01-18,False,1737158400
TXN_1514611,CUST_07,Food,Item_22_FOOD,36.5,7.0,255.5,Digital Wallet,Online,2023-07-24,False,1690156800
TXN_8560915,CUST_05,Butchers,Item_25_BUT,41.0,9.0,369.0,Cash,In-store,2024-11-03,False,1730592000
TXN_9701250,CUST_22,Butchers,Item_25_BUT,41.0,5.0,205.0,Credit Card,Online,2022-04-08,False,1649376000
TXN_6698401,CUST_02,Electric household essentials,Item_25_EHE,41.0,3.0,123.0,Cash,Online,2024-07-02,False,1719878400
TXN_7522804,CUST_20,Computers and electric accessories,Item_10_CEA,18.5,1.0,18.5,Cash,Online,2023-02-19,True,1676764800
TXN_6429023,CUST_13,Patisserie,Item_7_PAT,14.0,5.0,70.0,Digital Wallet,Online,2022-10-06,False,1665014400
TXN_9112753,CUST_25,Butchers,Item_23_BUT,38.0,3.0,114.0,Credit Card,In-store,2024-04-29,False,1714348800
TXN_1862542,CUST_18,Butchers,Item_9_BUT,17.0,8.0,136.0,Credit Card,In-store,2024-08-25,False,1724544000
TXN_3293968,CUST_19,Electric household essentials,Item_8_EHE,15.5,2.0,31.0,Credit Card,Online,2022-01-17,True,1642377600
TXN_6092112,CUST_23,Butchers,Item_8_BUT,15.5,5.0,77.5,Digital Wallet,Online,2024-01-09,False,1704758400
TXN_1859813,CUST_05,Electric household essentials,Item_18_EHE,30.5,5.0,152.5,Cash,In-store,2023-08-29,False,1693267200
TXN_5859101,CUST_21,Electric household essentials,Item_8_EHE,15.5,5.0,77.5,Cash,In-store,2024-01-19,False,1705622400
TXN_8988079,CUST_19,Computers and electric accessories,Item_23_CEA,38.0,9.0,342.0,Credit Card,In-store,2023-06-10,False,1686355200
TXN_2378312,CUST_09,Patisserie,Item_23_PAT,38.0,5.0,190.0,Digital Wallet,Online,2023-05-27,True,1685145600
TXN_6765730,CUST_17,Furniture,Item_25_FUR,41.0,9.0,369.0,Cash,Online,2023-09-10,True,1694304000
TXN_1194790,CUST_07,Computers and electric accessories,Item_14_CEA,24.5,4.0,98.0,Digital Wallet,In-store,2023-09-07,True,1694044800
TXN_3791096,CUST_20,Patisserie,Item_9_PAT,17.0,3.0,51.0,Cash,In-store,2024-08-30,True,1724976000
TXN_5739751,CUST_15,Electric household essentials,Item_3_EHE,8.0,5.0,40.0,Cash,Online,2023-01-22,True,1674345600
TXN_7588153,CUST_16,Electric household essentials,Item_20_EHE,33.5,10.0,335.0,Digital Wallet,Online,2022-03-24,True,1648080000
TXN_1534522,CUST_05,Butchers,Item_2_BUT,6.5,6.0,39.0,Digital Wallet,Online,2024-09-25,True,1727222400
TXN_8405907,CUST_04,Food,Item_17_FOOD,29.0,7.0,203.0,Cash,In-store,2022-10-09,False,1665273600
TXN_1002182,CUST_01,Food,Item_5_FOOD,11.0,5.0,55.0,Digital Wallet,In-store,2024-10-08,True,1728345600
TXN_5500378,CUST_04,Electric household essentials,Item_20_EHE,33.5,7.0,234.5,Digital Wallet,In-store,2022-02-22,False,1645488000
TXN_1137120,CUST_06,Milk Products,Item_19_MILK,32.0,1.0,32.0,Credit Card,Online,2024-10-17,True,1729123200
TXN_4204523,CUST_21,Beverages,Item_8_BEV,15.5,7.0,108.5,Credit Card,In-store,2024-12-12,True,1733961600
TXN_2900282,CUST_19,Furniture,Item_7_FUR,14.0,10.0,140.0,Cash,Online,2023-04-04,True,1680566400
TXN_6766113,CUST_25,Electric household essentials,Item_12_EHE,21.5,2.0,43.0,Cash,In-store,2024-09-22,False,1726963200
TXN_1558304,CUST_22,Milk Products,Item_11_MILK,20.0,8.0,160.0,Credit Card,Online,2024-03-10,False,1710028800
TXN_6118432,CUST_08,Butchers,Item_16_BUT,27.5,1.0,27.5,Cash,Online,2022-08-25,False,1661385600
TXN_1894434,CUST_20,Food,Item_14_FOOD,24.5,4.0,98.0,Cash,In-store,2023-03-10,False,1678406400
TXN_1398307,CUST_25,Butchers,Item_14_BUT,24.5,6.0,147.0,Cash,Online,2025-01-03,False,1735862400
TXN_6207746,CUST_23,Patisserie,Item_12_PAT,21.5,7.0,150.5,Cash,In-store,2024-03-15,True,1710460800
TXN_8786372,CUST_25,Electric household essentials,Item_8_EHE,15.5,8.0,124.0,Digital Wallet,Online,2022-04-22,False,1650585600
TXN_2250165,CUST_20,Butchers,Item_23_BUT,38.0,3.0,114.0,Credit Card,In-store,2022-09-21,True,1663718400
TXN_7919038,CUST_24,Furniture,Item_14_FUR,24.5,10.0,245.0,Cash,In-store,2022-04-04,False,1649030400
TXN_7814081,CUST_17,Milk Products,Item_13_MILK,23.0,7.0,161.0,Cash,Online,2024-05-21,False,1716249600
TXN_5597499,CUST_08,Electric household essentials,Item_6_EHE,12.5,10.0,125.0,Cash,Online,2023-12-07,True,1701907200
TXN_9203083,CUST_07,Butchers,Item_4_BUT,9.5,6.0,57.0,Credit Card,Online,2022-11-14,True,1668384000
TXN_8691499,CUST_05,Milk Products,Item_17_MILK,29.0,8.0,232.0,Cash,In-store,2022-07-19,False,1658188800
TXN_2481480,CUST_11,Electric household essentials,Item_20_EHE,33.5,8.0,268.0,Digital Wallet,Online,2022-07-08,False,1657238400
TXN_7839304,CUST_21,Milk Products,Item_14_MILK,24.5,10.0,245.0,Digital Wallet,In-store,2024-02-14,True,1707868800
TXN_5881214,CUST_02,Patisserie,Item_11_PAT,20.0,3.0,60.0,Digital Wallet,Online,2022-01-18,True,1642464000
TXN_5323387,CUST_13,Furniture,Item_1_FUR,5.0,8.0,40.0,Cash,Online,2024-03-08,False,1709856000
TXN_5991314,CUST_06,Beverages,Item_2_BEV,6.5,5.0,32.5,Digital Wallet,Online,2022-05-09,False,1652054400
TXN_9345275,CUST_09,Patisserie,Item_23_PAT,38.0,5.0,190.0,Cash,Online,2024-10-20,False,1729382400
TXN_8584185,CUST_08,Patisserie,Item_25_PAT,41.0,4.0,164.0,Credit Card,Online,2022-02-11,False,1644537600
TXN_4037099,CUST_05,Patisserie,Item_8_PAT,15.5,5.0,77.5,Cash,Online,2024-09-09,True,1725840000
TXN_2306040,CUST_08,Electric household essentials,Item_5_EHE,11.0,8.0,88.0,Cash,Online,2023-11-27,True,1701043200
TXN_9531274,CUST_12,Computers and electric accessories,Item_19_CEA,32.0,5.0,160.0,Digital Wallet,Online,2024-10-21,False,1729468800
TXN_6395052,CUST_09,Food,Item_25_FOOD,41.0,8.0,328.0,Cash,Online,2024-10-02,True,1727827200
TXN_7787171,CUST_02,Beverages,Item_7_BEV,14.0,5.0,70.0,Digital Wallet,In-store,2024-07-06,False,1720224000
TXN_5756608,CUST_15,Furniture,Item_24_FUR,39.5,3.0,118.5,Cash,In-store,2024-03-28,True,1711584000
TXN_4506079,CUST_05,Patisserie,Item_1_PAT,5.0,1.0,5.0,Credit Card,In-store,2023-09-21,True,1695254400
TXN_2122383,CUST_23,Patisserie,Item_14_PAT,24.5,8.0,196.0,Digital Wallet,In-store,2023-10-07,False,1696636800
TXN_1818008,CUST_19,Electric household essentials,Item_7_EHE,14.0,1.0,14.0,Digital Wallet,Online,2022-03-29,False,1648512000
TXN_3231618,CUST_10,Food,Item_10_FOOD,18.5,7.0,129.5,Credit Card,Online,2022-02-02,True,1643760000
TXN_7949571,CUST_01,Furniture,Item_1_FUR,5.0,8.0,40.0,Credit Card,In-store,2022-05-24,True,1653350400
TXN_8228754,CUST_21,Food,Item_5_FOOD,11.0,5.0,55.0,Digital Wallet,Online,2022-01-10,True,1641772800
TXN_4636584,CUST_15,Electric household essentials,Item_2_EHE,6.5,3.0,19.5,Credit Card,In-store,2024-01-02,True,1704153600
TXN_1338239,CUST_17,Milk Products,Item_7_MILK,14.0,5.0,70.0,Digital Wallet,Online,2024-01-11,True,1704931200
TXN_5801836,CUST_23,Computers and electric accessories,Item_12_CEA,21.5,8.0,172.0,Credit Card,In-store,2022-10-13,True,1665619200
TXN_9989610,CUST_20,Food,Item_11_FOOD,20.0,7.0,140.0,Digital Wallet,In-store,2023-11-12,False,1699747200
TXN_8817845,CUST_13,Patisserie,Item_4_PAT,9.5,3.0,28.5,Digital Wallet,In-store,2023-07-29,False,1690588800
TXN_3280390,CUST_02,Electric household essentials,Item_25_EHE,41.0,7.0,287.0,Cash,In-store,2022-10-21,False,1666310400
TXN_7433742,CUST_12,Electric household essentials,Item_8_EHE,15.5,5.0,77.5,Digital Wallet,Online,2023-09-09,True,1694217600
TXN_8625188,CUST_13,Furniture,Item_2_FUR,6.5,8.0,52.0,Digital Wallet,Online,2024-11-13,True,1731456000
TXN_8974501,CUST_24,Milk Products,Item_11_MILK,20.0,1.0,20.0,Cash,Online,2023-06-22,False,1687392000
TXN_7781176,CUST_05,Furniture,Item_5_FUR,11.0,7.0,77.0,Digital Wallet,Online,2022-11-18,True,1668729600
TXN_9362268,CUST_20,Computers and electric accessories,Item_11_CEA,20.0,1.0,20.0,Credit Card,In-store,2022-12-23,True,1671753600
TXN_1021914,CUST_25,Electric household essentials,Item_15_EHE,26.0,8.0,208.0,Credit Card,In-store,2022-10-01,False,1664582400
TXN_7513847,CUST_07,Computers and electric accessories,Item_8_CEA,15.5,2.0,31.0,Digital Wallet,Online,2023-03-06,True,1678060800
TXN_6029235,CUST_24,Butchers,Item_21_BUT,35.0,9.0,315.0,Credit Card,In-store,2023-10-20,True,1697760000
TXN_1091462,CUST_11,Beverages,Item_16_BEV,27.5,2.0,55.0,Cash,Online,2022-06-22,False,1655856000
TXN_4751499,CUST_13,Milk Products,Item_3_MILK,8.0,10.0,80.0,Cash,In-store,2024-07-11,True,1720656000
TXN_9446585,CUST_25,Milk Products,Item_6_MILK,12.5,3.0,37.5,Digital Wallet,In-store,2024-01-06,False,1704499200
TXN_9069543,CUST_10,Furniture,Item_22_FUR,36.5,4.0,146.0,Cash,In-store,2024-03-13,False,1710288000
TXN_3475563,CUST_16,Beverages,Item_2_BEV,6.5,5.0,32.5,Cash,In-store,2024-08-09,False,1723161600
TXN_8678715,CUST_21,Milk Products,Item_18_MILK,30.5,6.0,183.0,Digital Wallet,Online,2023-08-21,False,1692576000
TXN_7169866,CUST_25,Computers and electric accessories,Item_14_CEA,24.5,6.0,147.0,Cash,Online,2023-03-03,True,1677801600
TXN_8655378,CUST_12,Milk Products,Item_23_MILK,38.0,4.0,152.0,Credit Card,Online,2023-07-16,False,1689465600
TXN_8699307,CUST_09,Food,Item_14_FOOD,24.5,10.0,245.0,Credit Card,In-store,2022-06-11,True,1654905600
TXN_1212399,CUST_05,Beverages,Item_7_BEV,14.0,8.0,112.0,Digital Wallet,Online,2024-01-17,True,1705449600
TXN_3603189,CUST_03,Food,Item_6_FOOD,12.5,5.0,62.5,Digital Wallet,Online,2022-03-02,False,1646179200
TXN_2054145,CUST_06,Electric household essentials,Item_21_EHE,35.0,7.0,245.0,Cash,In-store,2023-05-28,False,1685232000
TXN_3012172,CUST_04,Computers and electric accessories,Item_15_CEA,26.0,5.0,130.0,Cash,Online,2023-02-09,True,1675900800
TXN_4748533,CUST_10,Beverages,Item_14_BEV,24.5,8.0,196.0,Cash,In-store,2024-04-03,False,1712102400
TXN_1153259,CUST_21,Milk Products,Item_16_MILK,27.5,7.0,192.5,Cash,Online,2024-10-13,True,1728777600
TXN_2739207,CUST_12,Beverages,Item_17_BEV,29.0,4.0,116.0,Credit Card,Online,2024-12-04,True,1733270400
TXN_3150131,CUST_02,Butchers,Item_1_BUT,5.0,2.0,10.0,Cash,In-store,2022-02-11,False,1644537600
TXN_3628073,CUST_08,Butchers,Item_15_BUT,26.0,8.0,208.0,Cash,In-store,2022-01-26,True,1643155200
TXN_3576295,CUST_01,Beverages,Item_23_BEV,38.0,7.0,266.0,Digital Wallet,In-store,2024-08-06,False,1722902400
TXN_2331907,CUST_17,Electric household essentials,Item_15_EHE,26.0,9.0,234.0,Digital Wallet,Online,2024-11-08,True,1731024000
TXN_1980053,CUST_13,Milk Products,Item_17_MILK,29.0,10.0,290.0,Cash,In-store,2022-09-26,False,1664150400
TXN_5678403,CUST_04,Computers and electric accessories,Item_19_CEA,32.0,7.0,224.0,Cash,In-store,2023-09-19,False,1695081600
TXN_9379604,CUST_13,Computers and electric accessories,Item_9_CEA,17.0,3.0,51.0,Credit Card,Online,2024-08-15,True,1723680000
TXN_5721686,CUST_04,Furniture,Item_2_FUR,6.5,6.0,39.0,Cash,In-store,2024-06-15,False,1718409600
TXN_2256891,CUST_08,Milk Products,Item_13_MILK,23.0,4.0,92.0,Cash,Online,2022-03-26,False,1648252800
TXN_4224556,CUST_06,Furniture,Item_23_FUR,38.0,5.0,190.0,Credit Card,In-store,2022-07-21,False,1658361600
TXN_3066671,CUST_07,Furniture,Item_22_FUR,36.5,5.0,182.5,Digital Wallet,In-store,2023-08-05,False,1691193600
TXN_1518573,CUST_11,Furniture,Item_24_FUR,39.5,4.0,158.0,Digital Wallet,Online,2024-08-28,True,1724803200
TXN_8437627,CUST_05,Furniture,Item_6_FUR,12.5,10.0,125.0,Credit Card,In-store,2024-07-12,False,1720742400
TXN_8615080,CUST_14,Milk Products,Item_17_MILK,29.0,6.0,174.0,Cash,Online,2022-06-14,True,1655164800
TXN_6615723,CUST_22,Milk Products,Item_6_MILK,12.5,8.0,100.0,Digital Wallet,Online,2022-02-27,False,1645920000
TXN_9731608,CUST_21,Patisserie,Item_1_PAT,5.0,3.0,15.0,Cash,Online,2024-01-01,False,1704067200
TXN_4324046,CUST_17,Beverages,Item_20_BEV,33.5,6.0,201.0,Digital Wallet,In-store,2022-12-02,True,1669939200
TXN_5141030,CUST_11,Computers and electric accessories,Item_7_CEA,14.0,9.0,126.0,Cash,In-store,2023-11-20,True,1700438400
TXN_2848161,CUST_04,Furniture,Item_23_FUR,38.0,1.0,38.0,Cash,In-store,2024-10-09,True,1728432000
TXN_5100596,CUST_04,Butchers,Item_13_BUT,23.0,10.0,230.0,Credit Card,Online,2022-06-14,True,1655164800
TXN_2321189,CUST_16,Butchers,Item_22_BUT,36.5,10.0,365.0,Digital Wallet,In-store,2023-09-21,True,1695254400
TXN_5592067,CUST_20,Butchers,Item_20_BUT,33.5,1.0,33.5,Digital Wallet,Online,2023-02-10,False,1675987200
TXN_6651159,CUST_15,Computers and electric accessories,Item_19_CEA,32.0,7.0,224.0,Credit Card,Online,2022-12-22,False,1671667200
TXN_6510149,CUST_01,Electric household essentials,Item_12_EHE,21.5,8.0,172.0,Credit Card,In-store,2024-08-19,True,1724025600
TXN_5219312,CUST_04,Butchers,Item_12_BUT,21.5,6.0,129.0,Credit Card,Online,2022-09-20,True,1663632000
TXN_1235721,CUST_20,Electric household essentials,Item_16_EHE,27.5,3.0,82.5,Credit Card,In-store,2024-02-24,True,1708732800
TXN_4656191,CUST_22,Food,Item_22_FOOD,36.5,7.0,255.5,Cash,Online,2025-01-06,False,1736121600
TXN_3220505,CUST_13,Furniture,Item_15_FUR,26.0,10.0,260.0,Cash,Online,2022-10-23,True,1666483200
TXN_6115131,CUST_11,Electric household essentials,Item_8_EHE,15.5,7.0,108.5,Credit Card,Online,2024-11-27,False,1732665600
TXN_6053836,CUST_11,Furniture,Item_11_FUR,20.0,1.0,20.0,Cash,In-store,2023-12-12,True,1702339200
TXN_9416079,CUST_24,Patisserie,Item_1_PAT,5.0,4.0,20.0,Cash,Online,2022-03-05,False,1646438400
TXN_6685616,CUST_08,Butchers,Item_2_BUT,6.5,2.0,13.0,Credit Card,In-store,2022-01-21,True,1642723200
TXN_2222267,CUST_02,Butchers,Item_18_BUT,30.5,9.0,274.5,Digital Wallet,Online,2024-02-20,True,1708387200
TXN_8381171,CUST_03,Food,Item_6_FOOD,12.5,8.0,100.0,Cash,In-store,2023-03-19,True,1679184000
TXN_9434303,CUST_15,Food,Item_4_FOOD,9.5,6.0,57.0,Digital Wallet,In-store,2023-09-30,True,1696032000
TXN_2449565,CUST_08,Food,Item_5_FOOD,11.0,5.0,55.0,Credit Card,In-store,2024-06-12,False,1718150400
TXN_5308350,CUST_19,Food,Item_12_FOOD,21.5,10.0,215.0,Cash,In-store,2022-01-18,False,1642464000
TXN_7670020,CUST_13,Food,Item_3_FOOD,8.0,6.0,48.0,Digital Wallet,Online,2023-03-20,False,1679270400
TXN_5459334,CUST_20,Food,Item_14_FOOD,24.5,5.0,122.5,Credit Card,Online,2023-05-10,True,1683676800
TXN_2497415,CUST_05,Furniture,Item_21_FUR,35.0,3.0,105.0,Cash,Online,2024-09-12,True,1726099200
TXN_6980149,CUST_08,Patisserie,Item_12_PAT,21.5,7.0,150.5,Digital Wallet,Online,2023-07-08,False,1688774400
TXN_2070726,CUST_22,Milk Products,Item_6_MILK,12.5,5.0,62.5,Digital Wallet,In-store,2022-01-01,False,1640995200
TXN_4832015,CUST_12,Beverages,Item_18_BEV,30.5,8.0,244.0,Credit Card,In-store,2024-03-28,True,1711584000
TXN_2714155,CUST_18,Computers and electric accessories,Item_8_CEA,15.5,1.0,15.5,Digital Wallet,Online,2023-06-03,False,1685750400
TXN_5984083,CUST_20,Computers and electric accessories,Item_7_CEA,14.0,6.0,84.0,Credit Card,In-store,2023-03-07,True,1678147200
TXN_3362535,CUST_21,Furniture,Item_11_FUR,20.0,1.0,20.0,Cash,Online,2024-02-03,True,1706918400
TXN_8805006,CUST_12,Patisserie,Item_7_PAT,14.0,2.0,28.0,Credit Card,Online,2022-01-13,False,1642032000
TXN_6045260,CUST_25,Beverages,Item_11_BEV,20.0,3.0,60.0,Digital Wallet,In-store,2024-07-01,False,1719792000
TXN_5704093,CUST_09,Electric household essentials,Item_4_EHE,9.5,8.0,76.0,Digital Wallet,Online,2024-04-23,False,1713830400
TXN_2882366,CUST_25,Food,Item_15_FOOD,26.0,10.0,260.0,Digital Wallet,Online,2023-01-23,True,1674432000
TXN_6531036,CUST_17,Milk Products,Item_1_MILK,5.0,4.0,20.0,Cash,Online,2023-07-07,False,1688688000
TXN_9460532,CUST_12,Computers and electric accessories,Item_20_CEA,33.5,7.0,234.5,Digital Wallet,In-store,2022-06-08,True,1654646400
TXN_4043491,CUST_02,Food,Item_17_FOOD,29.0,3.0,87.0,Credit Card,In-store,2023-07-11,True,1689033600
TXN_8225628,CUST_05,Electric household essentials,Item_20_EHE,33.5,1.0,33.5,Cash,Online,2022-08-12,True,1660262400
TXN_5502375,CUST_03,Butchers,Item_1_BUT,5.0,7.0,35.0,Cash,Online,2024-06-20,True,1718841600
TXN_1312186,CUST_17,Computers and electric accessories,Item_6_CEA,12.5,2.0,25.0,Credit Card,Online,2024-12-24,True,1734998400
TXN_9365954,CUST_24,Furniture,Item_20_FUR,33.5,6.0,201.0,Digital Wallet,In-store,2024-03-29,False,1711670400
TXN_3671598,CUST_23,Food,Item_9_FOOD,17.0,4.0,68.0,Digital Wallet,Online,2023-07-15,True,1689379200
TXN_7017414,CUST_20,Beverages,Item_21_BEV,35.0,3.0,105.0,Cash,In-store,2022-08-03,False,1659484800
TXN_6877528,CUST_10,Butchers,Item_21_BUT,35.0,5.0,175.0,Digital Wallet,Online,2022-04-19,True,1650326400
TXN_5799921,CUST_13,Computers and electric accessories,Item_20_CEA,33.5,6.0,201.0,Digital Wallet,Online,2024-12-03,True,1733184000
TXN_3664114,CUST_21,Milk Products,Item_5_MILK,11.0,4.0,44.0,Cash,In-store,2024-10-02,True,1727827200
TXN_9413476,CUST_25,Electric household essentials,Item_9_EHE,17.0,1.0,17.0,Credit Card,In-store,2023-08-17,False,1692230400
TXN_1135069,CUST_01,Computers and electric accessories,Item_10_CEA,18.5,2.0,37.0,Digital Wallet,Online,2024-12-15,True,1734220800
TXN_3363826,CUST_20,Computers and electric accessories,Item_21_CEA,35.0,4.0,140.0,Credit Card,Online,2024-06-16,True,1718496000
TXN_9629561,CUST_11,Electric household essentials,Item_6_EHE,12.5,5.0,62.5,Cash,In-store,2023-06-21,False,1687305600
TXN_5210678,CUST_05,Milk Products,Item_5_MILK,11.0,8.0,88.0,Credit Card,In-store,2023-10-31,True,1698710400
TXN_2027461,CUST_15,Electric household essentials,Item_11_EHE,20.0,7.0,140.0,Cash,In-store,2022-11-24,False,1669248000
TXN_8489499,CUST_12,Butchers,Item_23_BUT,38.0,3.0,114.0,Credit Card,Online,2024-04-28,True,1714262400
TXN_5944536,CUST_02,Beverages,Item_12_BEV,21.5,9.0,193.5,Credit Card,In-store,2024-04-02,False,1712016000
TXN_9410689,CUST_04,Computers and electric accessories,Item_8_CEA,15.5,10.0,155.0,Cash,Online,2022-07-10,True,1657411200
TXN_2131741,CUST_09,Patisserie,Item_20_PAT,33.5,3.0,100.5,Digital Wallet,In-store,2022-08-12,False,1660262400
TXN_2519309,CUST_20,Butchers,Item_12_BUT,21.5,6.0,129.0,Credit Card,Online,2024-10-03,True,1727913600
TXN_5486919,CUST_12,Food,Item_14_FOOD,24.5,10.0,245.0,Cash,Online,2022-07-27,False,1658880000
TXN_6806724,CUST_14,Furniture,Item_4_FUR,9.5,4.0,38.0,Digital Wallet,Online,2024-04-13,False,1712966400
TXN_4975949,CUST_23,Patisserie,Item_16_PAT,27.5,3.0,82.5,Cash,Online,2022-03-10,True,1646870400
TXN_4832164,CUST_07,Electric household essentials,Item_15_EHE,26.0,5.0,130.0,Credit Card,Online,2024-09-08,False,1725753600
TXN_3581464,CUST_11,Furniture,Item_8_FUR,15.5,7.0,108.5,Digital Wallet,In-store,2022-01-07,True,1641513600
TXN_4290067,CUST_03,Milk Products,Item_4_MILK,9.5,10.0,95.0,Cash,Online,2023-07-04,False,1688428800
TXN_5602800,CUST_13,Butchers,Item_16_BUT,27.5,8.0,220.0,Credit Card,Online,2024-04-21,False,1713657600
TXN_2826177,CUST_14,Electric household essentials,Item_21_EHE,35.0,2.0,70.0,Cash,Online,2024-03-08,True,1709856000
TXN_5521089,CUST_13,Milk Products,Item_17_MILK,29.0,3.0,87.0,Digital Wallet,In-store,2024-06-21,True,1718928000
TXN_9237182,CUST_12,Milk Products,Item_17_MILK,29.0,8.0,232.0,Digital Wallet,Online,2023-09-16,False,1694822400
TXN_4011197,CUST_06,Food,Item_13_FOOD,23.0,5.0,115.0,Cash,In-store,2023-03-02,True,1677715200
TXN_2748100,CUST_06,Beverages,Item_20_BEV,33.5,3.0,100.5,Cash,In-store,2023-05-03,False,1683072000
TXN_9205907,CUST_23,Milk Products,Item_23_MILK,38.0,7.0,266.0,Credit Card,In-store,2022-11-11,True,1668124800
TXN_2161304,CUST_25,Beverages,Item_17_BEV,29.0,9.0,261.0,Credit Card,Online,2023-10-12,False,1697068800
TXN_9532162,CUST_16,Beverages,Item_16_BEV,27.5,1.0,27.5,Credit Card,In-store,2023-09-23,False,1695427200
TXN_4454635,CUST_02,Food,Item_18_FOOD,30.5,10.0,305.0,Cash,In-store,2024-10-23,False,1729641600
TXN_5017130,CUST_08,Food,Item_12_FOOD,21.5,5.0,107.5,Credit Card,In-store,2024-04-01,False,1711929600
TXN_2442220,CUST_11,Patisserie,Item_17_PAT,29.0,7.0,203.0,Digital Wallet,Online,2022-03-29,True,1648512000
TXN_9233022,CUST_24,Food,Item_10_FOOD,18.5,6.0,111.0,Cash,Online,2023-06-13,False,1686614400
TXN_3554015,CUST_24,Milk Products,Item_1_MILK,5.0,2.0,10.0,Credit Card,In-store,2024-02-14,False,1707868800
TXN_6934967,CUST_23,Computers and electric accessories,Item_24_CEA,39.5,8.0,316.0,Cash,In-store,2022-12-17,False,1671235200
TXN_9282140,CUST_20,Milk Products,Item_23_MILK,38.0,5.0,190.0,Digital Wallet,Online,2024-10-28,False,1730073600
TXN_4974891,CUST_07,Electric household essentials,Item_20_EHE,33.5,3.0,100.5,Credit Card,Online,2023-06-25,True,1687651200
TXN_3425466,CUST_20,Butchers,Item_23_BUT,38.0,9.0,342.0,Digital Wallet,Online,2023-07-01,True,1688169600
TXN_9118242,CUST_19,Food,Item_18_FOOD,30.5,10.0,305.0,Cash,In-store,2022-07-08,True,1657238400
TXN_8070639,CUST_03,Computers and electric accessories,Item_15_CEA,26.0,8.0,208.0,Digital Wallet,Online,2024-07-12,True,1720742400
TXN_3525754,CUST_06,Beverages,Item_7_BEV,14.0,1.0,14.0,Credit Card,In-store,2024-02-16,True,1708041600
TXN_4279673,CUST_07,Electric household essentials,Item_5_EHE,11.0,3.0,33.0,Credit Card,Online,2023-07-02,True,1688256000
TXN_5035012,CUST_03,Patisserie,Item_6_PAT,12.5,7.0,87.5,Credit Card,In-store,2024-11-27,False,1732665600
TXN_8858265,CUST_14,Electric household essentials,Item_23_EHE,38.0,1.0,38.0,Cash,Online,2024-04-18,False,1713398400
TXN_5732366,CUST_09,Furniture,Item_10_FUR,18.5,6.0,111.0,Cash,In-store,2022-02-15,True,1644883200
TXN_3066628,CUST_07,Beverages,Item_21_BEV,35.0,10.0,350.0,Cash,Online,2023-12-31,True,1703980800
TXN_5582373,CUST_13,Furniture,Item_14_FUR,24.5,4.0,98.0,Credit Card,Online,2023-01-08,False,1673136000
TXN_1238927,CUST_01,Patisserie,Item_7_PAT,14.0,1.0,14.0,Digital Wallet,In-store,2022-12-23,True,1671753600
TXN_5629281,CUST_20,Computers and electric accessories,Item_21_CEA,35.0,6.0,210.0,Cash,Online,2024-04-12,False,1712880000
TXN_5824634,CUST_12,Butchers,Item_19_BUT,32.0,4.0,128.0,Digital Wallet,In-store,2022-05-24,True,1653350400
TXN_3958528,CUST_08,Electric household essentials,Item_9_EHE,17.0,1.0,17.0,Cash,Online,2023-03-13,True,1678665600
TXN_2501720,CUST_15,Computers and electric accessories,Item_1_CEA,5.0,9.0,45.0,Digital Wallet,Online,2022-06-23,False,1655942400
TXN_9621073,CUST_02,Food,Item_14_FOOD,24.5,2.0,49.0,Cash,In-store,2023-09-07,True,1694044800
TXN_3138109,CUST_23,Butchers,Item_6_BUT,12.5,10.0,125.0,Credit Card,Online,2024-03-08,True,1709856000
TXN_5601134,CUST_04,Patisserie,Item_23_PAT,38.0,10.0,380.0,Cash,Online,2022-06-09,False,1654732800
TXN_8229465,CUST_18,Furniture,Item_6_FUR,12.5,10.0,125.0,Digital Wallet,In-store,2024-11-10,False,1731196800
TXN_5152688,CUST_16,Patisserie,Item_4_PAT,9.5,3.0,28.5,Credit Card,In-store,2024-01-09,False,1704758400
TXN_1869204,CUST_07,Butchers,Item_21_BUT,35.0,5.0,175.0,Digital Wallet,In-store,2023-10-25,True,1698192000
TXN_5000043,CUST_20,Patisserie,Item_7_PAT,14.0,2.0,28.0,Digital Wallet,Online,2022-04-20,True,1650412800
TXN_8667891,CUST_11,Electric household essentials,Item_8_EHE,15.5,5.0,77.5,Credit Card,In-store,2022-03-22,False,1647907200
TXN_3882852,CUST_07,Milk Products,Item_7_MILK,14.0,2.0,28.0,Digital Wallet,In-store,2023-02-24,True,1677196800
TXN_1540809,CUST_17,Butchers,Item_2_BUT,6.5,6.0,39.0,Credit Card,Online,2022-08-19,True,1660867200
TXN_4425516,CUST_23,Computers and electric accessories,Item_17_CEA,29.0,9.0,261.0,Digital Wallet,Online,2022-06-21,True,1655769600
TXN_6734375,CUST_23,Electric household essentials,Item_11_EHE,20.0,8.0,160.0,Credit Card,In-store,2023-08-18,False,1692316800
TXN_6780379,CUST_17,Beverages,Item_12_BEV,21.5,8.0,172.0,Credit Card,In-store,2022-02-26,True,1645833600
TXN_8623799,CUST_24,Electric household essentials,Item_5_EHE,11.0,1.0,11.0,Cash,Online,2024-04-24,False,1713916800
TXN_1316715,CUST_05,Beverages,Item_16_BEV,27.5,2.0,55.0,Digital Wallet,Online,2023-12-30,False,1703894400
TXN_8700100,CUST_12,Patisserie,Item_20_PAT,33.5,7.0,234.5,Credit Card,In-store,2024-01-20,True,1705708800
TXN_9967438,CUST_02,Milk Products,Item_16_MILK,27.5,2.0,55.0,Digital Wallet,Online,2024-02-22,False,1708560000
TXN_2929525,CUST_09,Computers and electric accessories,Item_16_CEA,27.5,9.0,247.5,Cash,In-store,2023-06-16,True,1686873600
TXN_1974758,CUST_04,Beverages,Item_12_BEV,21.5,2.0,43.0,Cash,In-store,2022-07-31,True,1659225600
TXN_2414726,CUST_13,Food,Item_4_FOOD,9.5,4.0,38.0,Cash,Online,2023-11-19,False,1700352000
TXN_1018578,CUST_10,Computers and electric accessories,Item_10_CEA,18.5,3.0,55.5,Cash,Online,2023-01-17,True,1673913600
TXN_2940238,CUST_16,Electric household essentials,Item_2_EHE,6.5,2.0,13.0,Credit Card,Online,2022-07-28,False,1658966400
TXN_8331386,CUST_24,Furniture,Item_17_FUR,29.0,7.0,203.0,Digital Wallet,Online,2022-09-09,True,1662681600
TXN_4533445,CUST_07,Beverages,Item_24_BEV,39.5,2.0,79.0,Cash,Online,2024-02-02,True,1706832000
TXN_1796772,CUST_09,Milk Products,Item_23_MILK,38.0,6.0,228.0,Digital Wallet,In-store,2023-07-13,True,1689206400
TXN_5356491,CUST_24,Milk Products,Item_3_MILK,8.0,4.0,32.0,Digital Wallet,Online,2023-09-07,True,1694044800
TXN_5027059,CUST_08,Beverages,Item_3_BEV,8.0,5.0,40.0,Cash,In-store,2024-10-12,True,1728691200
TXN_2684604,CUST_06,Computers and electric accessories,Item_7_CEA,14.0,3.0,42.0,Digital Wallet,In-store,2024-03-07,True,1709769600
TXN_6591705,CUST_08,Butchers,Item_22_BUT,36.5,6.0,219.0,Digital Wallet,Online,2023-04-01,False,1680307200
TXN_3684265,CUST_15,Food,Item_6_FOOD,12.5,10.0,125.0,Credit Card,Online,2023-12-15,True,1702598400
TXN_1852878,CUST_07,Patisserie,Item_24_PAT,39.5,10.0,395.0,Credit Card,In-store,2023-06-19,True,1687132800
TXN_6064040,CUST_08,Computers and electric accessories,Item_15_CEA,26.0,6.0,156.0,Cash,Online,2023-06-08,False,1686182400
TXN_6559162,CUST_14,Food,Item_17_FOOD,29.0,9.0,261.0,Cash,Online,2024-01-26,True,1706227200
TXN_9870030,CUST_23,Milk Products,Item_11_MILK,20.0,4.0,80.0,Digital Wallet,Online,2022-08-02,False,1659398400
TXN_7918707,CUST_01,Beverages,Item_10_BEV,18.5,5.0,92.5,Credit Card,In-store,2022-03-10,True,1646870400
TXN_8393818,CUST_13,Butchers,Item_24_BUT,39.5,1.0,39.5,Digital Wallet,Online,2023-12-31,False,1703980800
TXN_1212058,CUST_07,Electric household essentials,Item_12_EHE,21.5,1.0,21.5,Cash,Online,2023-03-18,True,1679097600
TXN_3476786,CUST_07,Beverages,Item_12_BEV,21.5,4.0,86.0,Digital Wallet,In-store,2023-05-21,False,1684627200
TXN_2271740,CUST_01,Furniture,Item_11_FUR,20.0,4.0,80.0,Digital Wallet,In-store,2023-01-06,False,1672963200
TXN_5936766,CUST_20,Patisserie,Item_22_PAT,36.5,5.0,182.5,Credit Card,Online,2024-12-22,True,1734825600
TXN_5913491,CUST_07,Food,Item_20_FOOD,33.5,6.0,201.0,Digital Wallet,Online,2024-08-17,True,1723852800
TXN_5210938,CUST_10,Beverages,Item_5_BEV,11.0,8.0,88.0,Credit Card,In-store,2022-11-30,False,1669766400
TXN_2279017,CUST_09,Furniture,Item_2_FUR,6.5,8.0,52.0,Digital Wallet,In-store,2024-02-18,False,1708214400
TXN_3085712,CUST_05,Furniture,Item_20_FUR,33.5,6.0,201.0,Digital Wallet,In-store,2023-04-21,True,1682035200
TXN_8890563,CUST_03,Food,Item_3_FOOD,8.0,10.0,80.0,Credit Card,Online,2022-05-26,False,1653523200
TXN_2253495,CUST_21,Butchers,Item_19_BUT,32.0,5.0,160.0,Digital Wallet,Online,2024-06-25,False,1719273600
TXN_2374919,CUST_24,Furniture,Item_8_FUR,15.5,10.0,155.0,Cash,In-store,2022-03-31,False,1648684800
TXN_9810114,CUST_09,Milk Products,Item_3_MILK,8.0,1.0,8.0,Cash,Online,2023-08-14,False,1691971200
TXN_7824771,CUST_24,Furniture,Item_18_FUR,30.5,3.0,91.5,Digital Wallet,Online,2023-12-25,True,1703462400
TXN_5389189,CUST_04,Beverages,Item_4_BEV,9.5,8.0,76.0,Cash,In-store,2024-12-23,True,1734912000
TXN_1993899,CUST_05,Furniture,Item_23_FUR,38.0,4.0,152.0,Cash,In-store,2024-10-09,True,1728432000
TXN_5702698,CUST_16,Butchers,Item_9_BUT,17.0,8.0,136.0,Cash,Online,2023-06-20,True,1687219200
TXN_7346385,CUST_10,Patisserie,Item_8_PAT,15.5,4.0,62.0,Digital Wallet,Online,2024-11-30,False,1732924800
TXN_1475185,CUST_04,Furniture,Item_24_FUR,39.5,9.0,355.5,Credit Card,Online,2023-05-28,False,1685232000
TXN_4098880,CUST_16,Food,Item_22_FOOD,36.5,4.0,146.0,Credit Card,In-store,2022-11-08,True,1667865600
TXN_6554226,CUST_04,Beverages,Item_25_BEV,41.0,2.0,82.0,Digital Wallet,In-store,2022-01-02,True,1641081600
TXN_6275399,CUST_03,Furniture,Item_24_FUR,39.5,2.0,79.0,Cash,Online,2024-05-31,True,1717113600
TXN_6034757,CUST_07,Food,Item_20_FOOD,33.5,7.0,234.5,Cash,In-store,2023-09-27,False,1695772800
TXN_5526147,CUST_16,Beverages,Item_20_BEV,33.5,10.0,335.0,Digital Wallet,In-store,2024-07-21,True,1721520000
TXN_6917797,CUST_17,Beverages,Item_17_BEV,29.0,7.0,203.0,Digital Wallet,Online,2023-06-14,True,1686700800
TXN_6873857,CUST_11,Electric household essentials,Item_8_EHE,15.5,10.0,155.0,Credit Card,In-store,2024-03-22,False,1711065600
TXN_1361319,CUST_11,Butchers,Item_24_BUT,39.5,9.0,355.5,Credit Card,In-store,2022-02-10,True,1644451200
TXN_3294760,CUST_23,Beverages,Item_9_BEV,17.0,7.0,119.0,Cash,Online,2022-02-16,False,1644969600
TXN_4509243,CUST_20,Furniture,Item_24_FUR,39.5,7.0,276.5,Cash,In-store,2022-02-17,True,1645056000
TXN_5613059,CUST_07,Food,Item_5_FOOD,11.0,4.0,44.0,Digital Wallet,In-store,2024-08-15,False,1723680000
TXN_2738816,CUST_03,Milk Products,Item_8_MILK,15.5,2.0,31.0,Cash,In-store,2025-01-13,False,1736726400
TXN_5671863,CUST_10,Computers and electric accessories,Item_18_CEA,30.5,1.0,30.5,Digital Wallet,Online,2022-03-20,False,1647734400
TXN_6071236,CUST_04,Beverages,Item_11_BEV,20.0,3.0,60.0,Digital Wallet,Online,2024-11-14,False,1731542400
TXN_9684520,CUST_13,Butchers,Item_11_BUT,20.0,7.0,140.0,Digital Wallet,Online,2022-09-01,True,1661990400
TXN_3782657,CUST_15,Electric household essentials,Item_17_EHE,29.0,5.0,145.0,Digital Wallet,Online,2025-01-03,False,1735862400
TXN_8910219,CUST_19,Furniture,Item_3_FUR,8.0,10.0,80.0,Digital Wallet,Online,2023-08-18,True,1692316800
TXN_3437398,CUST_18,Butchers,Item_22_BUT,36.5,7.0,255.5,Cash,In-store,2023-03-22,True,1679443200
TXN_6383474,CUST_13,Milk Products,Item_8_MILK,15.5,5.0,77.5,Credit Card,In-store,2024-11-16,False,1731715200
TXN_5321202,CUST_13,Beverages,Item_7_BEV,14.0,9.0,126.0,Cash,Online,2024-02-25,True,1708819200
TXN_7755695,CUST_22,Furniture,Item_1_FUR,5.0,7.0,35.0,Digital Wallet,In-store,2022-03-07,True,1646611200
TXN_4641713,CUST_22,Beverages,Item_22_BEV,36.5,1.0,36.5,Credit Card,In-store,2023-12-28,False,1703721600
TXN_8855788,CUST_11,Food,Item_4_FOOD,9.5,4.0,38.0,Digital Wallet,In-store,2024-12-28,True,1735344000
TXN_1334354,CUST_02,Milk Products,Item_19_MILK,32.0,10.0,320.0,Credit Card,Online,2024-09-10,True,1725926400
TXN_3147712,CUST_23,Patisserie,Item_14_PAT,24.5,9.0,220.5,Digital Wallet,Online,2022-05-28,False,1653696000
TXN_1432078,CUST_09,Computers and electric accessories,Item_10_CEA,18.5,8.0,148.0,Credit Card,Online,2022-12-07,True,1670371200
TXN_1365756,CUST_18,Beverages,Item_7_BEV,14.0,9.0,126.0,Credit Card,In-store,2024-08-01,True,1722470400
TXN_6663420,CUST_21,Food,Item_25_FOOD,41.0,7.0,287.0,Credit Card,In-store,2023-06-12,True,1686528000
TXN_6661813,CUST_16,Milk Products,Item_7_MILK,14.0,9.0,126.0,Cash,Online,2023-05-02,False,1682985600
TXN_6569843,CUST_04,Beverages,Item_18_BEV,30.5,6.0,183.0,Cash,Online,2022-06-28,False,1656374400
TXN_8760430,CUST_12,Food,Item_12_FOOD,21.5,8.0,172.0,Digital Wallet,In-store,2023-01-14,True,1673654400
TXN_7385950,CUST_07,Patisserie,Item_3_PAT,8.0,10.0,80.0,Digital Wallet,In-store,2022-07-24,True,1658620800
TXN_5405178,CUST_24,Butchers,Item_22_BUT,36.5,6.0,219.0,Credit Card,Online,2023-10-07,False,1696636800
TXN_3038270,CUST_18,Milk Products,Item_2_MILK,6.5,10.0,65.0,Digital Wallet,Online,2023-09-24,False,1695513600
TXN_7582930,CUST_01,Patisserie,Item_24_PAT,39.5,2.0,79.0,Credit Card,Online,2023-09-27,False,1695772800
TXN_6234282,CUST_20,Milk Products,Item_19_MILK,32.0,9.0,288.0,Digital Wallet,Online,2024-12-13,False,1734048000
TXN_1471121,CUST_03,Milk Products,Item_11_MILK,20.0,7.0,140.0,Digital Wallet,In-store,2022-09-06,False,1662422400
TXN_3398355,CUST_02,Food,Item_14_FOOD,24.5,2.0,49.0,Digital Wallet,In-store,2023-06-11,False,1686441600
TXN_3546074,CUST_10,Beverages,Item_3_BEV,8.0,7.0,56.0,Cash,Online,2024-11-20,False,1732060800
TXN_6564035,CUST_10,Electric household essentials,Item_15_EHE,26.0,9.0,234.0,Credit Card,Online,2024-09-07,False,1725667200
TXN_8575100,CUST_16,Furniture,Item_2_FUR,6.5,10.0,65.0,Cash,In-store,2024-04-21,False,1713657600
TXN_5002416,CUST_10,Electric household essentials,Item_12_EHE,21.5,4.0,86.0,Digital Wallet,Online,2022-02-18,False,1645142400
TXN_9594272,CUST_14,Beverages,Item_14_BEV,24.5,4.0,98.0,Digital Wallet,In-store,2025-01-02,True,1735776000
TXN_6012250,CUST_11,Milk Products,Item_6_MILK,12.5,2.0,25.0,Credit Card,In-store,2024-08-24,False,1724457600
TXN_5386801,CUST_02,Beverages,Item_12_BEV,21.5,7.0,150.5,Digital Wallet,Online,2022-06-21,False,1655769600
TXN_7936044,CUST_16,Computers and electric accessories,Item_13_CEA,23.0,5.0,115.0,Credit Card,Online,2023-01-05,False,1672876800
TXN_9062805,CUST_15,Food,Item_17_FOOD,29.0,5.0,145.0,Digital Wallet,In-store,2022-01-03,False,1641168000
TXN_2506516,CUST_15,Food,Item_12_FOOD,21.5,7.0,150.5,Cash,In-store,2024-02-07,True,1707264000
TXN_4541742,CUST_04,Beverages,Item_1_BEV,5.0,2.0,10.0,Credit Card,Online,2024-02-21,False,1708473600
TXN_7358459,CUST_01,Computers and electric accessories,Item_12_CEA,21.5,10.0,215.0,Digital Wallet,In-store,2023-08-26,True,1693008000
TXN_6533713,CUST_21,Food,Item_14_FOOD,24.5,2.0,49.0,Cash,Online,2024-10-04,False,1728000000
TXN_7816064,CUST_14,Butchers,Item_19_BUT,32.0,10.0,320.0,Digital Wallet,Online,2022-04-01,True,1648771200
TXN_6519351,CUST_10,Electric household essentials,Item_1_EHE,5.0,6.0,30.0,Cash,In-store,2023-03-29,False,1680048000
TXN_3617341,CUST_16,Furniture,Item_7_FUR,14.0,7.0,98.0,Cash,Online,2022-05-05,False,1651708800
TXN_3206633,CUST_16,Computers and electric accessories,Item_2_CEA,6.5,2.0,13.0,Digital Wallet,Online,2023-10-14,False,1697241600
TXN_5543548,CUST_13,Patisserie,Item_8_PAT,15.5,2.0,31.0,Credit Card,Online,2023-01-01,False,1672531200
TXN_8943264,CUST_22,Electric household essentials,Item_9_EHE,17.0,2.0,34.0,Digital Wallet,Online,2023-02-28,False,1677542400
TXN_3874098,CUST_18,Milk Products,Item_3_MILK,8.0,3.0,24.0,Digital Wallet,In-store,2023-01-08,True,1673136000
TXN_1744579,CUST_17,Beverages,Item_25_BEV,41.0,5.0,205.0,Credit Card,Online,2024-12-16,True,1734307200
TXN_7516721,CUST_12,Patisserie,Item_15_PAT,26.0,3.0,78.0,Digital Wallet,Online,2023-04-02,False,1680393600
TXN_8744758,CUST_19,Computers and electric accessories,Item_11_CEA,20.0,10.0,200.0,Digital Wallet,In-store,2023-11-24,False,1700784000
TXN_8954012,CUST_13,Patisserie,Item_24_PAT,39.5,6.0,237.0,Digital Wallet,In-store,2025-01-04,True,1735948800
TXN_5246508,CUST_02,Electric household essentials,Item_25_EHE,41.0,2.0,82.0,Credit Card,In-store,2024-06-09,True,1717891200
TXN_5763958,CUST_03,Beverages,Item_17_BEV,29.0,5.0,145.0,Digital Wallet,Online,2024-01-09,False,1704758400
TXN_4078421,CUST_04,Computers and electric accessories,Item_21_CEA,35.0,8.0,280.0,Credit Card,Online,2022-06-24,False,1656028800
TXN_9776299,CUST_04,Beverages,Item_18_BEV,30.5,5.0,152.5,Credit Card,In-store,2023-02-26,False,1677369600
TXN_3812778,CUST_18,Milk Products,Item_18_MILK,30.5,10.0,305.0,Cash,In-store,2022-03-06,False,1646524800
TXN_7480606,CUST_23,Computers and electric accessories,Item_23_CEA,38.0,2.0,76.0,Digital Wallet,In-store,2022-05-09,False,1652054400
TXN_3511587,CUST_15,Food,Item_13_FOOD,23.0,6.0,138.0,Digital Wallet,In-store,2023-09-27,True,1695772800
TXN_4372415,CUST_17,Beverages,Item_2_BEV,6.5,6.0,39.0,Cash,In-store,2023-03-20,False,1679270400
TXN_8912253,CUST_22,Computers and electric accessories,Item_21_CEA,35.0,10.0,350.0,Credit Card,Online,2022-12-11,False,1670716800
TXN_2167451,CUST_23,Milk Products,Item_18_MILK,30.5,2.0,61.0,Credit Card,In-store,2023-11-10,False,1699574400
TXN_9937951,CUST_25,Milk Products,Item_22_MILK,36.5,2.0,73.0,Cash,Online,2022-09-20,True,1663632000
TXN_2859355,CUST_05,Electric household essentials,Item_2_EHE,6.5,9.0,58.5,Credit Card,Online,2022-07-11,True,1657497600
TXN_6712220,CUST_17,Food,Item_13_FOOD,23.0,2.0,46.0,Digital Wallet,Online,2022-07-13,True,1657670400
TXN_2109158,CUST_19,Milk Products,Item_8_MILK,15.5,3.0,46.5,Digital Wallet,Online,2022-08-08,True,1659916800
TXN_4494003,CUST_02,Electric household essentials,Item_23_EHE,38.0,2.0,76.0,Cash,In-store,2024-09-06,False,1725580800
TXN_6018241,CUST_20,Milk Products,Item_6_MILK,12.5,3.0,37.5,Credit Card,Online,2024-10-16,False,1729036800
TXN_8115206,CUST_11,Milk Products,Item_7_MILK,14.0,3.0,42.0,Cash,Online,2024-06-28,True,1719532800
TXN_8804518,CUST_02,Milk Products,Item_13_MILK,23.0,4.0,92.0,Credit Card,Online,2023-12-25,True,1703462400
TXN_4882373,CUST_22,Milk Products,Item_22_MILK,36.5,2.0,73.0,Credit Card,In-store,2022-01-21,True,1642723200
TXN_3579349,CUST_11,Furniture,Item_15_FUR,26.0,7.0,182.0,Credit Card,In-store,2022-12-11,False,1670716800
TXN_2890875,CUST_15,Computers and electric accessories,Item_5_CEA,11.0,5.0,55.0,Digital Wallet,In-store,2022-08-19,False,1660867200
TXN_5965598,CUST_24,Milk Products,Item_11_MILK,20.0,1.0,20.0,Digital Wallet,Online,2022-10-18,False,1666051200
TXN_8849165,CUST_25,Computers and electric accessories,Item_5_CEA,11.0,7.0,77.0,Digital Wallet,Online,2023-07-19,False,1689724800
TXN_6397794,CUST_03,Food,Item_11_FOOD,20.0,6.0,120.0,Digital Wallet,Online,2024-05-21,False,1716249600
TXN_5433450,CUST_06,Furniture,Item_1_FUR,5.0,7.0,35.0,Credit Card,Online,2022-02-18,False,1645142400
TXN_8762559,CUST_19,Patisserie,Item_23_PAT,38.0,10.0,380.0,Digital Wallet,Online,2023-07-23,False,1690070400
TXN_4527650,CUST_23,Computers and electric accessories,Item_21_CEA,35.0,1.0,35.0,Credit Card,In-store,2022-04-14,False,1649894400
TXN_5474573,CUST_03,Food,Item_10_FOOD,18.5,3.0,55.5,Digital Wallet,Online,2023-09-12,True,1694476800
TXN_3228673,CUST_16,Electric household essentials,Item_20_EHE,33.5,8.0,268.0,Credit Card,In-store,2025-01-04,False,1735948800
TXN_8864012,CUST_11,Furniture,Item_5_FUR,11.0,6.0,66.0,Digital Wallet,Online,2024-12-24,True,1734998400
TXN_3689994,CUST_23,Milk Products,Item_4_MILK,9.5,1.0,9.5,Digital Wallet,In-store,2022-07-23,False,1658534400
TXN_9708536,CUST_24,Computers and electric accessories,Item_10_CEA,18.5,1.0,18.5,Cash,Online,2023-08-28,False,1693180800
TXN_7640925,CUST_09,Furniture,Item_21_FUR,35.0,1.0,35.0,Cash,Online,2022-02-15,False,1644883200
TXN_3409900,CUST_23,Electric household essentials,Item_23_EHE,38.0,1.0,38.0,Digital Wallet,In-store,2023-10-08,True,1696723200
TXN_9633310,CUST_21,Beverages,Item_12_BEV,21.5,2.0,43.0,Cash,In-store,2024-06-14,True,1718323200
TXN_2509128,CUST_05,Milk Products,Item_23_MILK,38.0,10.0,380.0,Credit Card,In-store,2023-01-18,True,1674000000
TXN_4665475,CUST_25,Electric household essentials,Item_8_EHE,15.5,3.0,46.5,Credit Card,Online,2024-11-06,True,1730851200
TXN_1495462,CUST_25,Milk Products,Item_7_MILK,14.0,7.0,98.0,Credit Card,In-store,2022-12-17,True,1671235200
TXN_5111334,CUST_12,Milk Products,Item_19_MILK,32.0,6.0,192.0,Cash,In-store,2023-09-14,True,1694649600
TXN_2508788,CUST_09,Food,Item_24_FOOD,39.5,9.0,355.5,Cash,In-store,2022-07-30,False,1659139200
TXN_5420133,CUST_24,Butchers,Item_22_BUT,36.5,5.0,182.5,Digital Wallet,Online,2024-01-14,True,1705190400
TXN_1688684,CUST_20,Food,Item_11_FOOD,20.0,10.0,200.0,Credit Card,In-store,2022-08-30,True,1661817600
TXN_7940860,CUST_18,Computers and electric accessories,Item_19_CEA,32.0,4.0,128.0,Digital Wallet,In-store,2022-11-24,True,1669248000
TXN_2237944,CUST_21,Butchers,Item_15_BUT,26.0,6.0,156.0,Credit Card,In-store,2022-11-07,True,1667779200
TXN_6509903,CUST_21,Furniture,Item_5_FUR,11.0,2.0,22.0,Credit Card,Online,2022-08-26,True,1661472000
TXN_8536862,CUST_11,Furniture,Item_23_FUR,38.0,5.0,190.0,Cash,In-store,2024-03-02,True,1709337600
TXN_3163611,CUST_25,Computers and electric accessories,Item_22_CEA,36.5,8.0,292.0,Digital Wallet,In-store,2023-12-30,False,1703894400
TXN_9329582,CUST_11,Furniture,Item_2_FUR,6.5,6.0,39.0,Credit Card,Online,2024-06-20,False,1718841600
TXN_5509504,CUST_02,Furniture,Item_10_FUR,18.5,4.0,74.0,Digital Wallet,Online,2023-06-20,True,1687219200
TXN_3346189,CUST_09,Milk Products,Item_11_MILK,20.0,8.0,160.0,Cash,Online,2024-12-01,True,1733011200
TXN_3871665,CUST_11,Patisserie,Item_13_PAT,23.0,8.0,184.0,Credit Card,Online,2023-02-09,True,1675900800
TXN_6580825,CUST_05,Beverages,Item_24_BEV,39.5,9.0,355.5,Cash,In-store,2024-05-03,True,1714694400
TXN_7535754,CUST_23,Computers and electric accessories,Item_20_CEA,33.5,4.0,134.0,Digital Wallet,In-store,2023-06-20,True,1687219200
TXN_9188139,CUST_05,Food,Item_14_FOOD,24.5,3.0,73.5,Credit Card,In-store,2024-07-28,True,1722124800
TXN_9457212,CUST_17,Electric household essentials,Item_13_EHE,23.0,7.0,161.0,Digital Wallet,Online,2022-03-13,True,1647129600
TXN_4217069,CUST_04,Electric household essentials,Item_23_EHE,38.0,4.0,152.0,Credit Card,In-store,2022-07-29,False,1659052800
TXN_3987547,CUST_07,Milk Products,Item_11_MILK,20.0,10.0,200.0,Cash,In-store,2022-10-03,False,1664755200
TXN_2234221,CUST_04,Beverages,Item_2_BEV,6.5,9.0,58.5,Credit Card,In-store,2022-07-23,True,1658534400
TXN_7086211,CUST_11,Electric household essentials,Item_20_EHE,33.5,3.0,100.5,Digital Wallet,In-store,2024-11-16,True,1731715200
TXN_2482739,CUST_04,Beverages,Item_8_BEV,15.5,6.0,93.0,Cash,In-store,2022-03-01,True,1646092800
TXN_3396169,CUST_25,Patisserie,Item_12_PAT,21.5,9.0,193.5,Cash,In-store,2024-01-22,False,1705881600
TXN_1119796,CUST_07,Food,Item_22_FOOD,36.5,2.0,73.0,Cash,Online,2022-12-05,False,1670198400
TXN_5230472,CUST_09,Computers and electric accessories,Item_20_CEA,33.5,4.0,134.0,Credit Card,Online,2023-09-20,True,1695168000
TXN_6614330,CUST_08,Beverages,Item_8_BEV,15.5,7.0,108.5,Digital Wallet,In-store,2023-02-01,False,1675209600
TXN_5989344,CUST_16,Patisserie,Item_14_PAT,24.5,9.0,220.5,Digital Wallet,In-store,2024-06-13,True,1718236800
TXN_9353467,CUST_13,Furniture,Item_12_FUR,21.5,7.0,150.5,Credit Card,Online,2024-10-07,True,1728259200
TXN_8392495,CUST_06,Milk Products,Item_14_MILK,24.5,6.0,147.0,Cash,In-store,2024-12-15,True,1734220800
TXN_2221521,CUST_08,Furniture,Item_25_FUR,41.0,3.0,123.0,Cash,Online,2024-07-14,False,1720915200
TXN_5955516,CUST_11,Patisserie,Item_1_PAT,5.0,8.0,40.0,Credit Card,In-store,2022-06-25,True,1656115200
TXN_8688591,CUST_18,Food,Item_9_FOOD,17.0,9.0,153.0,Cash,Online,2024-12-19,False,1734566400
TXN_8609493,CUST_17,Food,Item_22_FOOD,36.5,9.0,328.5,Credit Card,Online,2024-04-09,False,1712620800
TXN_2783188,CUST_11,Butchers,Item_12_BUT,21.5,2.0,43.0,Credit Card,Online,2022-01-18,False,1642464000
TXN_5478774,CUST_17,Patisserie,Item_14_PAT,24.5,9.0,220.5,Credit Card,Online,2022-06-27,True,1656288000
TXN_9632140,CUST_11,Electric household essentials,Item_9_EHE,17.0,7.0,119.0,Cash,In-store,2022-02-17,False,1645056000
TXN_6018998,CUST_18,Furniture,Item_15_FUR,26.0,9.0,234.0,Cash,Online,2024-09-08,True,1725753600
TXN_6355229,CUST_01,Food,Item_7_FOOD,14.0,9.0,126.0,Cash,In-store,2023-09-23,True,1695427200
TXN_6852631,CUST_24,Beverages,Item_15_BEV,26.0,3.0,78.0,Credit Card,In-store,2024-06-02,False,1717286400
TXN_9699186,CUST_21,Food,Item_6_FOOD,12.5,10.0,125.0,Credit Card,In-store,2023-04-02,True,1680393600
TXN_6383890,CUST_10,Butchers,Item_21_BUT,35.0,3.0,105.0,Credit Card,Online,2023-07-26,True,1690329600
TXN_4379015,CUST_23,Computers and electric accessories,Item_8_CEA,15.5,6.0,93.0,Credit Card,Online,2022-10-11,False,1665446400
TXN_8868040,CUST_21,Butchers,Item_18_BUT,30.5,6.0,183.0,Cash,In-store,2023-01-23,False,1674432000
TXN_9080064,CUST_05,Butchers,Item_18_BUT,30.5,6.0,183.0,Credit Card,Online,2023-07-20,True,1689811200
TXN_1891225,CUST_08,Furniture,Item_21_FUR,35.0,10.0,350.0,Digital Wallet,In-store,2023-08-14,True,1691971200
TXN_9088118,CUST_15,Beverages,Item_16_BEV,27.5,1.0,27.5,Cash,In-store,2024-06-05,True,1717545600
TXN_7586947,CUST_24,Food,Item_17_FOOD,29.0,9.0,261.0,Credit Card,Online,2024-01-28,False,1706400000
TXN_7428358,CUST_20,Computers and electric accessories,Item_22_CEA,36.5,2.0,73.0,Cash,Online,2022-11-21,False,1668988800
TXN_3246191,CUST_22,Milk Products,Item_1_MILK,5.0,6.0,30.0,Credit Card,Online,2022-02-19,False,1645228800
TXN_6832172,CUST_19,Computers and electric accessories,Item_2_CEA,6.5,6.0,39.0,Digital Wallet,In-store,2024-01-16,False,1705363200
TXN_5912657,CUST_10,Patisserie,Item_11_PAT,20.0,10.0,200.0,Cash,Online,2024-08-31,True,1725062400
TXN_8937865,CUST_19,Furniture,Item_16_FUR,27.5,2.0,55.0,Credit Card,In-store,2024-07-09,False,1720483200
TXN_1581970,CUST_08,Food,Item_25_FOOD,41.0,6.0,246.0,Credit Card,Online,2024-04-09,False,1712620800
TXN_7187748,CUST_18,Butchers,Item_5_BUT,11.0,8.0,88.0,Cash,Online,2024-04-07,True,1712448000
TXN_3672693,CUST_07,Food,Item_11_FOOD,20.0,3.0,60.0,Cash,In-store,2024-07-11,True,1720656000
TXN_4488468,CUST_05,Milk Products,Item_6_MILK,12.5,1.0,12.5,Cash,In-store,2023-05-15,True,1684108800
TXN_4500615,CUST_22,Food,Item_12_FOOD,21.5,6.0,129.0,Cash,Online,2023-03-03,False,1677801600
TXN_6020454,CUST_12,Milk Products,Item_3_MILK,8.0,3.0,24.0,Digital Wallet,Online,2023-09-16,False,1694822400
TXN_4419343,CUST_03,Food,Item_6_FOOD,12.5,10.0,125.0,Cash,Online,2024-08-15,False,1723680000
TXN_6063963,CUST_06,Computers and electric accessories,Item_23_CEA,38.0,9.0,342.0,Credit Card,In-store,2022-05-13,False,1652400000
TXN_7904450,CUST_02,Milk Products,Item_7_MILK,14.0,1.0,14.0,Credit Card,Online,2022-06-17,False,1655424000
TXN_6574877,CUST_12,Patisserie,Item_20_PAT,33.5,8.0,268.0,Digital Wallet,In-store,2023-10-10,True,1696896000
TXN_9093222,CUST_02,Butchers,Item_11_BUT,20.0,1.0,20.0,Credit Card,Online,2022-03-11,True,1646956800
TXN_9665364,CUST_13,Butchers,Item_11_BUT,20.0,4.0,80.0,Digital Wallet,Online,2025-01-04,True,1735948800
TXN_8027887,CUST_21,Milk Products,Item_4_MILK,9.5,7.0,66.5,Cash,Online,2022-01-08,True,1641600000
TXN_7497608,CUST_16,Butchers,Item_12_BUT,21.5,6.0,129.0,Digital Wallet,In-store,2022-09-26,False,1664150400
TXN_5951378,CUST_13,Furniture,Item_16_FUR,27.5,7.0,192.5,Credit Card,In-store,2024-08-23,False,1724371200
TXN_6700115,CUST_19,Patisserie,Item_21_PAT,35.0,5.0,175.0,Digital Wallet,Online,2022-02-07,True,1644192000
TXN_8209444,CUST_10,Computers and electric accessories,Item_10_CEA,18.5,2.0,37.0,Cash,In-store,2024-10-31,True,1730332800
TXN_4851926,CUST_05,Furniture,Item_6_FUR,12.5,5.0,62.5,Cash,In-store,2022-12-04,False,1670112000
TXN_6772439,CUST_23,Butchers,Item_25_BUT,41.0,4.0,164.0,Cash,Online,2023-10-15,False,1697328000
TXN_1907425,CUST_05,Beverages,Item_24_BEV,39.5,4.0,158.0,Cash,In-store,2024-07-28,False,1722124800
TXN_8043465,CUST_21,Electric household essentials,Item_17_EHE,29.0,8.0,232.0,Digital Wallet,In-store,2022-04-13,False,1649808000
TXN_3129688,CUST_10,Patisserie,Item_11_PAT,20.0,3.0,60.0,Credit Card,In-store,2023-12-14,False,1702512000
TXN_4916943,CUST_01,Food,Item_25_FOOD,41.0,8.0,328.0,Credit Card,Online,2022-11-05,True,1667606400
TXN_4597899,CUST_07,Beverages,Item_19_BEV,32.0,1.0,32.0,Cash,Online,2024-05-26,True,1716681600
TXN_8297254,CUST_06,Beverages,Item_2_BEV,6.5,10.0,65.0,Cash,In-store,2022-01-08,False,1641600000
TXN_6492305,CUST_23,Electric household essentials,Item_22_EHE,36.5,10.0,365.0,Cash,Online,2024-06-13,True,1718236800
TXN_9381194,CUST_01,Furniture,Item_19_FUR,32.0,6.0,192.0,Cash,Online,2023-02-10,False,1675987200
TXN_8964461,CUST_15,Butchers,Item_22_BUT,36.5,5.0,182.5,Cash,Online,2022-06-21,True,1655769600
TXN_3290537,CUST_08,Computers and electric accessories,Item_5_CEA,11.0,8.0,88.0,Digital Wallet,Online,2024-08-29,True,1724889600
TXN_4600404,CUST_25,Patisserie,Item_8_PAT,15.5,1.0,15.5,Cash,Online,2024-07-05,False,1720137600
TXN_2502580,CUST_17,Computers and electric accessories,Item_20_CEA,33.5,6.0,201.0,Cash,Online,2023-02-21,True,1676937600
TXN_7102763,CUST_12,Butchers,Item_12_BUT,21.5,9.0,193.5,Credit Card,Online,2024-02-23,True,1708646400
TXN_1611841,CUST_04,Food,Item_1_FOOD,5.0,7.0,35.0,Cash,In-store,2022-07-28,True,1658966400
TXN_6816540,CUST_23,Food,Item_14_FOOD,24.5,9.0,220.5,Digital Wallet,Online,2024-06-22,True,1719014400
TXN_3235383,CUST_15,Butchers,Item_8_BUT,15.5,10.0,155.0,Credit Card,In-store,2023-07-22,False,1689984000
TXN_2283732,CUST_19,Patisserie,Item_1_PAT,5.0,2.0,10.0,Credit Card,Online,2022-11-21,False,1668988800
TXN_3841567,CUST_24,Electric household essentials,Item_8_EHE,15.5,8.0,124.0,Cash,In-store,2022-10-28,False,1666915200
TXN_2078985,CUST_01,Patisserie,Item_9_PAT,17.0,8.0,136.0,Cash,Online,2023-11-07,True,1699315200
TXN_1532731,CUST_21,Patisserie,Item_17_PAT,29.0,6.0,174.0,Cash,In-store,2023-12-12,False,1702339200
TXN_6400673,CUST_15,Computers and electric accessories,Item_9_CEA,17.0,8.0,136.0,Cash,Online,2022-01-21,True,1642723200
TXN_4772232,CUST_02,Beverages,Item_16_BEV,27.5,8.0,220.0,Digital Wallet,Online,2023-09-10,True,1694304000
TXN_8402616,CUST_11,Patisserie,Item_17_PAT,29.0,9.0,261.0,Credit Card,Online,2024-08-15,True,1723680000
TXN_4677874,CUST_16,Milk Products,Item_8_MILK,15.5,4.0,62.0,Digital Wallet,In-store,2022-11-25,True,1669334400
TXN_4412872,CUST_19,Patisserie,Item_14_PAT,24.5,9.0,220.5,Cash,Online,2024-07-08,True,1720396800
TXN_1675317,CUST_16,Patisserie,Item_12_PAT,21.5,5.0,107.5,Credit Card,Online,2023-06-14,True,1686700800
TXN_7340887,CUST_22,Computers and electric accessories,Item_12_CEA,21.5,2.0,43.0,Cash,Online,2024-06-01,True,1717200000
TXN_4268375,CUST_09,Furniture,Item_5_FUR,11.0,7.0,77.0,Cash,Online,2022-04-28,True,1651104000
TXN_8358524,CUST_19,Electric household essentials,Item_24_EHE,39.5,6.0,237.0,Cash,Online,2024-07-09,False,1720483200
TXN_9275757,CUST_19,Electric household essentials,Item_13_EHE,23.0,1.0,23.0,Credit Card,In-store,2024-06-16,True,1718496000
TXN_1076981,CUST_06,Milk Products,Item_11_MILK,20.0,3.0,60.0,Digital Wallet,In-store,2023-11-11,True,1699660800
TXN_9043280,CUST_12,Computers and electric accessories,Item_11_CEA,20.0,7.0,140.0,Cash,In-store,2023-06-22,True,1687392000
TXN_2733978,CUST_24,Furniture,Item_5_FUR,11.0,9.0,99.0,Digital Wallet,Online,2024-12-04,False,1733270400
TXN_9509161,CUST_19,Computers and electric accessories,Item_6_CEA,12.5,9.0,112.5,Digital Wallet,In-store,2023-12-13,False,1702425600
TXN_8789567,CUST_21,Electric household essentials,Item_6_EHE,12.5,8.0,100.0,Cash,In-store,2023-05-20,False,1684540800
TXN_1588521,CUST_23,Patisserie,Item_12_PAT,21.5,3.0,64.5,Cash,Online,2023-07-09,False,1688860800
TXN_5400932,CUST_15,Food,Item_14_FOOD,24.5,10.0,245.0,Credit Card,Online,2023-03-01,False,1677628800
TXN_3978068,CUST_10,Food,Item_21_FOOD,35.0,1.0,35.0,Cash,In-store,2023-07-28,True,1690502400
TXN_1897179,CUST_19,Beverages,Item_2_BEV,6.5,5.0,32.5,Credit Card,Online,2022-03-27,True,1648339200
TXN_4538100,CUST_01,Butchers,Item_6_BUT,12.5,2.0,25.0,Cash,In-store,2022-10-04,True,1664841600
TXN_6566133,CUST_04,Butchers,Item_7_BUT,14.0,9.0,126.0,Credit Card,In-store,2022-07-27,True,1658880000
TXN_5229606,CUST_10,Butchers,Item_6_BUT,12.5,1.0,12.5,Cash,In-store,2022-05-29,True,1653782400
TXN_5451213,CUST_12,Beverages,Item_21_BEV,35.0,9.0,315.0,Digital Wallet,In-store,2024-01-12,True,1705017600
TXN_3923323,CUST_09,Milk Products,Item_18_MILK,30.5,2.0,61.0,Cash,Online,2024-08-08,True,1723075200
TXN_4563119,CUST_06,Computers and electric accessories,Item_6_CEA,12.5,8.0,100.0,Cash,Online,2023-01-03,True,1672704000
TXN_1500424,CUST_06,Butchers,Item_24_BUT,39.5,9.0,355.5,Digital Wallet,Online,2022-02-19,False,1645228800
TXN_2893807,CUST_24,Electric household essentials,Item_22_EHE,36.5,4.0,146.0,Digital Wallet,Online,2023-01-03,True,1672704000
TXN_5152166,CUST_06,Milk Products,Item_11_MILK,20.0,10.0,200.0,Cash,In-store,2023-02-10,True,1675987200
TXN_6452444,CUST_09,Food,Item_5_FOOD,11.0,6.0,66.0,Credit Card,Online,2024-04-20,True,1713571200
TXN_4960977,CUST_08,Patisserie,Item_16_PAT,27.5,7.0,192.5,Digital Wallet,Online,2024-11-01,True,1730419200
TXN_3903796,CUST_03,Furniture,Item_21_FUR,35.0,8.0,280.0,Credit Card,Online,2023-10-26,False,1698278400
TXN_5360194,CUST_20,Beverages,Item_8_BEV,15.5,6.0,93.0,Credit Card,In-store,2024-09-04,True,1725408000
TXN_3126774,CUST_05,Electric household essentials,Item_12_EHE,21.5,5.0,107.5,Digital Wallet,In-store,2022-09-24,False,1663977600
TXN_5387968,CUST_18,Electric household essentials,Item_1_EHE,5.0,2.0,10.0,Digital Wallet,Online,2023-11-28,True,1701129600
TXN_6498807,CUST_13,Electric household essentials,Item_11_EHE,20.0,3.0,60.0,Digital Wallet,Online,2024-08-20,True,1724112000
TXN_9490479,CUST_07,Butchers,Item_16_BUT,27.5,8.0,220.0,Digital Wallet,In-store,2024-06-13,True,1718236800
TXN_8551782,CUST_14,Patisserie,Item_23_PAT,38.0,4.0,152.0,Digital Wallet,In-store,2023-11-06,False,1699228800
TXN_4742699,CUST_08,Furniture,Item_6_FUR,12.5,9.0,112.5,Credit Card,In-store,2023-10-06,True,1696550400
TXN_1321886,CUST_21,Electric household essentials,Item_15_EHE,26.0,3.0,78.0,Credit Card,Online,2024-09-07,False,1725667200
TXN_1614186,CUST_05,Computers and electric accessories,Item_15_CEA,26.0,5.0,130.0,Digital Wallet,In-store,2024-09-19,True,1726704000
TXN_4422429,CUST_15,Electric household essentials,Item_24_EHE,39.5,10.0,395.0,Cash,Online,2024-06-10,False,1717977600
TXN_5192394,CUST_18,Patisserie,Item_22_PAT,36.5,3.0,109.5,Cash,In-store,2024-10-29,True,1730160000
TXN_3760555,CUST_16,Furniture,Item_11_FUR,20.0,2.0,40.0,Cash,In-store,2022-07-12,True,1657584000
TXN_9221528,CUST_22,Beverages,Item_7_BEV,14.0,6.0,84.0,Credit Card,Online,2024-06-11,False,1718064000
TXN_8473780,CUST_14,Beverages,Item_2_BEV,6.5,8.0,52.0,Digital Wallet,Online,2022-06-04,True,1654300800
TXN_2172684,CUST_14,Milk Products,Item_3_MILK,8.0,3.0,24.0,Credit Card,In-store,2023-07-28,True,1690502400
TXN_1162568,CUST_15,Electric household essentials,Item_12_EHE,21.5,10.0,215.0,Cash,Online,2022-05-14,True,1652486400
TXN_2312836,CUST_09,Butchers,Item_23_BUT,38.0,5.0,190.0,Digital Wallet,Online,2023-12-14,False,1702512000
TXN_8500549,CUST_17,Butchers,Item_13_BUT,23.0,9.0,207.0,Cash,Online,2023-12-09,False,1702080000
TXN_2620660,CUST_08,Butchers,Item_16_BUT,27.5,10.0,275.0,Credit Card,In-store,2023-02-13,False,1676246400
TXN_6551677,CUST_23,Computers and electric accessories,Item_15_CEA,26.0,9.0,234.0,Digital Wallet,Online,2024-11-10,True,1731196800
TXN_5365083,CUST_07,Milk Products,Item_20_MILK,33.5,10.0,335.0,Credit Card,Online,2024-02-07,True,1707264000
TXN_6288656,CUST_20,Furniture,Item_4_FUR,9.5,10.0,95.0,Credit Card,Online,2023-01-10,False,1673308800
TXN_1205286,CUST_11,Patisserie,Item_17_PAT,29.0,4.0,116.0,Cash,In-store,2022-11-02,False,1667347200
TXN_4480140,CUST_16,Milk Products,Item_7_MILK,14.0,7.0,98.0,Credit Card,In-store,2024-03-23,False,1711152000
TXN_6062230,CUST_18,Patisserie,Item_4_PAT,9.5,4.0,38.0,Credit Card,In-store,2023-02-19,True,1676764800
TXN_6447649,CUST_09,Food,Item_14_FOOD,24.5,4.0,98.0,Cash,Online,2024-08-12,False,1723420800
TXN_8572474,CUST_17,Food,Item_17_FOOD,29.0,4.0,116.0,Cash,Online,2024-11-19,True,1731974400
TXN_3785882,CUST_17,Electric household essentials,Item_17_EHE,29.0,6.0,174.0,Credit Card,Online,2022-01-15,True,1642204800
TXN_4923775,CUST_04,Computers and electric accessories,Item_13_CEA,23.0,1.0,23.0,Digital Wallet,In-store,2024-08-27,False,1724716800
TXN_3528512,CUST_02,Food,Item_11_FOOD,20.0,3.0,60.0,Digital Wallet,In-store,2023-02-09,False,1675900800
TXN_5653315,CUST_18,Computers and electric accessories,Item_24_CEA,39.5,8.0,316.0,Cash,In-store,2023-06-26,False,1687737600
TXN_3226342,CUST_12,Milk Products,Item_2_MILK,6.5,8.0,52.0,Digital Wallet,Online,2024-05-19,True,1716076800
TXN_3599175,CUST_06,Patisserie,Item_6_PAT,12.5,5.0,62.5,Cash,In-store,2024-03-09,False,1709942400
TXN_1164425,CUST_05,Beverages,Item_2_BEV,6.5,3.0,19.5,Credit Card,In-store,2023-09-25,True,1695600000
TXN_1453676,CUST_16,Computers and electric accessories,Item_6_CEA,12.5,8.0,100.0,Digital Wallet,In-store,2024-12-27,True,1735257600
TXN_9912310,CUST_01,Patisserie,Item_15_PAT,26.0,10.0,260.0,Cash,In-store,2024-09-05,False,1725494400
TXN_7384325,CUST_20,Butchers,Item_24_BUT,39.5,6.0,237.0,Cash,Online,2023-05-21,False,1684627200
TXN_7763038,CUST_23,Computers and electric accessories,Item_7_CEA,14.0,4.0,56.0,Digital Wallet,Online,2024-03-26,False,1711411200
TXN_3125910,CUST_09,Computers and electric accessories,Item_23_CEA,38.0,9.0,342.0,Digital Wallet,In-store,2022-02-08,False,1644278400
TXN_9924831,CUST_07,Patisserie,Item_9_PAT,17.0,2.0,34.0,Cash,In-store,2023-06-03,True,1685750400
TXN_5395023,CUST_23,Electric household essentials,Item_1_EHE,5.0,9.0,45.0,Cash,In-store,2024-09-03,False,1725321600
TXN_9115901,CUST_10,Computers and electric accessories,Item_18_CEA,30.5,6.0,183.0,Cash,Online,2023-08-10,True,1691625600
TXN_8750712,CUST_22,Computers and electric accessories,Item_21_CEA,35.0,9.0,315.0,Credit Card,In-store,2025-01-10,True,1736467200
TXN_3722570,CUST_11,Milk Products,Item_13_MILK,23.0,6.0,138.0,Credit Card,Online,2024-03-23,True,1711152000
TXN_5866259,CUST_09,Food,Item_17_FOOD,29.0,7.0,203.0,Cash,Online,2023-04-19,True,1681862400
TXN_9049596,CUST_11,Furniture,Item_2_FUR,6.5,4.0,26.0,Credit Card,Online,2023-07-26,False,1690329600
TXN_5202455,CUST_09,Patisserie,Item_15_PAT,26.0,1.0,26.0,Cash,Online,2022-05-22,False,1653177600
TXN_8471690,CUST_11,Electric household essentials,Item_16_EHE,27.5,3.0,82.5,Credit Card,Online,2022-04-05,True,1649116800
TXN_5701415,CUST_12,Furniture,Item_8_FUR,15.5,10.0,155.0,Credit Card,Online,2022-06-30,True,1656547200
TXN_2394851,CUST_15,Patisserie,Item_15_PAT,26.0,2.0,52.0,Digital Wallet,Online,2023-10-25,True,1698192000
TXN_5187952,CUST_22,Beverages,Item_12_BEV,21.5,8.0,172.0,Credit Card,In-store,2024-10-12,False,1728691200
TXN_7908840,CUST_15,Patisserie,Item_24_PAT,39.5,7.0,276.5,Digital Wallet,Online,2023-04-28,True,1682640000
TXN_8875381,CUST_07,Electric household essentials,Item_13_EHE,23.0,1.0,23.0,Credit Card,In-store,2024-12-14,False,1734134400
TXN_7277176,CUST_18,Butchers,Item_22_BUT,36.5,9.0,328.5,Credit Card,In-store,2023-05-10,True,1683676800
TXN_9925103,CUST_15,Computers and electric accessories,Item_15_CEA,26.0,10.0,260.0,Digital Wallet,In-store,2024-02-02,True,1706832000
TXN_2494638,CUST_24,Butchers,Item_13_BUT,23.0,7.0,161.0,Cash,In-store,2022-08-11,False,1660176000
TXN_2602423,CUST_09,Beverages,Item_17_BEV,29.0,8.0,232.0,Digital Wallet,Online,2023-07-13,True,1689206400
TXN_4494180,CUST_19,Furniture,Item_10_FUR,18.5,4.0,74.0,Credit Card,Online,2022-03-12,True,1647043200
TXN_3395055,CUST_22,Food,Item_10_FOOD,18.5,7.0,129.5,Cash,In-store,2022-04-13,True,1649808000
TXN_5069428,CUST_24,Patisserie,Item_12_PAT,21.5,6.0,129.0,Credit Card,In-store,2023-05-18,False,1684368000
TXN_9262610,CUST_17,Patisserie,Item_6_PAT,12.5,7.0,87.5,Digital Wallet,In-store,2024-01-17,True,1705449600
TXN_9469288,CUST_13,Patisserie,Item_11_PAT,20.0,8.0,160.0,Digital Wallet,Online,2024-11-25,False,1732492800
TXN_1854685,CUST_18,Computers and electric accessories,Item_6_CEA,12.5,10.0,125.0,Credit Card,Online,2024-02-19,False,1708300800
TXN_7409081,CUST_21,Food,Item_20_FOOD,33.5,9.0,301.5,Cash,In-store,2022-01-18,True,1642464000
TXN_5291414,CUST_12,Patisserie,Item_7_PAT,14.0,7.0,98.0,Credit Card,In-store,2022-03-02,True,1646179200
TXN_2100495,CUST_19,Computers and electric accessories,Item_21_CEA,35.0,7.0,245.0,Cash,In-store,2022-06-23,True,1655942400
TXN_4761736,CUST_12,Butchers,Item_13_BUT,23.0,4.0,92.0,Digital Wallet,Online,2022-04-22,False,1650585600
TXN_7349738,CUST_12,Beverages,Item_4_BEV,9.5,5.0,47.5,Cash,In-store,2023-01-18,True,1674000000
TXN_7565362,CUST_18,Computers and electric accessories,Item_11_CEA,20.0,1.0,20.0,Credit Card,In-store,2024-10-10,False,1728518400
TXN_2848763,CUST_17,Butchers,Item_13_BUT,23.0,2.0,46.0,Cash,In-store,2022-07-26,False,1658793600
TXN_8231269,CUST_02,Electric household essentials,Item_20_EHE,33.5,10.0,335.0,Digital Wallet,Online,2024-11-09,True,1731110400
TXN_3646423,CUST_24,Computers and electric accessories,Item_18_CEA,30.5,7.0,213.5,Credit Card,Online,2022-01-26,True,1643155200
TXN_7654337,CUST_01,Furniture,Item_20_FUR,33.5,4.0,134.0,Digital Wallet,In-store,2023-02-16,False,1676505600
TXN_7985058,CUST_06,Food,Item_17_FOOD,29.0,5.0,145.0,Cash,In-store,2023-02-23,False,1677110400
TXN_5151843,CUST_16,Furniture,Item_19_FUR,32.0,2.0,64.0,Cash,Online,2023-02-09,True,1675900800
TXN_5061076,CUST_18,Food,Item_5_FOOD,11.0,3.0,33.0,Cash,In-store,2023-08-26,True,1693008000
TXN_6958368,CUST_13,Food,Item_12_FOOD,21.5,9.0,193.5,Cash,In-store,2024-08-26,True,1724630400
TXN_1777447,CUST_08,Patisserie,Item_15_PAT,26.0,6.0,156.0,Credit Card,Online,2022-03-22,False,1647907200
TXN_9863754,CUST_09,Butchers,Item_18_BUT,30.5,7.0,213.5,Digital Wallet,In-store,2022-10-24,True,1666569600
TXN_2006169,CUST_23,Beverages,Item_1_BEV,5.0,1.0,5.0,Digital Wallet,Online,2024-09-09,True,1725840000
TXN_8286464,CUST_18,Butchers,Item_13_BUT,23.0,7.0,161.0,Credit Card,In-store,2022-01-23,True,1642896000
TXN_1514499,CUST_06,Food,Item_13_FOOD,23.0,8.0,184.0,Digital Wallet,In-store,2022-08-09,True,1660003200
TXN_6837191,CUST_20,Food,Item_9_FOOD,17.0,5.0,85.0,Digital Wallet,In-store,2023-03-31,False,1680220800
TXN_5077047,CUST_05,Milk Products,Item_8_MILK,15.5,4.0,62.0,Digital Wallet,Online,2023-04-11,True,1681171200
TXN_2941903,CUST_14,Furniture,Item_7_FUR,14.0,3.0,42.0,Credit Card,In-store,2022-09-27,True,1664236800
TXN_3824826,CUST_25,Milk Products,Item_16_MILK,27.5,9.0,247.5,Digital Wallet,Online,2022-05-30,True,1653868800
TXN_9760843,CUST_17,Computers and electric accessories,Item_13_CEA,23.0,1.0,23.0,Credit Card,In-store,2023-12-28,False,1703721600
TXN_7219724,CUST_24,Milk Products,Item_24_MILK,39.5,6.0,237.0,Digital Wallet,Online,2024-12-07,False,1733529600
TXN_8388538,CUST_06,Butchers,Item_23_BUT,38.0,7.0,266.0,Digital Wallet,Online,2022-07-11,False,1657497600
TXN_1788956,CUST_01,Patisserie,Item_16_PAT,27.5,2.0,55.0,Digital Wallet,Online,2023-06-19,False,1687132800
TXN_6071674,CUST_13,Milk Products,Item_8_MILK,15.5,10.0,155.0,Digital Wallet,Online,2022-02-11,True,1644537600
TXN_8782115,CUST_14,Food,Item_19_FOOD,32.0,9.0,288.0,Credit Card,In-store,2023-11-28,False,1701129600
TXN_5268986,CUST_22,Furniture,Item_16_FUR,27.5,4.0,110.0,Digital Wallet,In-store,2023-07-16,True,1689465600
TXN_4421008,CUST_24,Butchers,Item_1_BUT,5.0,3.0,15.0,Credit Card,In-store,2024-02-12,False,1707696000
TXN_7097180,CUST_12,Computers and electric accessories,Item_25_CEA,41.0,8.0,328.0,Credit Card,Online,2024-04-09,False,1712620800
TXN_2866213,CUST_24,Furniture,Item_21_FUR,35.0,2.0,70.0,Cash,In-store,2022-09-25,False,1664064000
TXN_3366166,CUST_15,Milk Products,Item_22_MILK,36.5,3.0,109.5,Cash,Online,2023-12-01,True,1701388800
TXN_9045946,CUST_15,Food,Item_16_FOOD,27.5,8.0,220.0,Credit Card,In-store,2024-01-05,True,1704412800
TXN_1338572,CUST_18,Electric household essentials,Item_17_EHE,29.0,8.0,232.0,Digital Wallet,Online,2023-02-26,True,1677369600
TXN_7468191,CUST_07,Milk Products,Item_19_MILK,32.0,5.0,160.0,Credit Card,In-store,2022-01-12,False,1641945600
TXN_8067292,CUST_17,Butchers,Item_7_BUT,14.0,7.0,98.0,Digital Wallet,Online,2024-01-20,False,1705708800
TXN_1076822,CUST_13,Computers and electric accessories,Item_16_CEA,27.5,2.0,55.0,Cash,In-store,2022-10-06,True,1665014400
TXN_8195314,CUST_18,Electric household essentials,Item_17_EHE,29.0,9.0,261.0,Cash,Online,2024-02-14,True,1707868800
TXN_4378791,CUST_02,Butchers,Item_22_BUT,36.5,7.0,255.5,Credit Card,Online,2022-05-11,True,1652227200
TXN_1539113,CUST_02,Beverages,Item_14_BEV,24.5,4.0,98.0,Credit Card,Online,2022-12-08,True,1670457600
TXN_3744905,CUST_12,Furniture,Item_5_FUR,11.0,9.0,99.0,Cash,In-store,2022-04-20,False,1650412800
TXN_7186993,CUST_02,Computers and electric accessories,Item_5_CEA,11.0,8.0,88.0,Credit Card,Online,2022-05-01,False,1651363200
TXN_8628627,CUST_16,Electric household essentials,Item_19_EHE,32.0,9.0,288.0,Credit Card,Online,2023-01-18,False,1674000000
TXN_8851227,CUST_08,Patisserie,Item_6_PAT,12.5,4.0,50.0,Cash,In-store,2023-08-10,True,1691625600
TXN_7654213,CUST_23,Patisserie,Item_11_PAT,20.0,10.0,200.0,Digital Wallet,Online,2024-05-29,True,1716940800
TXN_3643735,CUST_21,Food,Item_6_FOOD,12.5,5.0,62.5,Credit Card,Online,2025-01-14,False,1736812800
TXN_3780086,CUST_01,Electric household essentials,Item_16_EHE,27.5,8.0,220.0,Credit Card,Online,2022-08-31,False,1661904000
TXN_3966470,CUST_15,Furniture,Item_10_FUR,18.5,8.0,148.0,Digital Wallet,In-store,2022-07-24,False,1658620800
TXN_4126714,CUST_17,Computers and electric accessories,Item_12_CEA,21.5,7.0,150.5,Credit Card,In-store,2022-08-29,True,1661731200
TXN_6729338,CUST_07,Beverages,Item_4_BEV,9.5,6.0,57.0,Cash,In-store,2023-08-24,False,1692835200
TXN_3465682,CUST_12,Butchers,Item_25_BUT,41.0,10.0,410.0,Credit Card,In-store,2024-07-23,False,1721692800
TXN_7808804,CUST_16,Butchers,Item_20_BUT,33.5,1.0,33.5,Cash,Online,2022-08-21,False,1661040000
TXN_3641374,CUST_05,Furniture,Item_8_FUR,15.5,8.0,124.0,Digital Wallet,Online,2022-12-04,True,1670112000
TXN_1565935,CUST_21,Milk Products,Item_16_MILK,27.5,3.0,82.5,Cash,Online,2023-06-29,False,1687996800
TXN_9161608,CUST_17,Patisserie,Item_22_PAT,36.5,4.0,146.0,Cash,In-store,2022-05-23,False,1653264000
TXN_4169720,CUST_12,Butchers,Item_13_BUT,23.0,7.0,161.0,Credit Card,In-store,2022-11-26,True,1669420800
TXN_9479028,CUST_23,Patisserie,Item_21_PAT,35.0,5.0,175.0,Cash,In-store,2024-01-20,False,1705708800
TXN_8427493,CUST_24,Butchers,Item_18_BUT,30.5,5.0,152.5,Credit Card,In-store,2023-10-30,True,1698624000
TXN_8008462,CUST_20,Patisserie,Item_20_PAT,33.5,9.0,301.5,Credit Card,Online,2022-04-28,False,1651104000
TXN_2206004,CUST_10,Beverages,Item_1_BEV,5.0,3.0,15.0,Digital Wallet,In-store,2024-11-18,True,1731888000
TXN_2035161,CUST_02,Electric household essentials,Item_4_EHE,9.5,10.0,95.0,Cash,Online,2023-06-18,False,1687046400
TXN_1692396,CUST_03,Electric household essentials,Item_9_EHE,17.0,5.0,85.0,Digital Wallet,In-store,2024-12-04,True,1733270400
TXN_8498323,CUST_18,Food,Item_10_FOOD,18.5,10.0,185.0,Cash,Online,2025-01-17,True,1737072000
TXN_9035158,CUST_17,Computers and electric accessories,Item_5_CEA,11.0,2.0,22.0,Digital Wallet,In-store,2022-07-28,False,1658966400
TXN_3036246,CUST_24,Food,Item_21_FOOD,35.0,1.0,35.0,Cash,Online,2023-04-30,True,1682812800
TXN_7044302,CUST_16,Patisserie,Item_12_PAT,21.5,9.0,193.5,Cash,Online,2022-12-13,True,1670889600
TXN_5043649,CUST_19,Butchers,Item_15_BUT,26.0,7.0,182.0,Digital Wallet,Online,2022-07-12,True,1657584000
TXN_4954219,CUST_03,Patisserie,Item_12_PAT,21.5,8.0,172.0,Digital Wallet,In-store,2024-09-27,True,1727395200
TXN_5941390,CUST_16,Computers and electric accessories,Item_13_CEA,23.0,8.0,184.0,Cash,Online,2024-09-07,False,1725667200
TXN_8972521,CUST_07,Food,Item_14_FOOD,24.5,5.0,122.5,Digital Wallet,Online,2023-05-16,False,1684195200
TXN_5199524,CUST_09,Milk Products,Item_7_MILK,14.0,9.0,126.0,Credit Card,Online,2024-10-09,False,1728432000
TXN_1392572,CUST_23,Food,Item_11_FOOD,20.0,10.0,200.0,Digital Wallet,In-store,2024-12-10,True,1733788800
TXN_4192360,CUST_22,Milk Products,Item_14_MILK,24.5,6.0,147.0,Digital Wallet,In-store,2022-11-24,True,1669248000
TXN_3158542,CUST_24,Beverages,Item_20_BEV,33.5,1.0,33.5,Digital Wallet,In-store,2024-09-24,True,1727136000
TXN_5740962,CUST_14,Beverages,Item_17_BEV,29.0,6.0,174.0,Cash,In-store,2024-12-11,True,1733875200
TXN_3925778,CUST_09,Furniture,Item_24_FUR,39.5,6.0,237.0,Digital Wallet,Online,2023-05-31,True,1685491200
TXN_8840155,CUST_11,Milk Products,Item_1_MILK,5.0,3.0,15.0,Digital Wallet,Online,2024-12-15,False,1734220800
TXN_9415292,CUST_09,Food,Item_13_FOOD,23.0,4.0,92.0,Cash,In-store,2022-09-12,False,1662940800
TXN_5869329,CUST_01,Beverages,Item_14_BEV,24.5,6.0,147.0,Credit Card,In-store,2023-05-06,False,1683331200
TXN_4832058,CUST_23,Computers and electric accessories,Item_9_CEA,17.0,5.0,85.0,Credit Card,Online,2023-07-05,False,1688515200
TXN_5409965,CUST_23,Food,Item_7_FOOD,14.0,7.0,98.0,Cash,In-store,2023-05-27,False,1685145600
TXN_2961224,CUST_10,Butchers,Item_25_BUT,41.0,3.0,123.0,Digital Wallet,Online,2022-10-26,False,1666742400
TXN_7315605,CUST_13,Food,Item_3_FOOD,8.0,10.0,80.0,Cash,In-store,2022-08-17,False,1660694400
TXN_7609800,CUST_05,Patisserie,Item_23_PAT,38.0,4.0,152.0,Credit Card,In-store,2024-10-30,True,1730246400
TXN_6415667,CUST_10,Computers and electric accessories,Item_3_CEA,8.0,2.0,16.0,Cash,Online,2022-09-05,True,1662336000
TXN_4136457,CUST_22,Food,Item_4_FOOD,9.5,10.0,95.0,Cash,Online,2022-09-18,False,1663459200
TXN_9824897,CUST_13,Patisserie,Item_1_PAT,5.0,5.0,25.0,Credit Card,In-store,2024-03-10,False,1710028800
TXN_5834615,CUST_03,Milk Products,Item_6_MILK,12.5,7.0,87.5,Cash,In-store,2022-04-08,False,1649376000
TXN_2137243,CUST_07,Beverages,Item_19_BEV,32.0,6.0,192.0,Digital Wallet,In-store,2023-08-13,False,1691884800
TXN_8184279,CUST_22,Food,Item_20_FOOD,33.5,7.0,234.5,Credit Card,In-store,2022-10-02,False,1664668800
TXN_2842290,CUST_07,Computers and electric accessories,Item_19_CEA,32.0,4.0,128.0,Digital Wallet,Online,2024-12-27,False,1735257600
TXN_2646671,CUST_23,Patisserie,Item_15_PAT,26.0,5.0,130.0,Credit Card,Online,2024-03-05,True,1709596800
TXN_2057291,CUST_24,Patisserie,Item_16_PAT,27.5,4.0,110.0,Cash,Online,2022-05-10,True,1652140800
TXN_8551912,CUST_12,Milk Products,Item_17_MILK,29.0,6.0,174.0,Digital Wallet,In-store,2024-11-09,True,1731110400
TXN_3174034,CUST_10,Milk Products,Item_7_MILK,14.0,10.0,140.0,Digital Wallet,In-store,2022-08-11,False,1660176000
TXN_2315839,CUST_06,Food,Item_4_FOOD,9.5,6.0,57.0,Cash,In-store,2023-07-27,False,1690416000
TXN_5629754,CUST_04,Beverages,Item_20_BEV,33.5,9.0,301.5,Credit Card,Online,2022-02-20,False,1645315200
TXN_4048563,CUST_24,Computers and electric accessories,Item_19_CEA,32.0,3.0,96.0,Digital Wallet,In-store,2022-08-08,False,1659916800
TXN_2673110,CUST_04,Furniture,Item_8_FUR,15.5,7.0,108.5,Digital Wallet,In-store,2023-06-19,True,1687132800
TXN_4483784,CUST_14,Furniture,Item_19_FUR,32.0,6.0,192.0,Credit Card,Online,2022-11-04,True,1667520000
TXN_9758083,CUST_05,Milk Products,Item_6_MILK,12.5,7.0,87.5,Cash,Online,2022-08-11,False,1660176000
TXN_5870039,CUST_08,Butchers,Item_4_BUT,9.5,1.0,9.5,Credit Card,Online,2022-03-28,True,1648425600
TXN_7302888,CUST_25,Patisserie,Item_23_PAT,38.0,7.0,266.0,Credit Card,In-store,2024-12-31,False,1735603200
TXN_3964097,CUST_18,Furniture,Item_23_FUR,38.0,1.0,38.0,Cash,Online,2023-04-17,False,1681689600
TXN_1788744,CUST_05,Patisserie,Item_13_PAT,23.0,6.0,138.0,Digital Wallet,In-store,2023-07-16,False,1689465600
TXN_7310787,CUST_15,Furniture,Item_2_FUR,6.5,2.0,13.0,Credit Card,In-store,2024-10-23,False,1729641600
TXN_6215670,CUST_19,Patisserie,Item_17_PAT,29.0,8.0,232.0,Digital Wallet,Online,2023-12-04,True,1701648000
TXN_3932445,CUST_05,Food,Item_9_FOOD,17.0,7.0,119.0,Digital Wallet,In-store,2022-12-22,True,1671667200
TXN_4237426,CUST_13,Computers and electric accessories,Item_19_CEA,32.0,7.0,224.0,Digital Wallet,Online,2022-01-24,True,1642982400
TXN_3035757,CUST_07,Milk Products,Item_3_MILK,8.0,4.0,32.0,Credit Card,Online,2023-05-16,True,1684195200
TXN_7059698,CUST_12,Electric household essentials,Item_17_EHE,29.0,3.0,87.0,Digital Wallet,Online,2023-05-01,False,1682899200
TXN_2169574,CUST_03,Computers and electric accessories,Item_19_CEA,32.0,10.0,320.0,Cash,In-store,2024-04-23,False,1713830400
TXN_4662762,CUST_12,Electric household essentials,Item_15_EHE,26.0,9.0,234.0,Credit Card,In-store,2025-01-12,False,1736640000
TXN_8676808,CUST_06,Butchers,Item_1_BUT,5.0,8.0,40.0,Cash,In-store,2024-02-17,True,1708128000
TXN_5482804,CUST_13,Electric household essentials,Item_8_EHE,15.5,8.0,124.0,Cash,In-store,2024-11-08,True,1731024000
TXN_8182879,CUST_10,Electric household essentials,Item_15_EHE,26.0,5.0,130.0,Cash,Online,2023-05-07,False,1683417600
TXN_7898890,CUST_09,Computers and electric accessories,Item_12_CEA,21.5,9.0,193.5,Cash,In-store,2024-07-27,True,1722038400
TXN_7002185,CUST_04,Butchers,Item_23_BUT,38.0,4.0,152.0,Credit Card,Online,2023-05-11,True,1683763200
TXN_7207962,CUST_02,Milk Products,Item_16_MILK,27.5,5.0,137.5,Cash,Online,2022-01-17,False,1642377600
TXN_4528572,CUST_14,Butchers,Item_25_BUT,41.0,4.0,164.0,Digital Wallet,Online,2022-10-13,False,1665619200
TXN_3379869,CUST_16,Beverages,Item_23_BEV,38.0,3.0,114.0,Cash,Online,2023-07-12,True,1689120000
TXN_9042764,CUST_18,Patisserie,Item_1_PAT,5.0,1.0,5.0,Digital Wallet,In-store,2024-07-14,True,1720915200
TXN_4942678,CUST_11,Patisserie,Item_8_PAT,15.5,1.0,15.5,Credit Card,In-store,2024-08-27,True,1724716800
TXN_1028025,CUST_05,Milk Products,Item_11_MILK,20.0,5.0,100.0,Digital Wallet,Online,2023-05-18,False,1684368000
TXN_2298440,CUST_09,Electric household essentials,Item_13_EHE,23.0,8.0,184.0,Cash,Online,2022-01-20,True,1642636800
TXN_3994985,CUST_18,Milk Products,Item_13_MILK,23.0,5.0,115.0,Credit Card,In-store,2024-02-02,True,1706832000
TXN_1563614,CUST_11,Butchers,Item_1_BUT,5.0,5.0,25.0,Credit Card,Online,2022-01-13,True,1642032000
TXN_8431681,CUST_18,Patisserie,Item_12_PAT,21.5,8.0,172.0,Credit Card,Online,2022-04-30,True,1651276800
TXN_9013941,CUST_22,Milk Products,Item_19_MILK,32.0,2.0,64.0,Cash,Online,2022-07-12,True,1657584000
TXN_5897445,CUST_19,Butchers,Item_25_BUT,41.0,3.0,123.0,Digital Wallet,Online,2022-02-14,False,1644796800
TXN_1417704,CUST_12,Patisserie,Item_24_PAT,39.5,7.0,276.5,Digital Wallet,Online,2024-02-02,True,1706832000
TXN_8230124,CUST_23,Electric household essentials,Item_2_EHE,6.5,4.0,26.0,Cash,In-store,2023-09-26,False,1695686400
TXN_6085231,CUST_24,Beverages,Item_11_BEV,20.0,7.0,140.0,Digital Wallet,In-store,2022-04-06,False,1649203200
TXN_1673701,CUST_16,Furniture,Item_20_FUR,33.5,2.0,67.0,Digital Wallet,In-store,2023-05-19,True,1684454400
TXN_3988639,CUST_07,Patisserie,Item_10_PAT,18.5,7.0,129.5,Credit Card,Online,2024-07-08,False,1720396800
TXN_7144471,CUST_13,Beverages,Item_25_BEV,41.0,8.0,328.0,Credit Card,Online,2023-09-28,False,1695859200
TXN_9996492,CUST_22,Milk Products,Item_7_MILK,14.0,8.0,112.0,Credit Card,Online,2024-07-30,False,1722297600
TXN_2879758,CUST_25,Computers and electric accessories,Item_13_CEA,23.0,10.0,230.0,Cash,In-store,2024-01-25,True,1706140800
TXN_5140543,CUST_20,Food,Item_20_FOOD,33.5,6.0,201.0,Digital Wallet,Online,2022-12-26,False,1672012800
TXN_9157443,CUST_20,Food,Item_9_FOOD,17.0,10.0,170.0,Cash,Online,2024-10-07,True,1728259200
TXN_9297702,CUST_13,Butchers,Item_24_BUT,39.5,3.0,118.5,Digital Wallet,In-store,2024-08-29,False,1724889600
TXN_6915562,CUST_03,Electric household essentials,Item_2_EHE,6.5,7.0,45.5,Credit Card,In-store,2022-12-19,True,1671408000
TXN_3074632,CUST_12,Beverages,Item_2_BEV,6.5,3.0,19.5,Cash,In-store,2024-03-13,True,1710288000
TXN_9259125,CUST_22,Furniture,Item_24_FUR,39.5,7.0,276.5,Digital Wallet,In-store,2022-02-01,False,1643673600
TXN_1851169,CUST_18,Beverages,Item_8_BEV,15.5,2.0,31.0,Digital Wallet,Online,2022-10-24,False,1666569600
TXN_9129538,CUST_10,Furniture,Item_24_FUR,39.5,8.0,316.0,Cash,Online,2023-03-10,True,1678406400
TXN_4286060,CUST_09,Butchers,Item_14_BUT,24.5,9.0,220.5,Digital Wallet,Online,2024-10-08,False,1728345600
TXN_9679439,CUST_14,Furniture,Item_8_FUR,15.5,9.0,139.5,Cash,Online,2024-03-12,False,1710201600
TXN_1315418,CUST_16,Beverages,Item_2_BEV,6.5,3.0,19.5,Cash,In-store,2022-08-29,False,1661731200
TXN_9741550,CUST_22,Butchers,Item_18_BUT,30.5,2.0,61.0,Credit Card,Online,2024-09-05,True,1725494400
TXN_5109989,CUST_10,Beverages,Item_18_BEV,30.5,7.0,213.5,Digital Wallet,Online,2022-08-13,True,1660348800
TXN_8187246,CUST_02,Patisserie,Item_16_PAT,27.5,6.0,165.0,Cash,In-store,2023-08-01,False,1690848000
TXN_9151048,CUST_04,Beverages,Item_23_BEV,38.0,4.0,152.0,Digital Wallet,In-store,2022-01-15,False,1642204800
TXN_9660196,CUST_13,Food,Item_4_FOOD,9.5,3.0,28.5,Cash,In-store,2022-07-30,False,1659139200
TXN_2284344,CUST_20,Butchers,Item_16_BUT,27.5,7.0,192.5,Cash,In-store,2022-01-21,False,1642723200
TXN_9424650,CUST_14,Furniture,Item_24_FUR,39.5,4.0,158.0,Cash,Online,2024-09-09,True,1725840000
TXN_4459209,CUST_06,Furniture,Item_9_FUR,17.0,10.0,170.0,Credit Card,In-store,2023-10-22,False,1697932800
TXN_6288657,CUST_24,Patisserie,Item_9_PAT,17.0,7.0,119.0,Credit Card,Online,2022-10-07,True,1665100800
TXN_6560278,CUST_12,Furniture,Item_25_FUR,41.0,1.0,41.0,Credit Card,Online,2025-01-03,False,1735862400
TXN_1400981,CUST_10,Milk Products,Item_8_MILK,15.5,7.0,108.5,Cash,In-store,2023-07-15,False,1689379200
TXN_7755538,CUST_13,Electric household essentials,Item_23_EHE,38.0,8.0,304.0,Credit Card,Online,2024-12-09,True,1733702400
TXN_2747605,CUST_19,Milk Products,Item_13_MILK,23.0,9.0,207.0,Digital Wallet,Online,2023-06-29,True,1687996800
TXN_8160981,CUST_15,Electric household essentials,Item_19_EHE,32.0,1.0,32.0,Credit Card,Online,2022-08-18,True,1660780800
TXN_4437254,CUST_11,Food,Item_3_FOOD,8.0,4.0,32.0,Digital Wallet,Online,2023-07-22,True,1689984000
TXN_7548856,CUST_23,Beverages,Item_12_BEV,21.5,3.0,64.5,Cash,Online,2024-06-16,False,1718496000
TXN_7614106,CUST_13,Furniture,Item_24_FUR,39.5,3.0,118.5,Credit Card,In-store,2024-06-04,False,1717459200
TXN_7358557,CUST_18,Furniture,Item_17_FUR,29.0,5.0,145.0,Digital Wallet,In-store,2022-02-02,False,1643760000
TXN_9166176,CUST_17,Patisserie,Item_17_PAT,29.0,2.0,58.0,Digital Wallet,In-store,2024-12-20,False,1734652800
TXN_2692916,CUST_05,Butchers,Item_1_BUT,5.0,7.0,35.0,Digital Wallet,In-store,2024-09-30,True,1727654400
TXN_1257071,CUST_12,Electric household essentials,Item_11_EHE,20.0,5.0,100.0,Digital Wallet,In-store,2024-01-29,True,1706486400
TXN_8781897,CUST_02,Milk Products,Item_13_MILK,23.0,2.0,46.0,Cash,In-store,2024-09-02,False,1725235200
TXN_1385443,CUST_08,Furniture,Item_15_FUR,26.0,8.0,208.0,Cash,Online,2023-02-16,False,1676505600
TXN_1833446,CUST_13,Beverages,Item_24_BEV,39.5,5.0,197.5,Credit Card,In-store,2023-12-11,True,1702252800
TXN_9185602,CUST_04,Electric household essentials,Item_15_EHE,26.0,5.0,130.0,Credit Card,Online,2023-06-10,True,1686355200
TXN_8323929,CUST_11,Beverages,Item_20_BEV,33.5,10.0,335.0,Digital Wallet,In-store,2024-07-11,False,1720656000
TXN_3620925,CUST_16,Electric household essentials,Item_25_EHE,41.0,3.0,123.0,Cash,Online,2022-04-22,False,1650585600
TXN_4316339,CUST_07,Butchers,Item_3_BUT,8.0,9.0,72.0,Digital Wallet,Online,2023-01-28,True,1674864000
TXN_1284168,CUST_01,Beverages,Item_1_BEV,5.0,1.0,5.0,Credit Card,In-store,2023-04-21,True,1682035200
TXN_3122232,CUST_03,Milk Products,Item_6_MILK,12.5,2.0,25.0,Digital Wallet,Online,2022-06-24,True,1656028800
TXN_9938912,CUST_07,Butchers,Item_12_BUT,21.5,1.0,21.5,Cash,Online,2023-07-23,False,1690070400
TXN_4891106,CUST_03,Beverages,Item_18_BEV,30.5,10.0,305.0,Cash,Online,2022-06-06,False,1654473600
TXN_7842054,CUST_03,Milk Products,Item_16_MILK,27.5,10.0,275.0,Cash,In-store,2023-07-14,True,1689292800
TXN_8746609,CUST_23,Computers and electric accessories,Item_1_CEA,5.0,1.0,5.0,Cash,Online,2022-04-12,True,1649721600
TXN_2534527,CUST_11,Food,Item_17_FOOD,29.0,2.0,58.0,Cash,In-store,2022-10-21,True,1666310400
TXN_1421687,CUST_19,Beverages,Item_23_BEV,38.0,7.0,266.0,Cash,Online,2022-09-14,True,1663113600
TXN_7304271,CUST_16,Furniture,Item_11_FUR,20.0,8.0,160.0,Cash,In-store,2023-05-02,True,1682985600
TXN_8127659,CUST_15,Beverages,Item_23_BEV,38.0,6.0,228.0,Digital Wallet,Online,2022-04-15,True,1649980800
TXN_6007278,CUST_17,Beverages,Item_16_BEV,27.5,10.0,275.0,Credit Card,In-store,2023-03-31,False,1680220800
TXN_1113144,CUST_01,Electric household essentials,Item_5_EHE,11.0,10.0,110.0,Digital Wallet,In-store,2022-05-03,False,1651536000
TXN_3168114,CUST_21,Butchers,Item_6_BUT,12.5,9.0,112.5,Digital Wallet,Online,2024-06-13,True,1718236800
TXN_8288361,CUST_01,Electric household essentials,Item_5_EHE,11.0,3.0,33.0,Digital Wallet,Online,2023-09-25,True,1695600000
TXN_5138253,CUST_20,Beverages,Item_3_BEV,8.0,2.0,16.0,Cash,Online,2023-12-18,True,1702857600
TXN_9098606,CUST_01,Electric household essentials,Item_4_EHE,9.5,5.0,47.5,Cash,In-store,2023-02-20,False,1676851200
TXN_4340228,CUST_24,Patisserie,Item_5_PAT,11.0,5.0,55.0,Credit Card,Online,2024-11-01,True,1730419200
TXN_4491189,CUST_19,Beverages,Item_22_BEV,36.5,5.0,182.5,Digital Wallet,Online,2024-08-21,True,1724198400
TXN_3327657,CUST_03,Computers and electric accessories,Item_10_CEA,18.5,6.0,111.0,Cash,In-store,2022-11-02,False,1667347200
TXN_5415838,CUST_02,Beverages,Item_21_BEV,35.0,5.0,175.0,Digital Wallet,In-store,2022-12-09,False,1670544000
TXN_1105856,CUST_08,Furniture,Item_24_FUR,39.5,2.0,79.0,Cash,In-store,2022-04-17,False,1650153600
TXN_9749270,CUST_05,Patisserie,Item_12_PAT,21.5,10.0,215.0,Cash,Online,2022-03-17,True,1647475200
TXN_8625757,CUST_02,Beverages,Item_2_BEV,6.5,5.0,32.5,Cash,In-store,2022-06-29,True,1656460800
TXN_5437649,CUST_06,Food,Item_21_FOOD,35.0,2.0,70.0,Cash,Online,2022-02-14,False,1644796800
TXN_7967879,CUST_13,Milk Products,Item_11_MILK,20.0,6.0,120.0,Cash,In-store,2023-01-11,True,1673395200
TXN_1135577,CUST_20,Beverages,Item_12_BEV,21.5,3.0,64.5,Credit Card,In-store,2023-08-28,False,1693180800
TXN_4033809,CUST_24,Beverages,Item_7_BEV,14.0,3.0,42.0,Cash,In-store,2023-04-24,True,1682294400
TXN_7042991,CUST_14,Electric household essentials,Item_15_EHE,26.0,9.0,234.0,Digital Wallet,Online,2024-01-29,True,1706486400
TXN_2691463,CUST_19,Patisserie,Item_20_PAT,33.5,9.0,301.5,Digital Wallet,In-store,2024-08-25,False,1724544000
TXN_5248957,CUST_19,Food,Item_14_FOOD,24.5,2.0,49.0,Credit Card,In-store,2023-06-24,True,1687564800
TXN_5711029,CUST_21,Butchers,Item_25_BUT,41.0,3.0,123.0,Cash,In-store,2024-10-18,False,1729209600
TXN_7960911,CUST_19,Food,Item_22_FOOD,36.5,4.0,146.0,Credit Card,In-store,2023-06-12,False,1686528000
TXN_1707962,CUST_12,Computers and electric accessories,Item_5_CEA,11.0,8.0,88.0,Credit Card,Online,2022-08-20,False,1660953600
TXN_2719011,CUST_14,Milk Products,Item_16_MILK,27.5,2.0,55.0,Digital Wallet,In-store,2024-10-09,True,1728432000
TXN_7352619,CUST_18,Electric household essentials,Item_19_EHE,32.0,8.0,256.0,Cash,Online,2022-06-22,False,1655856000
TXN_4103847,CUST_22,Furniture,Item_2_FUR,6.5,4.0,26.0,Credit Card,In-store,2022-03-09,False,1646784000
TXN_1928195,CUST_09,Butchers,Item_15_BUT,26.0,2.0,52.0,Credit Card,In-store,2023-07-13,False,1689206400
TXN_4099365,CUST_13,Milk Products,Item_19_MILK,32.0,3.0,96.0,Credit Card,In-store,2024-07-02,True,1719878400
TXN_7254114,CUST_13,Beverages,Item_14_BEV,24.5,10.0,245.0,Cash,In-store,2023-06-08,False,1686182400
TXN_6999553,CUST_02,Food,Item_17_FOOD,29.0,6.0,174.0,Credit Card,In-store,2022-05-20,True,1653004800
TXN_4974603,CUST_10,Computers and electric accessories,Item_11_CEA,20.0,8.0,160.0,Digital Wallet,Online,2023-01-06,True,1672963200
TXN_4347270,CUST_24,Electric household essentials,Item_22_EHE,36.5,7.0,255.5,Cash,Online,2022-06-10,True,1654819200
TXN_2598563,CUST_01,Milk Products,Item_16_MILK,27.5,7.0,192.5,Credit Card,In-store,2023-09-17,True,1694908800
TXN_7539741,CUST_06,Patisserie,Item_4_PAT,9.5,1.0,9.5,Digital Wallet,In-store,2024-10-17,True,1729123200
TXN_7810813,CUST_09,Butchers,Item_20_BUT,33.5,9.0,301.5,Credit Card,In-store,2023-05-04,False,1683158400
TXN_8023602,CUST_21,Beverages,Item_15_BEV,26.0,8.0,208.0,Digital Wallet,In-store,2024-05-23,True,1716422400
TXN_1470767,CUST_02,Computers and electric accessories,Item_8_CEA,15.5,6.0,93.0,Cash,In-store,2022-10-11,True,1665446400
TXN_6967638,CUST_02,Patisserie,Item_15_PAT,26.0,9.0,234.0,Credit Card,In-store,2022-08-29,True,1661731200
TXN_3108828,CUST_01,Food,Item_5_FOOD,11.0,1.0,11.0,Cash,In-store,2024-09-29,False,1727568000
TXN_9627455,CUST_11,Electric household essentials,Item_15_EHE,26.0,10.0,260.0,Cash,In-store,2024-05-02,True,1714608000
TXN_3097234,CUST_16,Computers and electric accessories,Item_22_CEA,36.5,6.0,219.0,Credit Card,Online,2023-01-14,True,1673654400
TXN_4837386,CUST_09,Computers and electric accessories,Item_10_CEA,18.5,4.0,74.0,Cash,Online,2022-01-10,False,1641772800
TXN_3842407,CUST_08,Furniture,Item_5_FUR,11.0,8.0,88.0,Digital Wallet,In-store,2022-12-17,False,1671235200
TXN_8260473,CUST_01,Food,Item_12_FOOD,21.5,6.0,129.0,Credit Card,Online,2024-02-07,False,1707264000
TXN_5259443,CUST_15,Milk Products,Item_17_MILK,29.0,9.0,261.0,Digital Wallet,In-store,2024-03-06,False,1709683200
TXN_4284755,CUST_07,Milk Products,Item_13_MILK,23.0,4.0,92.0,Cash,Online,2024-10-13,False,1728777600
TXN_5275020,CUST_17,Butchers,Item_20_BUT,33.5,2.0,67.0,Credit Card,Online,2023-04-25,True,1682380800
TXN_9702562,CUST_06,Beverages,Item_12_BEV,21.5,9.0,193.5,Cash,Online,2022-05-27,True,1653609600
TXN_1650989,CUST_19,Butchers,Item_25_BUT,41.0,1.0,41.0,Digital Wallet,In-store,2024-05-13,False,1715558400
TXN_9153686,CUST_04,Electric household essentials,Item_4_EHE,9.5,1.0,9.5,Cash,Online,2024-04-14,True,1713052800
TXN_3736556,CUST_14,Patisserie,Item_11_PAT,20.0,6.0,120.0,Digital Wallet,Online,2022-11-02,True,1667347200
TXN_1112566,CUST_22,Beverages,Item_17_BEV,29.0,2.0,58.0,Cash,Online,2022-07-19,False,1658188800
TXN_6460758,CUST_13,Patisserie,Item_25_PAT,41.0,4.0,164.0,Credit Card,Online,2023-07-29,False,1690588800
TXN_5029574,CUST_25,Furniture,Item_21_FUR,35.0,5.0,175.0,Credit Card,In-store,2024-04-30,True,1714435200
TXN_7440627,CUST_13,Patisserie,Item_20_PAT,33.5,6.0,201.0,Credit Card,Online,2024-04-09,False,1712620800
TXN_2722898,CUST_21,Beverages,Item_6_BEV,12.5,10.0,125.0,Digital Wallet,In-store,2024-05-30,False,1717027200
TXN_1701445,CUST_22,Butchers,Item_16_BUT,27.5,5.0,137.5,Credit Card,In-store,2022-05-26,False,1653523200
TXN_8593945,CUST_11,Computers and electric accessories,Item_12_CEA,21.5,9.0,193.5,Credit Card,Online,2024-09-02,False,1725235200
TXN_7218185,CUST_02,Patisserie,Item_8_PAT,15.5,6.0,93.0,Digital Wallet,In-store,2024-03-04,False,1709510400
TXN_8814811,CUST_14,Food,Item_5_FOOD,11.0,1.0,11.0,Cash,In-store,2024-05-31,False,1717113600
TXN_2405836,CUST_05,Electric household essentials,Item_20_EHE,33.5,1.0,33.5,Cash,In-store,2024-05-11,True,1715385600
TXN_6855605,CUST_07,Butchers,Item_15_BUT,26.0,1.0,26.0,Credit Card,Online,2024-02-09,False,1707436800
TXN_5863318,CUST_18,Butchers,Item_20_BUT,33.5,3.0,100.5,Digital Wallet,In-store,2022-04-09,False,1649462400
TXN_8643512,CUST_09,Furniture,Item_14_FUR,24.5,10.0,245.0,Cash,In-store,2022-02-18,False,1645142400
TXN_1857948,CUST_12,Beverages,Item_24_BEV,39.5,9.0,355.5,Credit Card,In-store,2022-07-04,True,1656892800
TXN_9815485,CUST_19,Butchers,Item_16_BUT,27.5,5.0,137.5,Digital Wallet,Online,2024-05-02,True,1714608000
TXN_7009289,CUST_24,Patisserie,Item_7_PAT,14.0,4.0,56.0,Cash,In-store,2022-07-16,True,1657929600
TXN_3893340,CUST_05,Electric household essentials,Item_19_EHE,32.0,5.0,160.0,Digital Wallet,Online,2022-01-14,True,1642118400
TXN_6017531,CUST_21,Milk Products,Item_2_MILK,6.5,4.0,26.0,Credit Card,Online,2024-10-05,True,1728086400
TXN_6327819,CUST_01,Computers and electric accessories,Item_19_CEA,32.0,3.0,96.0,Cash,Online,2022-09-12,False,1662940800
TXN_2432720,CUST_09,Computers and electric accessories,Item_12_CEA,21.5,5.0,107.5,Cash,In-store,2024-01-02,True,1704153600
TXN_3328545,CUST_05,Beverages,Item_20_BEV,33.5,9.0,301.5,Credit Card,Online,2024-03-22,True,1711065600
TXN_9715411,CUST_22,Butchers,Item_24_BUT,39.5,9.0,355.5,Cash,Online,2024-06-14,True,1718323200
TXN_8941388,CUST_19,Beverages,Item_17_BEV,29.0,8.0,232.0,Digital Wallet,In-store,2022-05-09,True,1652054400
TXN_6023185,CUST_17,Electric household essentials,Item_25_EHE,41.0,9.0,369.0,Cash,In-store,2023-03-31,True,1680220800
TXN_8046576,CUST_13,Patisserie,Item_9_PAT,17.0,5.0,85.0,Credit Card,Online,2022-09-17,False,1663372800
TXN_1318784,CUST_19,Computers and electric accessories,Item_14_CEA,24.5,1.0,24.5,Digital Wallet,Online,2024-03-11,True,1710115200
TXN_9501007,CUST_03,Patisserie,Item_13_PAT,23.0,6.0,138.0,Digital Wallet,In-store,2022-09-26,False,1664150400
TXN_6275978,CUST_13,Electric household essentials,Item_21_EHE,35.0,9.0,315.0,Credit Card,Online,2023-07-05,False,1688515200
TXN_1694123,CUST_06,Beverages,Item_9_BEV,17.0,10.0,170.0,Digital Wallet,Online,2023-08-06,True,1691280000
TXN_4265824,CUST_21,Beverages,Item_8_BEV,15.5,8.0,124.0,Credit Card,Online,2022-12-13,True,1670889600
TXN_7283294,CUST_02,Milk Products,Item_13_MILK,23.0,3.0,69.0,Digital Wallet,Online,2022-09-14,False,1663113600
TXN_8868134,CUST_20,Beverages,Item_13_BEV,23.0,1.0,23.0,Cash,Online,2022-02-21,True,1645401600
TXN_7207545,CUST_18,Butchers,Item_4_BUT,9.5,4.0,38.0,Digital Wallet,Online,2024-08-09,True,1723161600
TXN_5705847,CUST_01,Computers and electric accessories,Item_6_CEA,12.5,8.0,100.0,Digital Wallet,Online,2022-12-28,False,1672185600
TXN_9532159,CUST_03,Computers and electric accessories,Item_7_CEA,14.0,5.0,70.0,Credit Card,Online,2022-10-21,False,1666310400
TXN_2579665,CUST_24,Beverages,Item_2_BEV,6.5,2.0,13.0,Credit Card,Online,2022-07-04,False,1656892800
TXN_5392536,CUST_11,Butchers,Item_25_BUT,41.0,6.0,246.0,Digital Wallet,Online,2023-06-22,True,1687392000
TXN_8810062,CUST_07,Electric household essentials,Item_6_EHE,12.5,8.0,100.0,Digital Wallet,In-store,2024-10-10,False,1728518400
TXN_6727532,CUST_13,Furniture,Item_20_FUR,33.5,3.0,100.5,Digital Wallet,In-store,2024-02-06,False,1707177600
TXN_3019783,CUST_16,Electric household essentials,Item_2_EHE,6.5,4.0,26.0,Cash,In-store,2024-02-16,False,1708041600
TXN_1136695,CUST_18,Food,Item_4_FOOD,9.5,8.0,76.0,Digital Wallet,In-store,2024-03-24,True,1711238400
TXN_7128121,CUST_15,Food,Item_10_FOOD,18.5,5.0,92.5,Cash,In-store,2022-04-16,True,1650067200
TXN_6057467,CUST_07,Milk Products,Item_7_MILK,14.0,1.0,14.0,Credit Card,In-store,2024-11-03,True,1730592000
TXN_3594131,CUST_11,Food,Item_9_FOOD,17.0,2.0,34.0,Digital Wallet,Online,2024-03-22,True,1711065600
TXN_5501595,CUST_03,Milk Products,Item_8_MILK,15.5,3.0,46.5,Cash,Online,2023-06-20,True,1687219200
TXN_7444294,CUST_13,Electric household essentials,Item_23_EHE,38.0,10.0,380.0,Cash,Online,2023-07-16,False,1689465600
TXN_5390097,CUST_02,Beverages,Item_19_BEV,32.0,3.0,96.0,Credit Card,In-store,2022-12-10,True,1670630400
TXN_4803018,CUST_04,Food,Item_10_FOOD,18.5,10.0,185.0,Digital Wallet,In-store,2023-07-11,True,1689033600
TXN_5171717,CUST_05,Patisserie,Item_3_PAT,8.0,6.0,48.0,Credit Card,Online,2023-06-19,True,1687132800
TXN_5700967,CUST_08,Furniture,Item_21_FUR,35.0,8.0,280.0,Cash,Online,2022-06-13,True,1655078400
TXN_1705335,CUST_23,Electric household essentials,Item_11_EHE,20.0,10.0,200.0,Cash,In-store,2024-05-07,False,1715040000
TXN_8805325,CUST_04,Patisserie,Item_4_PAT,9.5,7.0,66.5,Cash,In-store,2024-06-19,False,1718755200
TXN_7843840,CUST_25,Patisserie,Item_20_PAT,33.5,10.0,335.0,Cash,In-store,2022-12-31,False,1672444800
TXN_3586844,CUST_13,Patisserie,Item_3_PAT,8.0,4.0,32.0,Cash,In-store,2024-11-05,True,1730764800
TXN_8210536,CUST_02,Butchers,Item_23_BUT,38.0,2.0,76.0,Digital Wallet,In-store,2022-11-13,False,1668297600
TXN_7186832,CUST_08,Milk Products,Item_4_MILK,9.5,10.0,95.0,Cash,In-store,2023-01-25,False,1674604800
TXN_2073385,CUST_17,Furniture,Item_6_FUR,12.5,5.0,62.5,Digital Wallet,In-store,2023-04-25,False,1682380800
TXN_1512299,CUST_21,Furniture,Item_21_FUR,35.0,8.0,280.0,Credit Card,In-store,2023-06-16,True,1686873600
TXN_3244604,CUST_09,Electric household essentials,Item_17_EHE,29.0,9.0,261.0,Credit Card,In-store,2022-09-10,True,1662768000
TXN_3490599,CUST_20,Butchers,Item_15_BUT,26.0,5.0,130.0,Digital Wallet,In-store,2023-03-21,True,1679356800
TXN_8834540,CUST_25,Beverages,Item_12_BEV,21.5,5.0,107.5,Digital Wallet,In-store,2023-02-24,False,1677196800
TXN_6631615,CUST_15,Milk Products,Item_22_MILK,36.5,3.0,109.5,Digital Wallet,Online,2022-07-08,False,1657238400
TXN_1036563,CUST_12,Computers and electric accessories,Item_12_CEA,21.5,8.0,172.0,Credit Card,Online,2023-09-12,True,1694476800
TXN_2585207,CUST_10,Computers and electric accessories,Item_5_CEA,11.0,8.0,88.0,Credit Card,Online,2022-10-03,True,1664755200
TXN_7104996,CUST_15,Electric household essentials,Item_25_EHE,41.0,4.0,164.0,Credit Card,In-store,2024-02-27,False,1708992000
TXN_4288227,CUST_08,Butchers,Item_22_BUT,36.5,8.0,292.0,Cash,Online,2024-12-11,True,1733875200
TXN_7711337,CUST_14,Beverages,Item_7_BEV,14.0,8.0,112.0,Credit Card,Online,2022-02-28,False,1646006400
TXN_3170394,CUST_15,Food,Item_13_FOOD,23.0,1.0,23.0,Digital Wallet,Online,2024-08-14,False,1723593600
TXN_9364474,CUST_19,Food,Item_22_FOOD,36.5,3.0,109.5,Cash,In-store,2022-01-01,False,1640995200
TXN_9583903,CUST_19,Beverages,Item_25_BEV,41.0,2.0,82.0,Cash,Online,2024-10-08,False,1728345600
TXN_7688189,CUST_23,Butchers,Item_1_BUT,5.0,2.0,10.0,Cash,In-store,2022-01-02,False,1641081600
TXN_4091330,CUST_15,Patisserie,Item_7_PAT,14.0,5.0,70.0,Cash,Online,2022-09-29,False,1664409600
TXN_1999133,CUST_23,Milk Products,Item_4_MILK,9.5,8.0,76.0,Cash,Online,2022-11-21,False,1668988800
TXN_7557807,CUST_07,Furniture,Item_24_FUR,39.5,3.0,118.5,Digital Wallet,Online,2022-02-07,True,1644192000
TXN_8376000,CUST_09,Patisserie,Item_23_PAT,38.0,5.0,190.0,Digital Wallet,In-store,2022-03-01,False,1646092800
TXN_8165056,CUST_09,Computers and electric accessories,Item_14_CEA,24.5,4.0,98.0,Cash,Online,2023-07-17,False,1689552000
TXN_2624212,CUST_09,Electric household essentials,Item_8_EHE,15.5,7.0,108.5,Credit Card,Online,2022-04-18,False,1650240000
TXN_6823305,CUST_20,Patisserie,Item_23_PAT,38.0,9.0,342.0,Credit Card,Online,2023-05-25,False,1684972800
TXN_4601804,CUST_23,Electric household essentials,Item_7_EHE,14.0,5.0,70.0,Credit Card,Online,2023-08-11,True,1691712000
TXN_4145989,CUST_16,Food,Item_12_FOOD,21.5,8.0,172.0,Digital Wallet,In-store,2022-12-28,True,1672185600
TXN_3846767,CUST_07,Butchers,Item_24_BUT,39.5,10.0,395.0,Cash,In-store,2022-08-24,False,1661299200
TXN_2726827,CUST_13,Computers and electric accessories,Item_16_CEA,27.5,2.0,55.0,Cash,In-store,2024-03-05,True,1709596800
TXN_3665212,CUST_02,Furniture,Item_25_FUR,41.0,9.0,369.0,Digital Wallet,In-store,2023-06-07,True,1686096000
TXN_7889351,CUST_20,Computers and electric accessories,Item_2_CEA,6.5,9.0,58.5,Credit Card,Online,2023-05-07,True,1683417600
TXN_8106612,CUST_07,Milk Products,Item_19_MILK,32.0,8.0,256.0,Digital Wallet,Online,2023-01-06,True,1672963200
TXN_2061240,CUST_09,Electric household essentials,Item_3_EHE,8.0,9.0,72.0,Cash,In-store,2023-03-01,False,1677628800
TXN_1394949,CUST_13,Patisserie,Item_9_PAT,17.0,4.0,68.0,Digital Wallet,In-store,2023-10-10,True,1696896000
TXN_2879367,CUST_10,Computers and electric accessories,Item_12_CEA,21.5,10.0,215.0,Credit Card,In-store,2024-08-10,True,1723248000
TXN_6667216,CUST_07,Patisserie,Item_4_PAT,9.5,7.0,66.5,Credit Card,Online,2023-01-15,False,1673740800
TXN_3409198,CUST_16,Beverages,Item_12_BEV,21.5,1.0,21.5,Credit Card,In-store,2022-12-20,False,1671494400
TXN_1358906,CUST_16,Beverages,Item_15_BEV,26.0,10.0,260.0,Digital Wallet,Online,2024-02-28,False,1709078400
TXN_8948545,CUST_01,Beverages,Item_12_BEV,21.5,3.0,64.5,Digital Wallet,Online,2023-10-27,False,1698364800
TXN_5708736,CUST_01,Computers and electric accessories,Item_11_CEA,20.0,2.0,40.0,Credit Card,Online,2022-05-17,False,1652745600
TXN_4837535,CUST_16,Butchers,Item_21_BUT,35.0,8.0,280.0,Cash,Online,2025-01-16,True,1736985600
TXN_4515690,CUST_13,Milk Products,Item_16_MILK,27.5,3.0,82.5,Digital Wallet,Online,2023-01-24,False,1674518400
TXN_4311728,CUST_20,Food,Item_12_FOOD,21.5,6.0,129.0,Cash,In-store,2023-04-20,True,1681948800
TXN_6376012,CUST_20,Computers and electric accessories,Item_19_CEA,32.0,3.0,96.0,Cash,Online,2024-07-27,False,1722038400
TXN_8721418,CUST_01,Beverages,Item_14_BEV,24.5,9.0,220.5,Credit Card,Online,2022-02-20,False,1645315200
TXN_8653580,CUST_15,Milk Products,Item_7_MILK,14.0,8.0,112.0,Credit Card,In-store,2022-11-25,False,1669334400
TXN_7836458,CUST_14,Computers and electric accessories,Item_19_CEA,32.0,10.0,320.0,Cash,Online,2024-05-12,False,1715472000
TXN_6124741,CUST_17,Food,Item_13_FOOD,23.0,3.0,69.0,Cash,In-store,2022-04-17,True,1650153600
TXN_8534316,CUST_13,Patisserie,Item_24_PAT,39.5,10.0,395.0,Digital Wallet,In-store,2023-03-12,False,1678579200
TXN_9550516,CUST_09,Butchers,Item_18_BUT,30.5,9.0,274.5,Digital Wallet,In-store,2024-08-06,False,1722902400
TXN_7092018,CUST_07,Computers and electric accessories,Item_19_CEA,32.0,4.0,128.0,Digital Wallet,Online,2023-01-09,True,1673222400
TXN_8001268,CUST_24,Food,Item_24_FOOD,39.5,7.0,276.5,Digital Wallet,Online,2022-10-25,False,1666656000
TXN_1691068,CUST_23,Patisserie,Item_2_PAT,6.5,9.0,58.5,Cash,In-store,2022-08-11,False,1660176000
TXN_5410292,CUST_18,Electric household essentials,Item_6_EHE,12.5,7.0,87.5,Credit Card,Online,2022-11-13,False,1668297600
TXN_2362264,CUST_20,Food,Item_7_FOOD,14.0,3.0,42.0,Cash,Online,2023-01-22,False,1674345600
TXN_6376468,CUST_24,Furniture,Item_21_FUR,35.0,3.0,105.0,Cash,In-store,2023-06-05,False,1685923200
TXN_2238459,CUST_10,Beverages,Item_16_BEV,27.5,5.0,137.5,Digital Wallet,In-store,2023-01-10,False,1673308800
TXN_8768180,CUST_17,Milk Products,Item_18_MILK,30.5,7.0,213.5,Digital Wallet,Online,2022-05-22,True,1653177600
TXN_9395578,CUST_10,Furniture,Item_20_FUR,33.5,8.0,268.0,Cash,In-store,2022-05-24,True,1653350400
TXN_1229733,CUST_01,Food,Item_3_FOOD,8.0,6.0,48.0,Digital Wallet,Online,2024-04-17,False,1713312000
TXN_2765031,CUST_17,Food,Item_25_FOOD,41.0,5.0,205.0,Digital Wallet,Online,2024-11-08,True,1731024000
TXN_9599898,CUST_17,Butchers,Item_1_BUT,5.0,2.0,10.0,Digital Wallet,Online,2022-09-17,False,1663372800
TXN_1264844,CUST_10,Electric household essentials,Item_21_EHE,35.0,8.0,280.0,Credit Card,In-store,2022-08-19,True,1660867200
TXN_9195331,CUST_25,Butchers,Item_9_BUT,17.0,9.0,153.0,Cash,Online,2022-03-23,True,1647993600
TXN_8103285,CUST_20,Electric household essentials,Item_8_EHE,15.5,9.0,139.5,Digital Wallet,In-store,2022-01-21,False,1642723200
TXN_3994212,CUST_16,Furniture,Item_2_FUR,6.5,5.0,32.5,Cash,In-store,2022-08-06,True,1659744000
TXN_8252271,CUST_15,Milk Products,Item_19_MILK,32.0,1.0,32.0,Credit Card,Online,2023-09-23,True,1695427200
TXN_5754863,CUST_05,Food,Item_4_FOOD,9.5,6.0,57.0,Digital Wallet,In-store,2022-04-30,False,1651276800
TXN_6473625,CUST_20,Electric household essentials,Item_11_EHE,20.0,7.0,140.0,Digital Wallet,Online,2024-04-25,True,1714003200
TXN_4771635,CUST_22,Milk Products,Item_20_MILK,33.5,7.0,234.5,Credit Card,Online,2024-02-22,True,1708560000
TXN_2897677,CUST_20,Computers and electric accessories,Item_8_CEA,15.5,8.0,124.0,Credit Card,In-store,2022-12-16,True,1671148800
TXN_6077372,CUST_12,Food,Item_20_FOOD,33.5,6.0,201.0,Digital Wallet,Online,2023-10-20,True,1697760000
TXN_5684003,CUST_14,Milk Products,Item_11_MILK,20.0,4.0,80.0,Digital Wallet,Online,2023-01-01,False,1672531200
TXN_8700769,CUST_01,Butchers,Item_20_BUT,33.5,10.0,335.0,Digital Wallet,In-store,2024-05-14,False,1715644800
TXN_1791231,CUST_16,Furniture,Item_5_FUR,11.0,5.0,55.0,Credit Card,Online,2024-04-21,False,1713657600
TXN_8163791,CUST_06,Butchers,Item_23_BUT,38.0,3.0,114.0,Cash,In-store,2022-10-26,True,1666742400
TXN_4102275,CUST_12,Milk Products,Item_5_MILK,11.0,5.0,55.0,Cash,Online,2022-04-07,True,1649289600
TXN_2563981,CUST_10,Butchers,Item_22_BUT,36.5,7.0,255.5,Credit Card,In-store,2024-05-19,False,1716076800
TXN_3823879,CUST_22,Food,Item_9_FOOD,17.0,10.0,170.0,Credit Card,Online,2022-06-03,True,1654214400
TXN_1735701,CUST_24,Electric household essentials,Item_25_EHE,41.0,5.0,205.0,Digital Wallet,In-store,2023-07-21,False,1689897600
TXN_9265528,CUST_24,Butchers,Item_17_BUT,29.0,2.0,58.0,Credit Card,In-store,2024-10-10,False,1728518400
TXN_7243315,CUST_07,Milk Products,Item_24_MILK,39.5,5.0,197.5,Credit Card,Online,2022-01-26,True,1643155200
TXN_2105562,CUST_09,Milk Products,Item_4_MILK,9.5,10.0,95.0,Credit Card,In-store,2024-04-25,False,1714003200
TXN_5402378,CUST_25,Butchers,Item_22_BUT,36.5,1.0,36.5,Digital Wallet,Online,2022-01-23,False,1642896000
TXN_1285698,CUST_12,Furniture,Item_21_FUR,35.0,7.0,245.0,Cash,Online,2022-10-18,True,1666051200
TXN_1686639,CUST_04,Electric household essentials,Item_21_EHE,35.0,9.0,315.0,Credit Card,Online,2023-05-23,True,1684800000
TXN_7548261,CUST_08,Milk Products,Item_6_MILK,12.5,8.0,100.0,Digital Wallet,In-store,2022-08-24,True,1661299200
TXN_6612546,CUST_05,Beverages,Item_24_BEV,39.5,3.0,118.5,Cash,Online,2023-10-31,True,1698710400
TXN_1221709,CUST_12,Patisserie,Item_8_PAT,15.5,4.0,62.0,Cash,Online,2022-12-23,False,1671753600
TXN_9180138,CUST_08,Milk Products,Item_10_MILK,18.5,4.0,74.0,Credit Card,In-store,2022-01-13,True,1642032000
TXN_5327909,CUST_01,Computers and electric accessories,Item_6_CEA,12.5,4.0,50.0,Digital Wallet,Online,2023-04-04,False,1680566400
TXN_8751570,CUST_02,Beverages,Item_25_BEV,41.0,6.0,246.0,Digital Wallet,In-store,2024-03-13,True,1710288000
TXN_9473262,CUST_24,Electric household essentials,Item_14_EHE,24.5,9.0,220.5,Credit Card,Online,2023-10-19,True,1697673600
TXN_1434766,CUST_22,Furniture,Item_5_FUR,11.0,3.0,33.0,Cash,Online,2022-07-14,False,1657756800
TXN_6459760,CUST_09,Milk Products,Item_1_MILK,5.0,3.0,15.0,Cash,In-store,2023-10-25,False,1698192000
TXN_5615619,CUST_09,Patisserie,Item_6_PAT,12.5,8.0,100.0,Cash,Online,2023-05-06,True,1683331200
TXN_6117321,CUST_13,Milk Products,Item_16_MILK,27.5,8.0,220.0,Credit Card,Online,2023-10-01,False,1696118400
TXN_1429617,CUST_12,Milk Products,Item_6_MILK,12.5,8.0,100.0,Cash,In-store,2022-07-14,True,1657756800
TXN_6457304,CUST_09,Patisserie,Item_17_PAT,29.0,4.0,116.0,Digital Wallet,In-store,2023-09-26,False,1695686400
TXN_6645010,CUST_12,Food,Item_21_FOOD,35.0,2.0,70.0,Cash,In-store,2025-01-12,True,1736640000
TXN_7914826,CUST_24,Furniture,Item_25_FUR,41.0,8.0,328.0,Digital Wallet,Online,2023-12-22,False,1703203200
TXN_7235714,CUST_06,Computers and electric accessories,Item_13_CEA,23.0,4.0,92.0,Credit Card,Online,2024-06-12,True,1718150400
TXN_5511793,CUST_14,Computers and electric accessories,Item_14_CEA,24.5,10.0,245.0,Digital Wallet,In-store,2023-04-16,False,1681603200
TXN_5239775,CUST_23,Electric household essentials,Item_12_EHE,21.5,2.0,43.0,Cash,Online,2024-06-22,False,1719014400
TXN_6243391,CUST_19,Furniture,Item_11_FUR,20.0,1.0,20.0,Cash,Online,2024-07-04,True,1720051200
TXN_4525178,CUST_12,Patisserie,Item_17_PAT,29.0,7.0,203.0,Credit Card,In-store,2022-09-18,True,1663459200
TXN_4058445,CUST_17,Electric household essentials,Item_6_EHE,12.5,5.0,62.5,Cash,In-store,2022-08-04,False,1659571200
TXN_5714450,CUST_03,Butchers,Item_23_BUT,38.0,5.0,190.0,Cash,Online,2024-04-04,False,1712188800
TXN_6960283,CUST_11,Beverages,Item_25_BEV,41.0,5.0,205.0,Credit Card,Online,2022-06-20,False,1655683200
TXN_1505264,CUST_11,Beverages,Item_12_BEV,21.5,4.0,86.0,Cash,In-store,2024-01-30,False,1706572800
TXN_5846086,CUST_18,Patisserie,Item_4_PAT,9.5,1.0,9.5,Credit Card,Online,2022-04-15,False,1649980800
TXN_2683008,CUST_17,Patisserie,Item_18_PAT,30.5,6.0,183.0,Credit Card,Online,2022-01-10,False,1641772800
TXN_1448231,CUST_24,Furniture,Item_24_FUR,39.5,8.0,316.0,Digital Wallet,In-store,2023-08-30,True,1693353600
TXN_8053327,CUST_23,Food,Item_14_FOOD,24.5,7.0,171.5,Credit Card,In-store,2022-02-14,True,1644796800
TXN_8409953,CUST_20,Electric household essentials,Item_15_EHE,26.0,2.0,52.0,Credit Card,In-store,2024-01-15,True,1705276800
TXN_1050160,CUST_23,Milk Products,Item_13_MILK,23.0,6.0,138.0,Credit Card,Online,2023-11-06,False,1699228800
TXN_2580755,CUST_21,Butchers,Item_20_BUT,33.5,10.0,335.0,Cash,In-store,2022-02-28,False,1646006400
TXN_5856430,CUST_24,Patisserie,Item_12_PAT,21.5,4.0,86.0,Digital Wallet,In-store,2024-05-17,False,1715904000
TXN_4870896,CUST_11,Milk Products,Item_7_MILK,14.0,7.0,98.0,Cash,In-store,2023-01-27,True,1674777600
TXN_7361391,CUST_08,Furniture,Item_25_FUR,41.0,6.0,246.0,Cash,In-store,2024-01-12,True,1705017600
TXN_9433976,CUST_19,Butchers,Item_8_BUT,15.5,9.0,139.5,Credit Card,Online,2022-05-01,False,1651363200
TXN_3747234,CUST_13,Milk Products,Item_6_MILK,12.5,9.0,112.5,Cash,Online,2023-09-04,False,1693785600
TXN_9469341,CUST_14,Milk Products,Item_2_MILK,6.5,10.0,65.0,Cash,Online,2022-01-07,False,1641513600
TXN_2330418,CUST_03,Butchers,Item_10_BUT,18.5,1.0,18.5,Digital Wallet,In-store,2023-11-24,False,1700784000
TXN_8305422,CUST_07,Milk Products,Item_23_MILK,38.0,7.0,266.0,Cash,In-store,2022-02-25,True,1645747200
TXN_1481062,CUST_16,Beverages,Item_20_BEV,33.5,4.0,134.0,Credit Card,Online,2023-05-22,True,1684713600
TXN_7107246,CUST_22,Patisserie,Item_7_PAT,14.0,6.0,84.0,Credit Card,Online,2022-05-20,True,1653004800
TXN_9272728,CUST_19,Milk Products,Item_19_MILK,32.0,1.0,32.0,Cash,In-store,2022-06-13,True,1655078400
TXN_6649427,CUST_14,Computers and electric accessories,Item_11_CEA,20.0,6.0,120.0,Cash,In-store,2022-01-24,True,1642982400
TXN_9989291,CUST_06,Electric household essentials,Item_5_EHE,11.0,8.0,88.0,Digital Wallet,In-store,2023-07-09,False,1688860800
TXN_7926031,CUST_22,Electric household essentials,Item_25_EHE,41.0,6.0,246.0,Credit Card,Online,2024-07-16,True,1721088000
TXN_3088437,CUST_11,Butchers,Item_22_BUT,36.5,8.0,292.0,Cash,Online,2024-10-19,True,1729296000
TXN_9408487,CUST_11,Patisserie,Item_7_PAT,14.0,8.0,112.0,Cash,Online,2022-02-09,False,1644364800
TXN_8384530,CUST_02,Electric household essentials,Item_25_EHE,41.0,10.0,410.0,Credit Card,In-store,2023-12-25,False,1703462400
TXN_8926018,CUST_11,Furniture,Item_5_FUR,11.0,8.0,88.0,Credit Card,Online,2023-09-04,False,1693785600
TXN_8673963,CUST_13,Computers and electric accessories,Item_10_CEA,18.5,3.0,55.5,Credit Card,Online,2023-08-19,True,1692403200
TXN_1133322,CUST_16,Beverages,Item_1_BEV,5.0,10.0,50.0,Credit Card,Online,2022-08-06,False,1659744000
TXN_6470137,CUST_10,Milk Products,Item_19_MILK,32.0,5.0,160.0,Credit Card,Online,2024-07-20,True,1721433600
TXN_7635738,CUST_02,Computers and electric accessories,Item_13_CEA,23.0,5.0,115.0,Digital Wallet,In-store,2024-01-11,True,1704931200
TXN_1453723,CUST_14,Butchers,Item_15_BUT,26.0,6.0,156.0,Cash,In-store,2022-07-31,True,1659225600
TXN_9232100,CUST_05,Butchers,Item_22_BUT,36.5,3.0,109.5,Digital Wallet,Online,2024-09-21,False,1726876800
TXN_2226766,CUST_01,Computers and electric accessories,Item_21_CEA,35.0,10.0,350.0,Credit Card,Online,2024-04-28,False,1714262400
TXN_6024315,CUST_18,Patisserie,Item_24_PAT,39.5,3.0,118.5,Credit Card,Online,2022-06-25,False,1656115200
TXN_3155102,CUST_17,Computers and electric accessories,Item_25_CEA,41.0,9.0,369.0,Digital Wallet,In-store,2024-03-19,False,1710806400
TXN_7300159,CUST_05,Milk Products,Item_19_MILK,32.0,5.0,160.0,Credit Card,In-store,2023-11-10,False,1699574400
TXN_7012323,CUST_19,Butchers,Item_15_BUT,26.0,10.0,260.0,Digital Wallet,In-store,2022-11-11,False,1668124800
TXN_6445899,CUST_19,Patisserie,Item_24_PAT,39.5,3.0,118.5,Credit Card,Online,2024-11-14,True,1731542400
TXN_3677192,CUST_23,Butchers,Item_12_BUT,21.5,7.0,150.5,Credit Card,Online,2024-02-26,False,1708905600
TXN_9948370,CUST_15,Computers and electric accessories,Item_9_CEA,17.0,3.0,51.0,Credit Card,In-store,2023-07-04,True,1688428800
TXN_3956995,CUST_17,Beverages,Item_2_BEV,6.5,10.0,65.0,Digital Wallet,In-store,2024-10-14,True,1728864000
TXN_8244193,CUST_13,Butchers,Item_7_BUT,14.0,8.0,112.0,Cash,Online,2022-06-20,True,1655683200
TXN_2279728,CUST_07,Beverages,Item_3_BEV,8.0,1.0,8.0,Cash,In-store,2024-11-12,True,1731369600
TXN_1457601,CUST_07,Computers and electric accessories,Item_12_CEA,21.5,1.0,21.5,Digital Wallet,In-store,2023-03-19,False,1679184000
TXN_2556108,CUST_10,Furniture,Item_11_FUR,20.0,10.0,200.0,Digital Wallet,In-store,2023-10-12,False,1697068800
TXN_3395288,CUST_21,Butchers,Item_3_BUT,8.0,10.0,80.0,Cash,Online,2022-05-19,False,1652918400
TXN_9799191,CUST_11,Butchers,Item_13_BUT,23.0,9.0,207.0,Cash,Online,2023-10-19,True,1697673600
TXN_7188878,CUST_07,Butchers,Item_19_BUT,32.0,4.0,128.0,Credit Card,Online,2022-11-03,False,1667433600
TXN_8905031,CUST_22,Milk Products,Item_17_MILK,29.0,1.0,29.0,Digital Wallet,In-store,2023-09-10,True,1694304000
TXN_2841201,CUST_11,Food,Item_6_FOOD,12.5,7.0,87.5,Digital Wallet,Online,2022-03-27,True,1648339200
TXN_5000633,CUST_12,Food,Item_10_FOOD,18.5,3.0,55.5,Digital Wallet,In-store,2022-02-09,True,1644364800
TXN_6096957,CUST_05,Patisserie,Item_22_PAT,36.5,10.0,365.0,Credit Card,In-store,2024-02-10,True,1707523200
TXN_5136166,CUST_18,Computers and electric accessories,Item_2_CEA,6.5,6.0,39.0,Credit Card,In-store,2022-12-07,False,1670371200
TXN_8705609,CUST_24,Electric household essentials,Item_22_EHE,36.5,6.0,219.0,Digital Wallet,In-store,2022-01-08,False,1641600000
TXN_7966995,CUST_14,Computers and electric accessories,Item_19_CEA,32.0,8.0,256.0,Digital Wallet,Online,2023-03-24,False,1679616000
TXN_3148275,CUST_10,Food,Item_23_FOOD,38.0,7.0,266.0,Digital Wallet,In-store,2022-12-10,False,1670630400
TXN_9659420,CUST_10,Furniture,Item_13_FUR,23.0,6.0,138.0,Cash,In-store,2022-01-23,True,1642896000
TXN_9319671,CUST_22,Beverages,Item_16_BEV,27.5,4.0,110.0,Cash,In-store,2022-02-18,True,1645142400
TXN_5060218,CUST_07,Milk Products,Item_3_MILK,8.0,9.0,72.0,Credit Card,Online,2022-07-21,True,1658361600
TXN_1516336,CUST_09,Beverages,Item_3_BEV,8.0,8.0,64.0,Digital Wallet,Online,2024-08-07,True,1722988800
TXN_7426761,CUST_16,Food,Item_6_FOOD,12.5,8.0,100.0,Credit Card,Online,2022-08-08,False,1659916800
TXN_9870820,CUST_21,Electric household essentials,Item_25_EHE,41.0,7.0,287.0,Cash,In-store,2023-08-18,True,1692316800
TXN_7332336,CUST_01,Furniture,Item_5_FUR,11.0,10.0,110.0,Digital Wallet,In-store,2023-01-13,True,1673568000
TXN_3825785,CUST_12,Milk Products,Item_19_MILK,32.0,4.0,128.0,Credit Card,Online,2024-02-12,False,1707696000
TXN_3989303,CUST_08,Patisserie,Item_4_PAT,9.5,7.0,66.5,Digital Wallet,In-store,2022-07-21,False,1658361600
TXN_4935375,CUST_01,Furniture,Item_9_FUR,17.0,6.0,102.0,Digital Wallet,In-store,2024-11-26,True,1732579200
TXN_5501762,CUST_07,Furniture,Item_11_FUR,20.0,7.0,140.0,Cash,Online,2023-11-08,False,1699401600
TXN_5534368,CUST_09,Milk Products,Item_13_MILK,23.0,6.0,138.0,Credit Card,In-store,2022-04-14,False,1649894400
TXN_7136333,CUST_16,Furniture,Item_4_FUR,9.5,10.0,95.0,Credit Card,In-store,2024-02-25,True,1708819200
TXN_3827138,CUST_01,Food,Item_13_FOOD,23.0,4.0,92.0,Digital Wallet,In-store,2023-08-11,True,1691712000
TXN_5510271,CUST_23,Furniture,Item_8_FUR,15.5,4.0,62.0,Cash,Online,2024-05-28,True,1716854400
TXN_4800149,CUST_01,Butchers,Item_15_BUT,26.0,1.0,26.0,Credit Card,In-store,2023-11-06,False,1699228800
TXN_2075432,CUST_03,Furniture,Item_15_FUR,26.0,8.0,208.0,Cash,Online,2023-03-29,False,1680048000
TXN_8252675,CUST_12,Beverages,Item_18_BEV,30.5,4.0,122.0,Credit Card,Online,2024-06-06,True,1717632000
TXN_8705070,CUST_03,Patisserie,Item_6_PAT,12.5,7.0,87.5,Digital Wallet,Online,2022-02-28,False,1646006400
TXN_1331679,CUST_20,Butchers,Item_5_BUT,11.0,1.0,11.0,Cash,In-store,2022-11-17,True,1668643200
TXN_3457164,CUST_05,Furniture,Item_14_FUR,24.5,1.0,24.5,Cash,In-store,2024-10-21,False,1729468800
TXN_5506088,CUST_24,Patisserie,Item_22_PAT,36.5,2.0,73.0,Digital Wallet,Online,2022-05-31,True,1653955200
TXN_4607212,CUST_17,Patisserie,Item_7_PAT,14.0,10.0,140.0,Cash,In-store,2023-09-23,False,1695427200
TXN_2794176,CUST_01,Electric household essentials,Item_5_EHE,11.0,2.0,22.0,Cash,Online,2025-01-03,True,1735862400
TXN_4908056,CUST_16,Beverages,Item_17_BEV,29.0,5.0,145.0,Digital Wallet,Online,2023-04-20,True,1681948800
TXN_1991377,CUST_16,Food,Item_14_FOOD,24.5,7.0,171.5,Cash,Online,2024-11-23,False,1732320000
TXN_4859416,CUST_13,Milk Products,Item_17_MILK,29.0,8.0,232.0,Digital Wallet,In-store,2024-01-23,True,1705968000
TXN_7651449,CUST_25,Computers and electric accessories,Item_15_CEA,26.0,5.0,130.0,Credit Card,Online,2022-06-23,False,1655942400
TXN_4406536,CUST_18,Patisserie,Item_9_PAT,17.0,2.0,34.0,Cash,Online,2024-02-21,False,1708473600
TXN_5353247,CUST_02,Food,Item_18_FOOD,30.5,7.0,213.5,Credit Card,Online,2024-03-13,True,1710288000
TXN_6562327,CUST_14,Food,Item_9_FOOD,17.0,8.0,136.0,Credit Card,Online,2022-05-23,False,1653264000
TXN_9369177,CUST_07,Electric household essentials,Item_2_EHE,6.5,5.0,32.5,Credit Card,In-store,2022-10-05,False,1664928000
TXN_4553750,CUST_17,Beverages,Item_25_BEV,41.0,3.0,123.0,Credit Card,In-store,2024-05-30,False,1717027200
TXN_3710680,CUST_20,Milk Products,Item_8_MILK,15.5,6.0,93.0,Digital Wallet,In-store,2022-05-26,True,1653523200
TXN_1140136,CUST_01,Electric household essentials,Item_12_EHE,21.5,10.0,215.0,Credit Card,In-store,2022-06-04,True,1654300800
TXN_7401761,CUST_19,Electric household essentials,Item_23_EHE,38.0,9.0,342.0,Cash,Online,2023-05-23,False,1684800000
TXN_7336047,CUST_11,Butchers,Item_15_BUT,26.0,7.0,182.0,Credit Card,Online,2022-11-24,False,1669248000
TXN_1725123,CUST_19,Beverages,Item_7_BEV,14.0,7.0,98.0,Credit Card,Online,2023-05-26,True,1685059200
TXN_3943280,CUST_12,Electric household essentials,Item_15_EHE,26.0,3.0,78.0,Cash,In-store,2023-11-26,True,1700956800
TXN_7781876,CUST_02,Electric household essentials,Item_20_EHE,33.5,6.0,201.0,Digital Wallet,Online,2024-08-15,False,1723680000
TXN_9493430,CUST_02,Furniture,Item_8_FUR,15.5,4.0,62.0,Credit Card,In-store,2024-08-06,True,1722902400
TXN_9612339,CUST_16,Butchers,Item_20_BUT,33.5,1.0,33.5,Cash,In-store,2024-08-08,False,1723075200
TXN_8335223,CUST_17,Patisserie,Item_2_PAT,6.5,10.0,65.0,Cash,In-store,2022-04-14,True,1649894400
TXN_7307996,CUST_06,Patisserie,Item_1_PAT,5.0,6.0,30.0,Digital Wallet,In-store,2022-01-21,True,1642723200
TXN_6494987,CUST_21,Beverages,Item_19_BEV,32.0,7.0,224.0,Credit Card,Online,2022-05-04,True,1651622400
TXN_9777548,CUST_18,Patisserie,Item_15_PAT,26.0,7.0,182.0,Digital Wallet,Online,2023-02-11,True,1676073600
TXN_4127270,CUST_18,Beverages,Item_22_BEV,36.5,2.0,73.0,Cash,In-store,2022-04-05,False,1649116800
TXN_9509119,CUST_15,Food,Item_9_FOOD,17.0,1.0,17.0,Credit Card,In-store,2023-11-12,False,1699747200
TXN_7014970,CUST_13,Food,Item_17_FOOD,29.0,3.0,87.0,Cash,In-store,2023-08-12,True,1691798400
TXN_7931338,CUST_11,Beverages,Item_2_BEV,6.5,5.0,32.5,Digital Wallet,In-store,2024-10-30,True,1730246400
TXN_2542482,CUST_16,Beverages,Item_19_BEV,32.0,6.0,192.0,Credit Card,In-store,2022-11-04,False,1667520000
TXN_6400478,CUST_12,Patisserie,Item_18_PAT,30.5,8.0,244.0,Credit Card,Online,2022-09-03,True,1662163200
TXN_5460403,CUST_13,Computers and electric accessories,Item_19_CEA,32.0,1.0,32.0,Cash,Online,2024-12-10,True,1733788800
TXN_9241557,CUST_17,Patisserie,Item_14_PAT,24.5,9.0,220.5,Cash,In-store,2022-09-14,True,1663113600
TXN_2859193,CUST_12,Butchers,Item_25_BUT,41.0,4.0,164.0,Cash,In-store,2024-01-10,False,1704844800
TXN_9097846,CUST_14,Butchers,Item_23_BUT,38.0,10.0,380.0,Cash,In-store,2022-09-06,True,1662422400
TXN_7000155,CUST_14,Furniture,Item_6_FUR,12.5,4.0,50.0,Credit Card,In-store,2024-04-17,False,1713312000
TXN_2141766,CUST_07,Electric household essentials,Item_25_EHE,41.0,7.0,287.0,Cash,In-store,2023-03-03,True,1677801600
TXN_7446701,CUST_01,Furniture,Item_25_FUR,41.0,7.0,287.0,Digital Wallet,Online,2023-04-25,True,1682380800
TXN_2380474,CUST_14,Electric household essentials,Item_22_EHE,36.5,3.0,109.5,Digital Wallet,Online,2023-09-14,False,1694649600
TXN_1946735,CUST_25,Food,Item_5_FOOD,11.0,4.0,44.0,Digital Wallet,Online,2023-08-08,True,1691452800
TXN_5960367,CUST_10,Furniture,Item_15_FUR,26.0,6.0,156.0,Credit Card,Online,2023-03-11,True,1678492800
TXN_1810288,CUST_01,Food,Item_13_FOOD,23.0,10.0,230.0,Cash,Online,2024-12-07,True,1733529600
TXN_7440605,CUST_10,Beverages,Item_25_BEV,41.0,4.0,164.0,Digital Wallet,In-store,2024-08-15,True,1723680000
TXN_3113419,CUST_08,Food,Item_20_FOOD,33.5,3.0,100.5,Credit Card,Online,2024-02-25,False,1708819200
TXN_3282291,CUST_09,Computers and electric accessories,Item_25_CEA,41.0,6.0,246.0,Credit Card,In-store,2025-01-02,False,1735776000
TXN_4287831,CUST_22,Computers and electric accessories,Item_9_CEA,17.0,5.0,85.0,Digital Wallet,Online,2024-08-17,False,1723852800
TXN_6197590,CUST_10,Beverages,Item_12_BEV,21.5,7.0,150.5,Credit Card,Online,2022-08-15,True,1660521600
TXN_7112439,CUST_14,Milk Products,Item_19_MILK,32.0,5.0,160.0,Digital Wallet,Online,2022-11-02,False,1667347200
TXN_7561357,CUST_12,Patisserie,Item_23_PAT,38.0,3.0,114.0,Cash,In-store,2024-04-27,True,1714176000
TXN_4508836,CUST_21,Electric household essentials,Item_22_EHE,36.5,10.0,365.0,Digital Wallet,In-store,2024-01-17,True,1705449600
TXN_5560416,CUST_18,Milk Products,Item_11_MILK,20.0,3.0,60.0,Digital Wallet,Online,2022-03-22,True,1647907200
TXN_8295967,CUST_22,Computers and electric accessories,Item_9_CEA,17.0,7.0,119.0,Digital Wallet,Online,2024-01-24,False,1706054400
TXN_6470632,CUST_10,Food,Item_14_FOOD,24.5,10.0,245.0,Digital Wallet,In-store,2023-04-08,True,1680912000
TXN_7254832,CUST_08,Patisserie,Item_14_PAT,24.5,7.0,171.5,Digital Wallet,Online,2023-06-27,True,1687824000
TXN_8914458,CUST_25,Patisserie,Item_25_PAT,41.0,3.0,123.0,Digital Wallet,In-store,2024-10-21,True,1729468800
TXN_6116778,CUST_18,Milk Products,Item_3_MILK,8.0,3.0,24.0,Digital Wallet,Online,2023-05-30,True,1685404800
TXN_8943969,CUST_17,Butchers,Item_15_BUT,26.0,5.0,130.0,Cash,Online,2023-02-05,False,1675555200
TXN_3119110,CUST_22,Food,Item_5_FOOD,11.0,8.0,88.0,Cash,Online,2024-04-30,False,1714435200
TXN_7985007,CUST_01,Furniture,Item_7_FUR,14.0,10.0,140.0,Credit Card,In-store,2022-04-02,False,1648857600
TXN_2445180,CUST_12,Butchers,Item_12_BUT,21.5,3.0,64.5,Credit Card,In-store,2022-01-03,True,1641168000
TXN_9770930,CUST_05,Furniture,Item_8_FUR,15.5,10.0,155.0,Cash,In-store,2023-02-06,True,1675641600
TXN_5815945,CUST_12,Furniture,Item_11_FUR,20.0,6.0,120.0,Credit Card,Online,2023-09-05,False,1693872000
TXN_8990776,CUST_13,Food,Item_5_FOOD,11.0,6.0,66.0,Digital Wallet,In-store,2024-10-13,False,1728777600
TXN_7767926,CUST_19,Computers and electric accessories,Item_25_CEA,41.0,5.0,205.0,Digital Wallet,Online,2022-05-22,True,1653177600
TXN_4539548,CUST_21,Food,Item_3_FOOD,8.0,9.0,72.0,Digital Wallet,Online,2023-05-17,False,1684281600
TXN_7601000,CUST_09,Butchers,Item_7_BUT,14.0,4.0,56.0,Digital Wallet,In-store,2024-01-18,False,1705536000
TXN_7272612,CUST_24,Butchers,Item_16_BUT,27.5,3.0,82.5,Cash,In-store,2024-07-27,False,1722038400
TXN_5130448,CUST_21,Furniture,Item_24_FUR,39.5,6.0,237.0,Cash,Online,2024-05-28,True,1716854400
TXN_5153387,CUST_14,Electric household essentials,Item_13_EHE,23.0,10.0,230.0,Credit Card,Online,2022-07-14,False,1657756800
TXN_6841966,CUST_21,Milk Products,Item_1_MILK,5.0,8.0,40.0,Credit Card,Online,2024-10-17,True,1729123200
TXN_3206883,CUST_12,Electric household essentials,Item_10_EHE,18.5,10.0,185.0,Digital Wallet,Online,2024-10-24,True,1729728000
TXN_9590909,CUST_03,Electric household essentials,Item_18_EHE,30.5,10.0,305.0,Digital Wallet,Online,2024-12-29,False,1735430400
TXN_3730487,CUST_13,Electric household essentials,Item_23_EHE,38.0,3.0,114.0,Credit Card,In-store,2023-11-20,False,1700438400
TXN_3392533,CUST_17,Butchers,Item_3_BUT,8.0,4.0,32.0,Credit Card,In-store,2024-07-01,False,1719792000
TXN_7583684,CUST_25,Electric household essentials,Item_9_EHE,17.0,3.0,51.0,Digital Wallet,Online,2022-02-02,False,1643760000
TXN_4469536,CUST_11,Furniture,Item_25_FUR,41.0,4.0,164.0,Cash,In-store,2024-01-12,True,1705017600
TXN_2456405,CUST_13,Food,Item_20_FOOD,33.5,2.0,67.0,Digital Wallet,Online,2023-04-28,True,1682640000
TXN_5748431,CUST_05,Butchers,Item_16_BUT,27.5,8.0,220.0,Cash,Online,2024-05-19,True,1716076800
TXN_2343171,CUST_03,Furniture,Item_4_FUR,9.5,1.0,9.5,Cash,In-store,2022-10-18,False,1666051200
TXN_3713357,CUST_01,Computers and electric accessories,Item_9_CEA,17.0,2.0,34.0,Credit Card,Online,2024-04-24,True,1713916800
TXN_4681123,CUST_14,Food,Item_11_FOOD,20.0,4.0,80.0,Credit Card,Online,2024-11-30,False,1732924800
TXN_2110881,CUST_15,Patisserie,Item_24_PAT,39.5,1.0,39.5,Digital Wallet,In-store,2022-05-24,False,1653350400
TXN_4221038,CUST_10,Computers and electric accessories,Item_7_CEA,14.0,3.0,42.0,Digital Wallet,Online,2024-08-18,False,1723939200
TXN_6820017,CUST_05,Electric household essentials,Item_21_EHE,35.0,2.0,70.0,Digital Wallet,Online,2022-03-30,True,1648598400
TXN_9468678,CUST_10,Electric household essentials,Item_2_EHE,6.5,7.0,45.5,Cash,In-store,2024-06-03,True,1717372800
TXN_7385251,CUST_01,Butchers,Item_20_BUT,33.5,4.0,134.0,Credit Card,In-store,2024-11-13,True,1731456000
TXN_7856877,CUST_12,Furniture,Item_25_FUR,41.0,7.0,287.0,Cash,Online,2023-12-24,True,1703376000
TXN_9412012,CUST_22,Computers and electric accessories,Item_12_CEA,21.5,7.0,150.5,Cash,Online,2022-01-12,False,1641945600
TXN_4962457,CUST_07,Butchers,Item_20_BUT,33.5,3.0,100.5,Cash,In-store,2022-04-22,False,1650585600
TXN_1468469,CUST_15,Food,Item_8_FOOD,15.5,5.0,77.5,Digital Wallet,Online,2022-01-25,False,1643068800
TXN_9824720,CUST_11,Patisserie,Item_23_PAT,38.0,1.0,38.0,Credit Card,Online,2024-05-20,False,1716163200
TXN_1565598,CUST_03,Butchers,Item_10_BUT,18.5,3.0,55.5,Credit Card,Online,2023-01-18,True,1674000000
TXN_1521156,CUST_08,Computers and electric accessories,Item_16_CEA,27.5,9.0,247.5,Cash,Online,2024-10-11,True,1728604800
TXN_1588681,CUST_06,Furniture,Item_2_FUR,6.5,5.0,32.5,Credit Card,Online,2023-01-13,True,1673568000
TXN_8705051,CUST_07,Butchers,Item_13_BUT,23.0,4.0,92.0,Cash,Online,2024-01-20,False,1705708800
TXN_7522989,CUST_06,Electric household essentials,Item_1_EHE,5.0,3.0,15.0,Credit Card,Online,2022-03-16,True,1647388800
TXN_5762983,CUST_24,Furniture,Item_2_FUR,6.5,10.0,65.0,Credit Card,Online,2023-07-15,False,1689379200
TXN_4775495,CUST_02,Electric household essentials,Item_20_EHE,33.5,7.0,234.5,Digital Wallet,In-store,2023-08-11,False,1691712000
TXN_8539518,CUST_24,Computers and electric accessories,Item_13_CEA,23.0,8.0,184.0,Cash,Online,2022-03-31,False,1648684800
TXN_3531543,CUST_21,Computers and electric accessories,Item_3_CEA,8.0,7.0,56.0,Credit Card,Online,2024-07-17,True,1721174400
TXN_8605252,CUST_01,Milk Products,Item_23_MILK,38.0,7.0,266.0,Cash,In-store,2022-12-05,True,1670198400
TXN_4740770,CUST_09,Food,Item_8_FOOD,15.5,5.0,77.5,Digital Wallet,In-store,2024-12-21,False,1734739200
TXN_3240995,CUST_14,Butchers,Item_10_BUT,18.5,8.0,148.0,Cash,In-store,2024-07-06,True,1720224000
TXN_1767820,CUST_18,Beverages,Item_25_BEV,41.0,7.0,287.0,Digital Wallet,In-store,2025-01-17,False,1737072000
TXN_6224076,CUST_08,Electric household essentials,Item_22_EHE,36.5,2.0,73.0,Digital Wallet,In-store,2024-01-10,True,1704844800
TXN_6705072,CUST_12,Milk Products,Item_1_MILK,5.0,2.0,10.0,Digital Wallet,In-store,2022-09-01,False,1661990400
TXN_3082732,CUST_17,Electric household essentials,Item_23_EHE,38.0,5.0,190.0,Digital Wallet,Online,2024-06-20,True,1718841600
TXN_3286175,CUST_20,Furniture,Item_17_FUR,29.0,2.0,58.0,Cash,Online,2024-05-14,True,1715644800
TXN_1495409,CUST_04,Food,Item_17_FOOD,29.0,9.0,261.0,Cash,In-store,2022-12-08,False,1670457600
TXN_3194608,CUST_09,Milk Products,Item_23_MILK,38.0,1.0,38.0,Cash,In-store,2022-02-10,False,1644451200
TXN_5675288,CUST_01,Computers and electric accessories,Item_20_CEA,33.5,3.0,100.5,Credit Card,Online,2024-02-18,True,1708214400
TXN_3416162,CUST_16,Computers and electric accessories,Item_2_CEA,6.5,5.0,32.5,Digital Wallet,In-store,2025-01-15,False,1736899200
TXN_7720299,CUST_22,Furniture,Item_24_FUR,39.5,3.0,118.5,Credit Card,In-store,2024-10-29,False,1730160000
TXN_2045668,CUST_15,Computers and electric accessories,Item_22_CEA,36.5,5.0,182.5,Digital Wallet,Online,2024-09-29,True,1727568000
TXN_1095879,CUST_15,Beverages,Item_2_BEV,6.5,10.0,65.0,Digital Wallet,In-store,2023-02-04,True,1675468800
TXN_8359279,CUST_20,Food,Item_13_FOOD,23.0,7.0,161.0,Cash,Online,2022-10-04,False,1664841600
TXN_3897143,CUST_07,Electric household essentials,Item_10_EHE,18.5,8.0,148.0,Cash,In-store,2022-06-08,False,1654646400
TXN_2201869,CUST_03,Beverages,Item_12_BEV,21.5,9.0,193.5,Digital Wallet,In-store,2022-07-26,True,1658793600
TXN_1067274,CUST_02,Food,Item_11_FOOD,20.0,10.0,200.0,Digital Wallet,In-store,2022-05-21,True,1653091200
TXN_3668726,CUST_19,Electric household essentials,Item_16_EHE,27.5,5.0,137.5,Cash,Online,2022-05-14,True,1652486400
TXN_8223724,CUST_16,Beverages,Item_23_BEV,38.0,10.0,380.0,Credit Card,In-store,2023-04-30,False,1682812800
TXN_8997863,CUST_20,Butchers,Item_17_BUT,29.0,1.0,29.0,Credit Card,Online,2024-10-10,True,1728518400
TXN_1772948,CUST_11,Food,Item_21_FOOD,35.0,9.0,315.0,Credit Card,In-store,2024-11-29,False,1732838400
TXN_1787703,CUST_13,Beverages,Item_17_BEV,29.0,5.0,145.0,Digital Wallet,In-store,2024-09-02,True,1725235200
TXN_8406652,CUST_10,Food,Item_6_FOOD,12.5,2.0,25.0,Cash,In-store,2023-02-24,True,1677196800
TXN_8192277,CUST_01,Computers and electric accessories,Item_16_CEA,27.5,5.0,137.5,Credit Card,Online,2024-01-25,True,1706140800
TXN_3782741,CUST_15,Electric household essentials,Item_23_EHE,38.0,4.0,152.0,Digital Wallet,In-store,2024-11-24,True,1732406400
TXN_9619188,CUST_06,Food,Item_13_FOOD,23.0,4.0,92.0,Cash,In-store,2024-01-04,False,1704326400
TXN_4354004,CUST_01,Electric household essentials,Item_10_EHE,18.5,10.0,185.0,Cash,Online,2024-12-16,False,1734307200
TXN_4173894,CUST_02,Electric household essentials,Item_22_EHE,36.5,7.0,255.5,Cash,In-store,2023-11-12,True,1699747200
TXN_8101070,CUST_09,Milk Products,Item_22_MILK,36.5,9.0,328.5,Credit Card,Online,2024-01-26,False,1706227200
TXN_6490745,CUST_04,Food,Item_13_FOOD,23.0,7.0,161.0,Cash,In-store,2024-12-01,False,1733011200
TXN_6787727,CUST_12,Furniture,Item_6_FUR,12.5,4.0,50.0,Credit Card,In-store,2022-08-07,True,1659830400
TXN_7635856,CUST_20,Computers and electric accessories,Item_2_CEA,6.5,4.0,26.0,Digital Wallet,Online,2023-07-16,True,1689465600
TXN_9125500,CUST_21,Food,Item_13_FOOD,23.0,5.0,115.0,Cash,Online,2023-03-21,False,1679356800
TXN_5377436,CUST_09,Patisserie,Item_17_PAT,29.0,4.0,116.0,Digital Wallet,In-store,2023-03-24,True,1679616000
TXN_6357043,CUST_02,Electric household essentials,Item_20_EHE,33.5,7.0,234.5,Credit Card,In-store,2024-02-09,False,1707436800
TXN_3030052,CUST_13,Food,Item_24_FOOD,39.5,2.0,79.0,Cash,Online,2022-02-06,False,1644105600
TXN_5283369,CUST_06,Computers and electric accessories,Item_5_CEA,11.0,7.0,77.0,Credit Card,Online,2024-04-16,True,1713225600
TXN_3675657,CUST_17,Milk Products,Item_20_MILK,33.5,8.0,268.0,Digital Wallet,Online,2022-11-24,False,1669248000
TXN_7560470,CUST_21,Electric household essentials,Item_17_EHE,29.0,1.0,29.0,Cash,In-store,2023-08-27,False,1693094400
TXN_1794661,CUST_20,Milk Products,Item_16_MILK,27.5,5.0,137.5,Digital Wallet,In-store,2022-03-21,False,1647820800
TXN_5270554,CUST_16,Electric household essentials,Item_18_EHE,30.5,2.0,61.0,Cash,In-store,2023-08-29,False,1693267200
TXN_4429872,CUST_03,Butchers,Item_5_BUT,11.0,10.0,110.0,Credit Card,In-store,2024-01-27,True,1706313600
TXN_2074223,CUST_16,Beverages,Item_1_BEV,5.0,5.0,25.0,Cash,In-store,2023-09-15,False,1694736000
TXN_7649427,CUST_10,Milk Products,Item_11_MILK,20.0,5.0,100.0,Digital Wallet,Online,2023-11-16,False,1700092800
TXN_3265003,CUST_11,Computers and electric accessories,Item_10_CEA,18.5,5.0,92.5,Cash,In-store,2023-07-17,True,1689552000
TXN_4261151,CUST_04,Beverages,Item_25_BEV,41.0,7.0,287.0,Credit Card,Online,2022-11-27,True,1669507200
TXN_1961640,CUST_10,Electric household essentials,Item_13_EHE,23.0,2.0,46.0,Cash,In-store,2023-12-12,True,1702339200
TXN_5148932,CUST_06,Computers and electric accessories,Item_21_CEA,35.0,4.0,140.0,Credit Card,Online,2023-09-19,False,1695081600
TXN_2328826,CUST_22,Furniture,Item_7_FUR,14.0,9.0,126.0,Digital Wallet,In-store,2024-08-15,True,1723680000
TXN_6947858,CUST_22,Beverages,Item_2_BEV,6.5,10.0,65.0,Digital Wallet,Online,2023-10-24,True,1698105600
TXN_9184251,CUST_04,Computers and electric accessories,Item_12_CEA,21.5,10.0,215.0,Digital Wallet,Online,2023-07-15,False,1689379200
TXN_5182350,CUST_07,Food,Item_17_FOOD,29.0,7.0,203.0,Credit Card,Online,2024-10-30,True,1730246400
TXN_9978020,CUST_15,Butchers,Item_11_BUT,20.0,5.0,100.0,Digital Wallet,In-store,2024-08-17,False,1723852800
TXN_6434833,CUST_20,Food,Item_21_FOOD,35.0,6.0,210.0,Cash,Online,2022-09-15,True,1663200000
TXN_8741487,CUST_23,Patisserie,Item_14_PAT,24.5,7.0,171.5,Cash,Online,2022-04-10,True,1649548800
TXN_9538673,CUST_15,Butchers,Item_23_BUT,38.0,6.0,228.0,Cash,Online,2022-01-21,True,1642723200
TXN_3481766,CUST_05,Beverages,Item_1_BEV,5.0,1.0,5.0,Digital Wallet,Online,2024-05-30,True,1717027200
TXN_3731943,CUST_11,Butchers,Item_25_BUT,41.0,4.0,164.0,Credit Card,Online,2024-02-20,True,1708387200
TXN_9224494,CUST_09,Beverages,Item_14_BEV,24.5,2.0,49.0,Cash,Online,2024-02-11,False,1707609600
TXN_8365008,CUST_05,Electric household essentials,Item_10_EHE,18.5,3.0,55.5,Digital Wallet,Online,2023-01-01,True,1672531200
TXN_8887502,CUST_21,Food,Item_11_FOOD,20.0,8.0,160.0,Digital Wallet,Online,2023-04-01,True,1680307200
TXN_2062102,CUST_23,Butchers,Item_23_BUT,38.0,10.0,380.0,Digital Wallet,In-store,2024-04-09,True,1712620800
TXN_8363354,CUST_12,Patisserie,Item_22_PAT,36.5,8.0,292.0,Credit Card,Online,2024-01-08,True,1704672000
TXN_4064037,CUST_07,Computers and electric accessories,Item_15_CEA,26.0,4.0,104.0,Credit Card,In-store,2022-05-15,True,1652572800
TXN_4793830,CUST_13,Electric household essentials,Item_24_EHE,39.5,1.0,39.5,Cash,Online,2023-03-16,False,1678924800
TXN_6871003,CUST_15,Food,Item_5_FOOD,11.0,9.0,99.0,Credit Card,Online,2022-02-14,False,1644796800
TXN_3704598,CUST_25,Food,Item_14_FOOD,24.5,6.0,147.0,Cash,Online,2023-10-16,False,1697414400
TXN_4841196,CUST_10,Food,Item_22_FOOD,36.5,8.0,292.0,Cash,Online,2022-01-17,False,1642377600
TXN_7019841,CUST_11,Beverages,Item_24_BEV,39.5,6.0,237.0,Digital Wallet,In-store,2024-09-04,True,1725408000
TXN_2730739,CUST_22,Furniture,Item_21_FUR,35.0,8.0,280.0,Digital Wallet,In-store,2022-02-12,True,1644624000
TXN_2387612,CUST_08,Milk Products,Item_18_MILK,30.5,5.0,152.5,Credit Card,Online,2024-12-24,False,1734998400
TXN_5821430,CUST_01,Patisserie,Item_23_PAT,38.0,1.0,38.0,Cash,Online,2022-06-27,False,1656288000
TXN_5032085,CUST_24,Beverages,Item_16_BEV,27.5,4.0,110.0,Cash,Online,2023-02-03,False,1675382400
TXN_1671850,CUST_20,Furniture,Item_11_FUR,20.0,9.0,180.0,Digital Wallet,In-store,2023-04-19,True,1681862400
TXN_2557410,CUST_20,Beverages,Item_19_BEV,32.0,1.0,32.0,Credit Card,Online,2023-12-21,False,1703116800
TXN_7462915,CUST_03,Patisserie,Item_16_PAT,27.5,5.0,137.5,Credit Card,In-store,2024-05-10,True,1715299200
TXN_8279458,CUST_01,Beverages,Item_18_BEV,30.5,2.0,61.0,Credit Card,Online,2022-07-03,True,1656806400
TXN_4380514,CUST_24,Beverages,Item_12_BEV,21.5,10.0,215.0,Credit Card,Online,2024-03-15,True,1710460800
TXN_4131199,CUST_03,Butchers,Item_12_BUT,21.5,6.0,129.0,Cash,In-store,2024-11-06,False,1730851200
TXN_2824933,CUST_21,Milk Products,Item_17_MILK,29.0,8.0,232.0,Digital Wallet,In-store,2024-05-04,False,1714780800
TXN_8129465,CUST_01,Computers and electric accessories,Item_7_CEA,14.0,5.0,70.0,Cash,In-store,2024-08-30,True,1724976000
TXN_7014731,CUST_11,Computers and electric accessories,Item_11_CEA,20.0,4.0,80.0,Credit Card,In-store,2022-02-15,False,1644883200
TXN_6109911,CUST_15,Electric household essentials,Item_19_EHE,32.0,4.0,128.0,Digital Wallet,Online,2024-09-16,True,1726444800
TXN_7180483,CUST_23,Butchers,Item_3_BUT,8.0,3.0,24.0,Cash,Online,2023-01-17,False,1673913600
TXN_1965778,CUST_25,Milk Products,Item_8_MILK,15.5,3.0,46.5,Credit Card,In-store,2024-09-01,False,1725148800
TXN_7639348,CUST_17,Butchers,Item_12_BUT,21.5,4.0,86.0,Credit Card,Online,2023-06-10,True,1686355200
TXN_3111915,CUST_08,Milk Products,Item_2_MILK,6.5,8.0,52.0,Cash,Online,2023-03-04,True,1677888000
TXN_4675506,CUST_15,Food,Item_13_FOOD,23.0,7.0,161.0,Credit Card,Online,2022-01-08,True,1641600000
TXN_6131542,CUST_18,Beverages,Item_25_BEV,41.0,3.0,123.0,Digital Wallet,Online,2024-07-22,True,1721606400
TXN_8913051,CUST_02,Furniture,Item_24_FUR,39.5,3.0,118.5,Digital Wallet,Online,2022-06-18,True,1655510400
TXN_9736021,CUST_20,Furniture,Item_11_FUR,20.0,1.0,20.0,Digital Wallet,In-store,2023-12-27,True,1703635200
TXN_1166423,CUST_08,Beverages,Item_17_BEV,29.0,1.0,29.0,Cash,Online,2024-08-12,True,1723420800
TXN_8592371,CUST_02,Patisserie,Item_2_PAT,6.5,10.0,65.0,Digital Wallet,Online,2022-06-14,True,1655164800
TXN_1365343,CUST_16,Food,Item_15_FOOD,26.0,10.0,260.0,Digital Wallet,Online,2024-11-28,True,1732752000
TXN_2084330,CUST_04,Furniture,Item_6_FUR,12.5,9.0,112.5,Digital Wallet,In-store,2023-10-05,False,1696464000
TXN_3134220,CUST_04,Beverages,Item_24_BEV,39.5,7.0,276.5,Cash,In-store,2022-05-28,True,1653696000
TXN_4317033,CUST_06,Electric household essentials,Item_25_EHE,41.0,6.0,246.0,Digital Wallet,In-store,2023-05-17,True,1684281600
TXN_9601795,CUST_16,Beverages,Item_12_BEV,21.5,4.0,86.0,Credit Card,Online,2024-11-25,False,1732492800
TXN_6759122,CUST_17,Milk Products,Item_1_MILK,5.0,7.0,35.0,Cash,In-store,2024-09-26,True,1727308800
TXN_2850248,CUST_15,Butchers,Item_13_BUT,23.0,7.0,161.0,Credit Card,Online,2024-07-30,True,1722297600
TXN_9557968,CUST_14,Patisserie,Item_12_PAT,21.5,1.0,21.5,Cash,In-store,2023-10-13,False,1697155200
TXN_5498711,CUST_20,Furniture,Item_6_FUR,12.5,6.0,75.0,Credit Card,Online,2024-12-23,True,1734912000
TXN_9115473,CUST_18,Furniture,Item_5_FUR,11.0,5.0,55.0,Credit Card,In-store,2024-03-16,False,1710547200
TXN_6144549,CUST_02,Milk Products,Item_20_MILK,33.5,3.0,100.5,Digital Wallet,Online,2023-10-04,False,1696377600
TXN_4666124,CUST_04,Furniture,Item_5_FUR,11.0,10.0,110.0,Digital Wallet,Online,2024-02-12,False,1707696000
TXN_3855536,CUST_04,Computers and electric accessories,Item_25_CEA,41.0,10.0,410.0,Credit Card,In-store,2024-09-27,True,1727395200
TXN_8559920,CUST_23,Food,Item_13_FOOD,23.0,8.0,184.0,Digital Wallet,Online,2023-07-26,True,1690329600
TXN_4121313,CUST_05,Butchers,Item_5_BUT,11.0,9.0,99.0,Digital Wallet,In-store,2024-05-25,True,1716595200
TXN_3875894,CUST_03,Butchers,Item_20_BUT,33.5,9.0,301.5,Digital Wallet,Online,2023-02-16,False,1676505600
TXN_7651965,CUST_06,Computers and electric accessories,Item_2_CEA,6.5,10.0,65.0,Digital Wallet,Online,2024-08-20,True,1724112000
TXN_1058677,CUST_22,Computers and electric accessories,Item_14_CEA,24.5,8.0,196.0,Cash,Online,2024-04-24,True,1713916800
TXN_9580748,CUST_08,Food,Item_18_FOOD,30.5,5.0,152.5,Credit Card,Online,2023-06-28,False,1687910400
TXN_6454963,CUST_06,Milk Products,Item_16_MILK,27.5,9.0,247.5,Cash,Online,2022-04-19,False,1650326400
TXN_9572486,CUST_16,Food,Item_13_FOOD,23.0,10.0,230.0,Cash,In-store,2022-07-10,False,1657411200
TXN_3017727,CUST_11,Computers and electric accessories,Item_13_CEA,23.0,8.0,184.0,Cash,Online,2022-06-02,False,1654128000
TXN_2542045,CUST_24,Patisserie,Item_8_PAT,15.5,5.0,77.5,Cash,In-store,2023-11-16,False,1700092800
TXN_9108644,CUST_24,Butchers,Item_13_BUT,23.0,2.0,46.0,Digital Wallet,In-store,2022-02-25,False,1645747200
TXN_2873708,CUST_10,Food,Item_13_FOOD,23.0,9.0,207.0,Digital Wallet,Online,2023-10-02,True,1696204800
TXN_6478003,CUST_02,Patisserie,Item_20_PAT,33.5,3.0,100.5,Digital Wallet,Online,2025-01-13,True,1736726400
TXN_2346762,CUST_09,Computers and electric accessories,Item_19_CEA,32.0,4.0,128.0,Credit Card,Online,2024-12-09,False,1733702400
TXN_9322958,CUST_17,Milk Products,Item_20_MILK,33.5,5.0,167.5,Cash,Online,2022-09-29,True,1664409600
TXN_1996371,CUST_10,Milk Products,Item_19_MILK,32.0,2.0,64.0,Credit Card,In-store,2022-01-19,True,1642550400
TXN_5751953,CUST_20,Food,Item_12_FOOD,21.5,4.0,86.0,Credit Card,In-store,2023-06-09,False,1686268800
TXN_6925920,CUST_05,Beverages,Item_21_BEV,35.0,4.0,140.0,Cash,In-store,2024-08-05,False,1722816000
TXN_7128520,CUST_25,Food,Item_14_FOOD,24.5,3.0,73.5,Cash,Online,2024-03-16,False,1710547200
TXN_9280381,CUST_04,Milk Products,Item_11_MILK,20.0,1.0,20.0,Digital Wallet,Online,2022-08-16,True,1660608000
TXN_5475355,CUST_02,Electric household essentials,Item_25_EHE,41.0,6.0,246.0,Credit Card,Online,2024-01-08,False,1704672000
TXN_3681383,CUST_04,Electric household essentials,Item_25_EHE,41.0,5.0,205.0,Digital Wallet,In-store,2023-05-18,True,1684368000
TXN_1042850,CUST_16,Beverages,Item_9_BEV,17.0,2.0,34.0,Cash,Online,2024-10-19,True,1729296000
TXN_9766485,CUST_15,Butchers,Item_16_BUT,27.5,7.0,192.5,Cash,In-store,2023-12-01,True,1701388800
TXN_2519325,CUST_17,Butchers,Item_12_BUT,21.5,5.0,107.5,Credit Card,Online,2024-03-16,True,1710547200
TXN_3364617,CUST_22,Furniture,Item_11_FUR,20.0,2.0,40.0,Cash,In-store,2024-05-06,False,1714953600
TXN_6329331,CUST_24,Beverages,Item_8_BEV,15.5,5.0,77.5,Credit Card,Online,2022-01-01,True,1640995200
TXN_8135631,CUST_17,Food,Item_16_FOOD,27.5,4.0,110.0,Cash,Online,2024-01-06,False,1704499200
TXN_6407417,CUST_11,Milk Products,Item_17_MILK,29.0,6.0,174.0,Credit Card,In-store,2024-12-20,False,1734652800
TXN_7918216,CUST_17,Patisserie,Item_3_PAT,8.0,9.0,72.0,Cash,Online,2024-10-25,True,1729814400
TXN_9775877,CUST_11,Milk Products,Item_7_MILK,14.0,6.0,84.0,Credit Card,Online,2023-03-06,False,1678060800
TXN_4142861,CUST_22,Milk Products,Item_8_MILK,15.5,2.0,31.0,Digital Wallet,In-store,2024-01-28,True,1706400000
TXN_2142826,CUST_11,Electric household essentials,Item_22_EHE,36.5,10.0,365.0,Credit Card,Online,2024-08-18,True,1723939200
TXN_8866340,CUST_18,Milk Products,Item_3_MILK,8.0,7.0,56.0,Credit Card,In-store,2023-01-22,False,1674345600
TXN_3919560,CUST_10,Computers and electric accessories,Item_12_CEA,21.5,1.0,21.5,Cash,In-store,2022-07-19,True,1658188800
TXN_3410016,CUST_16,Food,Item_1_FOOD,5.0,4.0,20.0,Digital Wallet,Online,2022-05-19,True,1652918400
TXN_4214517,CUST_19,Butchers,Item_1_BUT,5.0,10.0,50.0,Cash,In-store,2024-01-21,False,1705795200
TXN_2560468,CUST_14,Patisserie,Item_20_PAT,33.5,1.0,33.5,Credit Card,Online,2023-02-26,False,1677369600
TXN_8742206,CUST_18,Food,Item_4_FOOD,9.5,7.0,66.5,Credit Card,Online,2023-09-08,False,1694131200
TXN_9458229,CUST_17,Beverages,Item_7_BEV,14.0,1.0,14.0,Cash,In-store,2022-03-04,False,1646352000
TXN_4677266,CUST_19,Food,Item_6_FOOD,12.5,8.0,100.0,Cash,In-store,2024-09-28,True,1727481600
TXN_7804412,CUST_12,Computers and electric accessories,Item_23_CEA,38.0,9.0,342.0,Digital Wallet,In-store,2025-01-04,False,1735948800
TXN_9516413,CUST_01,Computers and electric accessories,Item_20_CEA,33.5,1.0,33.5,Credit Card,Online,2025-01-09,True,1736380800
TXN_6991981,CUST_13,Patisserie,Item_8_PAT,15.5,10.0,155.0,Cash,Online,2024-03-31,False,1711843200
TXN_6883732,CUST_24,Computers and electric accessories,Item_12_CEA,21.5,2.0,43.0,Cash,Online,2024-06-05,False,1717545600
TXN_8421665,CUST_15,Computers and electric accessories,Item_12_CEA,21.5,10.0,215.0,Credit Card,In-store,2022-08-03,True,1659484800
TXN_5529689,CUST_14,Milk Products,Item_18_MILK,30.5,10.0,305.0,Credit Card,In-store,2022-06-28,False,1656374400
TXN_4187658,CUST_06,Computers and electric accessories,Item_15_CEA,26.0,10.0,260.0,Digital Wallet,Online,2023-07-17,True,1689552000
TXN_7222682,CUST_16,Butchers,Item_16_BUT,27.5,6.0,165.0,Credit Card,Online,2022-03-24,False,1648080000
TXN_4456347,CUST_16,Electric household essentials,Item_25_EHE,41.0,10.0,410.0,Cash,Online,2022-09-11,True,1662854400
TXN_1845915,CUST_02,Furniture,Item_5_FUR,11.0,2.0,22.0,Credit Card,In-store,2022-06-27,True,1656288000
TXN_2238924,CUST_08,Beverages,Item_7_BEV,14.0,4.0,56.0,Credit Card,In-store,2022-07-29,True,1659052800
TXN_5304231,CUST_05,Butchers,Item_18_BUT,30.5,5.0,152.5,Credit Card,In-store,2024-01-20,False,1705708800
TXN_2973712,CUST_01,Furniture,Item_1_FUR,5.0,5.0,25.0,Credit Card,In-store,2024-08-23,False,1724371200
TXN_1702935,CUST_04,Electric household essentials,Item_5_EHE,11.0,9.0,99.0,Cash,In-store,2023-05-28,False,1685232000
TXN_9888265,CUST_18,Butchers,Item_15_BUT,26.0,7.0,182.0,Digital Wallet,Online,2022-08-09,False,1660003200
TXN_2633599,CUST_10,Computers and electric accessories,Item_2_CEA,6.5,8.0,52.0,Cash,Online,2024-01-16,True,1705363200
TXN_2084124,CUST_09,Electric household essentials,Item_11_EHE,20.0,4.0,80.0,Credit Card,Online,2024-02-05,True,1707091200
TXN_5261739,CUST_12,Milk Products,Item_19_MILK,32.0,1.0,32.0,Digital Wallet,In-store,2023-04-05,False,1680652800
TXN_3622835,CUST_10,Furniture,Item_10_FUR,18.5,3.0,55.5,Cash,Online,2024-04-15,True,1713139200
TXN_9894424,CUST_25,Food,Item_14_FOOD,24.5,4.0,98.0,Digital Wallet,Online,2023-09-27,True,1695772800
TXN_9857360,CUST_05,Patisserie,Item_19_PAT,32.0,10.0,320.0,Digital Wallet,In-store,2024-05-17,False,1715904000
TXN_6575376,CUST_08,Butchers,Item_23_BUT,38.0,10.0,380.0,Cash,Online,2023-09-02,True,1693612800
TXN_6943486,CUST_09,Food,Item_6_FOOD,12.5,3.0,37.5,Digital Wallet,In-store,2025-01-17,True,1737072000
TXN_3281468,CUST_22,Patisserie,Item_15_PAT,26.0,1.0,26.0,Digital Wallet,Online,2024-06-23,False,1719100800
TXN_7081603,CUST_15,Butchers,Item_14_BUT,24.5,3.0,73.5,Digital Wallet,In-store,2022-07-24,True,1658620800
TXN_6088884,CUST_12,Electric household essentials,Item_23_EHE,38.0,3.0,114.0,Cash,Online,2022-09-22,True,1663804800
TXN_4471644,CUST_25,Butchers,Item_11_BUT,20.0,1.0,20.0,Digital Wallet,In-store,2023-09-12,True,1694476800
TXN_7583357,CUST_01,Electric household essentials,Item_13_EHE,23.0,4.0,92.0,Digital Wallet,Online,2024-01-01,True,1704067200
TXN_7745477,CUST_02,Butchers,Item_12_BUT,21.5,1.0,21.5,Digital Wallet,In-store,2023-03-13,False,1678665600
TXN_1198384,CUST_12,Furniture,Item_15_FUR,26.0,1.0,26.0,Credit Card,Online,2024-11-13,False,1731456000
TXN_6898807,CUST_25,Beverages,Item_11_BEV,20.0,5.0,100.0,Credit Card,Online,2022-02-12,True,1644624000
TXN_9704111,CUST_07,Beverages,Item_14_BEV,24.5,8.0,196.0,Credit Card,In-store,2022-07-15,True,1657843200
TXN_1759826,CUST_05,Beverages,Item_16_BEV,27.5,5.0,137.5,Cash,Online,2022-01-04,False,1641254400
TXN_8836671,CUST_15,Milk Products,Item_24_MILK,39.5,5.0,197.5,Credit Card,Online,2024-11-11,True,1731283200
TXN_1219422,CUST_09,Furniture,Item_11_FUR,20.0,6.0,120.0,Cash,Online,2023-11-01,True,1698796800
TXN_1617887,CUST_19,Furniture,Item_10_FUR,18.5,4.0,74.0,Digital Wallet,Online,2023-10-29,True,1698537600
TXN_8683777,CUST_03,Electric household essentials,Item_18_EHE,30.5,2.0,61.0,Digital Wallet,Online,2023-07-05,True,1688515200
TXN_3496091,CUST_17,Milk Products,Item_22_MILK,36.5,7.0,255.5,Cash,In-store,2023-01-03,True,1672704000
TXN_1373042,CUST_22,Electric household essentials,Item_22_EHE,36.5,4.0,146.0,Cash,Online,2023-12-11,True,1702252800
TXN_5383084,CUST_18,Patisserie,Item_15_PAT,26.0,9.0,234.0,Digital Wallet,In-store,2023-05-12,False,1683849600
TXN_4454069,CUST_21,Electric household essentials,Item_6_EHE,12.5,7.0,87.5,Digital Wallet,In-store,2023-08-23,False,1692748800
TXN_8175642,CUST_19,Computers and electric accessories,Item_12_CEA,21.5,3.0,64.5,Cash,In-store,2024-09-26,True,1727308800
TXN_3442308,CUST_05,Patisserie,Item_1_PAT,5.0,5.0,25.0,Digital Wallet,In-store,2022-06-04,True,1654300800
TXN_5750828,CUST_17,Milk Products,Item_7_MILK,14.0,7.0,98.0,Digital Wallet,Online,2022-06-20,False,1655683200
TXN_1534876,CUST_12,Milk Products,Item_3_MILK,8.0,4.0,32.0,Credit Card,Online,2024-06-18,True,1718668800
TXN_9743568,CUST_25,Butchers,Item_2_BUT,6.5,3.0,19.5,Digital Wallet,In-store,2024-10-23,False,1729641600
TXN_6269570,CUST_25,Computers and electric accessories,Item_12_CEA,21.5,6.0,129.0,Digital Wallet,Online,2024-03-10,True,1710028800
TXN_6271863,CUST_15,Furniture,Item_25_FUR,41.0,4.0,164.0,Credit Card,In-store,2023-11-26,True,1700956800
TXN_3665903,CUST_21,Computers and electric accessories,Item_12_CEA,21.5,3.0,64.5,Digital Wallet,Online,2023-02-06,True,1675641600
TXN_6656161,CUST_09,Butchers,Item_21_BUT,35.0,6.0,210.0,Digital Wallet,In-store,2023-12-23,True,1703289600
TXN_5373853,CUST_13,Patisserie,Item_15_PAT,26.0,5.0,130.0,Credit Card,Online,2024-09-12,False,1726099200
TXN_4337439,CUST_19,Patisserie,Item_13_PAT,23.0,9.0,207.0,Cash,Online,2023-05-15,True,1684108800
TXN_8380333,CUST_23,Beverages,Item_6_BEV,12.5,6.0,75.0,Cash,In-store,2022-02-05,False,1644019200
TXN_2267175,CUST_11,Computers and electric accessories,Item_13_CEA,23.0,6.0,138.0,Credit Card,In-store,2023-03-01,False,1677628800
TXN_9109677,CUST_16,Butchers,Item_22_BUT,36.5,9.0,328.5,Credit Card,In-store,2023-04-22,True,1682121600
TXN_9210652,CUST_24,Beverages,Item_7_BEV,14.0,10.0,140.0,Cash,Online,2023-11-06,True,1699228800
TXN_5571349,CUST_10,Electric household essentials,Item_25_EHE,41.0,8.0,328.0,Digital Wallet,Online,2022-02-28,False,1646006400
TXN_9019672,CUST_10,Patisserie,Item_19_PAT,32.0,3.0,96.0,Cash,Online,2024-09-15,False,1726358400
TXN_2985304,CUST_19,Milk Products,Item_1_MILK,5.0,1.0,5.0,Cash,Online,2022-02-26,True,1645833600
TXN_8673519,CUST_09,Beverages,Item_15_BEV,26.0,7.0,182.0,Credit Card,In-store,2023-01-16,True,1673827200
TXN_2983912,CUST_23,Beverages,Item_7_BEV,14.0,5.0,70.0,Cash,In-store,2024-06-22,True,1719014400
TXN_3414846,CUST_23,Electric household essentials,Item_13_EHE,23.0,10.0,230.0,Cash,In-store,2022-11-24,False,1669248000
TXN_8694833,CUST_18,Milk Products,Item_13_MILK,23.0,7.0,161.0,Digital Wallet,In-store,2023-09-30,False,1696032000
TXN_2329426,CUST_22,Electric household essentials,Item_20_EHE,33.5,9.0,301.5,Cash,Online,2024-04-29,True,1714348800
TXN_8190713,CUST_02,Food,Item_12_FOOD,21.5,4.0,86.0,Cash,Online,2024-06-09,False,1717891200
TXN_7504005,CUST_05,Beverages,Item_25_BEV,41.0,4.0,164.0,Cash,In-store,2024-07-13,False,1720828800
TXN_8799205,CUST_10,Food,Item_10_FOOD,18.5,8.0,148.0,Credit Card,In-store,2024-09-04,False,1725408000
TXN_7876398,CUST_11,Milk Products,Item_17_MILK,29.0,7.0,203.0,Digital Wallet,Online,2023-10-13,True,1697155200
TXN_8963699,CUST_04,Furniture,Item_4_FUR,9.5,1.0,9.5,Cash,In-store,2023-12-19,True,1702944000
TXN_1042935,CUST_18,Patisserie,Item_13_PAT,23.0,2.0,46.0,Digital Wallet,Online,2022-09-11,False,1662854400
TXN_3992626,CUST_11,Butchers,Item_9_BUT,17.0,5.0,85.0,Credit Card,Online,2022-08-30,False,1661817600
TXN_2357618,CUST_04,Milk Products,Item_17_MILK,29.0,8.0,232.0,Cash,In-store,2023-01-03,True,1672704000
TXN_7672104,CUST_22,Furniture,Item_2_FUR,6.5,3.0,19.5,Digital Wallet,In-store,2024-06-09,False,1717891200
TXN_7771546,CUST_13,Computers and electric accessories,Item_5_CEA,11.0,3.0,33.0,Digital Wallet,Online,2023-11-11,True,1699660800
TXN_6678768,CUST_17,Milk Products,Item_11_MILK,20.0,9.0,180.0,Credit Card,In-store,2022-10-24,False,1666569600
TXN_3219474,CUST_10,Beverages,Item_12_BEV,21.5,9.0,193.5,Credit Card,In-store,2024-12-28,True,1735344000
TXN_2094611,CUST_03,Butchers,Item_20_BUT,33.5,8.0,268.0,Credit Card,Online,2022-03-01,False,1646092800
TXN_3005655,CUST_01,Beverages,Item_15_BEV,26.0,7.0,182.0,Digital Wallet,Online,2023-07-23,True,1690070400
TXN_5646436,CUST_16,Butchers,Item_15_BUT,26.0,2.0,52.0,Credit Card,In-store,2023-01-17,True,1673913600
TXN_8848656,CUST_14,Butchers,Item_6_BUT,12.5,3.0,37.5,Digital Wallet,In-store,2023-06-01,True,1685577600
TXN_6568701,CUST_08,Patisserie,Item_13_PAT,23.0,3.0,69.0,Digital Wallet,Online,2022-03-18,True,1647561600
TXN_1531616,CUST_04,Food,Item_13_FOOD,23.0,4.0,92.0,Cash,In-store,2023-03-08,True,1678233600
TXN_5761822,CUST_07,Furniture,Item_24_FUR,39.5,10.0,395.0,Digital Wallet,In-store,2024-04-24,True,1713916800
TXN_3070207,CUST_22,Beverages,Item_8_BEV,15.5,10.0,155.0,Digital Wallet,In-store,2022-09-06,True,1662422400
TXN_5393801,CUST_13,Electric household essentials,Item_13_EHE,23.0,8.0,184.0,Digital Wallet,In-store,2023-12-12,False,1702339200
TXN_8300194,CUST_09,Food,Item_11_FOOD,20.0,8.0,160.0,Cash,Online,2022-05-22,False,1653177600
TXN_6135005,CUST_02,Beverages,Item_17_BEV,29.0,7.0,203.0,Cash,Online,2024-02-12,False,1707696000
TXN_2464833,CUST_24,Electric household essentials,Item_16_EHE,27.5,6.0,165.0,Credit Card,Online,2024-02-09,True,1707436800
TXN_4505972,CUST_25,Beverages,Item_25_BEV,41.0,2.0,82.0,Credit Card,In-store,2022-08-27,True,1661558400
TXN_9185495,CUST_13,Electric household essentials,Item_15_EHE,26.0,1.0,26.0,Digital Wallet,Online,2022-10-22,True,1666396800
TXN_9929027,CUST_14,Food,Item_6_FOOD,12.5,5.0,62.5,Cash,In-store,2024-06-18,False,1718668800
TXN_1908642,CUST_05,Patisserie,Item_15_PAT,26.0,2.0,52.0,Credit Card,In-store,2024-03-08,True,1709856000
TXN_6666804,CUST_05,Milk Products,Item_7_MILK,14.0,5.0,70.0,Cash,Online,2024-05-12,True,1715472000
TXN_8313082,CUST_22,Computers and electric accessories,Item_5_CEA,11.0,5.0,55.0,Digital Wallet,In-store,2022-08-27,False,1661558400
TXN_9263134,CUST_10,Milk Products,Item_19_MILK,32.0,3.0,96.0,Cash,In-store,2024-10-12,False,1728691200
TXN_6086262,CUST_22,Beverages,Item_8_BEV,15.5,3.0,46.5,Cash,Online,2022-11-11,False,1668124800
TXN_9234343,CUST_01,Electric household essentials,Item_14_EHE,24.5,7.0,171.5,Digital Wallet,In-store,2022-08-04,True,1659571200
TXN_9496210,CUST_07,Computers and electric accessories,Item_17_CEA,29.0,8.0,232.0,Cash,Online,2024-04-10,False,1712707200
TXN_5683189,CUST_23,Beverages,Item_20_BEV,33.5,4.0,134.0,Digital Wallet,Online,2024-10-05,True,1728086400
TXN_7405636,CUST_18,Food,Item_20_FOOD,33.5,7.0,234.5,Cash,In-store,2023-09-12,False,1694476800
TXN_4502266,CUST_05,Computers and electric accessories,Item_1_CEA,5.0,5.0,25.0,Credit Card,Online,2024-08-20,False,1724112000
TXN_9283748,CUST_16,Patisserie,Item_16_PAT,27.5,6.0,165.0,Cash,In-store,2023-06-01,False,1685577600
TXN_1076574,CUST_16,Computers and electric accessories,Item_5_CEA,11.0,8.0,88.0,Cash,In-store,2024-09-19,False,1726704000
TXN_4212494,CUST_02,Electric household essentials,Item_5_EHE,11.0,3.0,33.0,Credit Card,Online,2022-11-16,False,1668556800
TXN_1503110,CUST_07,Computers and electric accessories,Item_8_CEA,15.5,1.0,15.5,Digital Wallet,In-store,2024-08-09,True,1723161600
TXN_7891763,CUST_18,Patisserie,Item_4_PAT,9.5,6.0,57.0,Credit Card,In-store,2023-01-21,False,1674259200
TXN_7054509,CUST_02,Computers and electric accessories,Item_14_CEA,24.5,9.0,220.5,Credit Card,Online,2022-01-26,False,1643155200
TXN_1744774,CUST_22,Milk Products,Item_18_MILK,30.5,8.0,244.0,Digital Wallet,Online,2022-05-19,True,1652918400
TXN_4464022,CUST_01,Food,Item_6_FOOD,12.5,9.0,112.5,Credit Card,Online,2024-01-09,False,1704758400
TXN_3360543,CUST_02,Food,Item_8_FOOD,15.5,9.0,139.5,Cash,In-store,2024-07-06,False,1720224000
TXN_8486938,CUST_20,Computers and electric accessories,Item_2_CEA,6.5,7.0,45.5,Credit Card,Online,2022-07-10,False,1657411200
TXN_1870890,CUST_13,Electric household essentials,Item_5_EHE,11.0,9.0,99.0,Cash,Online,2024-04-02,False,1712016000
TXN_7607001,CUST_11,Computers and electric accessories,Item_2_CEA,6.5,9.0,58.5,Digital Wallet,Online,2022-05-18,False,1652832000
TXN_4551473,CUST_02,Computers and electric accessories,Item_8_CEA,15.5,7.0,108.5,Credit Card,Online,2024-04-06,True,1712361600
TXN_2430342,CUST_11,Food,Item_25_FOOD,41.0,3.0,123.0,Digital Wallet,Online,2024-04-09,True,1712620800
TXN_7219103,CUST_14,Furniture,Item_24_FUR,39.5,1.0,39.5,Digital Wallet,In-store,2023-12-20,False,1703030400
TXN_8218511,CUST_09,Butchers,Item_12_BUT,21.5,1.0,21.5,Digital Wallet,In-store,2024-12-06,False,1733443200
TXN_1346220,CUST_05,Food,Item_20_FOOD,33.5,6.0,201.0,Credit Card,Online,2024-02-17,False,1708128000
TXN_6360170,CUST_22,Furniture,Item_5_FUR,11.0,2.0,22.0,Credit Card,In-store,2024-06-13,True,1718236800
TXN_4023152,CUST_13,Patisserie,Item_4_PAT,9.5,10.0,95.0,Cash,In-store,2022-03-21,True,1647820800
TXN_2505439,CUST_16,Electric household essentials,Item_20_EHE,33.5,10.0,335.0,Digital Wallet,Online,2023-12-09,False,1702080000
TXN_1190560,CUST_16,Furniture,Item_20_FUR,33.5,8.0,268.0,Cash,In-store,2023-01-31,False,1675123200
TXN_7342615,CUST_15,Beverages,Item_2_BEV,6.5,2.0,13.0,Digital Wallet,Online,2024-02-09,False,1707436800
TXN_3759701,CUST_06,Milk Products,Item_16_MILK,27.5,9.0,247.5,Cash,In-store,2022-06-26,True,1656201600
TXN_6837418,CUST_12,Computers and electric accessories,Item_23_CEA,38.0,4.0,152.0,Credit Card,Online,2024-09-19,True,1726704000
TXN_7093524,CUST_13,Patisserie,Item_3_PAT,8.0,1.0,8.0,Digital Wallet,In-store,2023-10-23,True,1698019200
TXN_2683891,CUST_03,Milk Products,Item_2_MILK,6.5,6.0,39.0,Cash,In-store,2024-05-09,True,1715212800
TXN_8517307,CUST_17,Patisserie,Item_25_PAT,41.0,7.0,287.0,Credit Card,In-store,2024-10-04,False,1728000000
TXN_2593807,CUST_01,Food,Item_20_FOOD,33.5,9.0,301.5,Digital Wallet,In-store,2024-07-13,True,1720828800
TXN_5661146,CUST_22,Furniture,Item_6_FUR,12.5,1.0,12.5,Credit Card,Online,2022-05-16,False,1652659200
TXN_5383343,CUST_10,Patisserie,Item_23_PAT,38.0,2.0,76.0,Cash,In-store,2024-10-19,True,1729296000
TXN_8361498,CUST_14,Food,Item_8_FOOD,15.5,5.0,77.5,Credit Card,Online,2022-10-29,False,1667001600
TXN_6473121,CUST_08,Patisserie,Item_13_PAT,23.0,4.0,92.0,Digital Wallet,In-store,2022-06-08,True,1654646400
TXN_8890505,CUST_21,Food,Item_5_FOOD,11.0,6.0,66.0,Digital Wallet,In-store,2022-11-21,False,1668988800
TXN_3070750,CUST_06,Butchers,Item_23_BUT,38.0,3.0,114.0,Credit Card,Online,2022-11-13,False,1668297600
TXN_2896903,CUST_15,Beverages,Item_19_BEV,32.0,10.0,320.0,Digital Wallet,Online,2022-03-29,True,1648512000
TXN_1611046,CUST_19,Milk Products,Item_23_MILK,38.0,2.0,76.0,Cash,In-store,2023-02-02,False,1675296000
TXN_3809198,CUST_06,Beverages,Item_17_BEV,29.0,8.0,232.0,Digital Wallet,Online,2023-02-02,False,1675296000
TXN_6392993,CUST_25,Beverages,Item_17_BEV,29.0,10.0,290.0,Cash,Online,2024-09-10,False,1725926400
TXN_9418439,CUST_23,Food,Item_14_FOOD,24.5,5.0,122.5,Credit Card,Online,2022-03-06,False,1646524800
TXN_4078909,CUST_15,Electric household essentials,Item_20_EHE,33.5,2.0,67.0,Digital Wallet,In-store,2022-01-08,False,1641600000
TXN_4578696,CUST_05,Computers and electric accessories,Item_14_CEA,24.5,5.0,122.5,Credit Card,Online,2024-04-06,True,1712361600
TXN_8737201,CUST_24,Furniture,Item_16_FUR,27.5,7.0,192.5,Digital Wallet,In-store,2023-09-11,False,1694390400
TXN_8520280,CUST_23,Patisserie,Item_23_PAT,38.0,1.0,38.0,Digital Wallet,In-store,2023-01-25,True,1674604800
TXN_1079752,CUST_07,Food,Item_20_FOOD,33.5,8.0,268.0,Credit Card,Online,2023-11-08,False,1699401600
TXN_5597194,CUST_12,Milk Products,Item_23_MILK,38.0,2.0,76.0,Cash,Online,2023-09-18,True,1694995200
TXN_7781357,CUST_24,Electric household essentials,Item_1_EHE,5.0,1.0,5.0,Digital Wallet,Online,2022-03-22,True,1647907200
TXN_7570892,CUST_04,Milk Products,Item_23_MILK,38.0,10.0,380.0,Digital Wallet,In-store,2023-12-21,False,1703116800
TXN_3875506,CUST_07,Beverages,Item_19_BEV,32.0,6.0,192.0,Cash,In-store,2023-05-10,True,1683676800
TXN_2225065,CUST_16,Food,Item_22_FOOD,36.5,7.0,255.5,Digital Wallet,In-store,2024-01-16,True,1705363200
TXN_5396734,CUST_03,Butchers,Item_16_BUT,27.5,9.0,247.5,Digital Wallet,Online,2024-06-24,False,1719187200
TXN_7928872,CUST_18,Computers and electric accessories,Item_22_CEA,36.5,4.0,146.0,Digital Wallet,In-store,2022-12-28,True,1672185600
TXN_7876532,CUST_12,Patisserie,Item_23_PAT,38.0,6.0,228.0,Credit Card,Online,2024-12-01,False,1733011200
TXN_9472024,CUST_17,Butchers,Item_13_BUT,23.0,5.0,115.0,Credit Card,Online,2024-01-18,False,1705536000
TXN_9515378,CUST_09,Butchers,Item_5_BUT,11.0,6.0,66.0,Credit Card,Online,2022-01-23,True,1642896000
TXN_4290895,CUST_13,Computers and electric accessories,Item_11_CEA,20.0,8.0,160.0,Cash,Online,2023-01-18,False,1674000000
TXN_7035534,CUST_01,Furniture,Item_22_FUR,36.5,7.0,255.5,Cash,Online,2022-09-29,True,1664409600
TXN_6595410,CUST_25,Electric household essentials,Item_5_EHE,11.0,4.0,44.0,Digital Wallet,In-store,2022-08-16,True,1660608000
TXN_8231669,CUST_20,Milk Products,Item_3_MILK,8.0,1.0,8.0,Credit Card,Online,2024-08-26,True,1724630400
TXN_8512354,CUST_23,Milk Products,Item_22_MILK,36.5,3.0,109.5,Digital Wallet,In-store,2023-12-04,False,1701648000
TXN_9299095,CUST_10,Beverages,Item_8_BEV,15.5,3.0,46.5,Cash,Online,2024-05-07,True,1715040000
TXN_1927837,CUST_14,Electric household essentials,Item_2_EHE,6.5,4.0,26.0,Cash,In-store,2023-05-27,False,1685145600
TXN_2489260,CUST_17,Butchers,Item_20_BUT,33.5,7.0,234.5,Digital Wallet,In-store,2022-01-01,True,1640995200
TXN_3535824,CUST_02,Computers and electric accessories,Item_20_CEA,33.5,5.0,167.5,Cash,Online,2024-11-16,True,1731715200
TXN_5543371,CUST_15,Milk Products,Item_9_MILK,17.0,4.0,68.0,Credit Card,Online,2024-03-28,True,1711584000
TXN_5414836,CUST_03,Beverages,Item_24_BEV,39.5,10.0,395.0,Cash,In-store,2024-10-01,True,1727740800
TXN_1255913,CUST_21,Patisserie,Item_23_PAT,38.0,1.0,38.0,Digital Wallet,Online,2024-01-18,False,1705536000
TXN_6087808,CUST_06,Furniture,Item_15_FUR,26.0,1.0,26.0,Digital Wallet,Online,2022-09-27,True,1664236800
TXN_5692725,CUST_14,Patisserie,Item_1_PAT,5.0,10.0,50.0,Digital Wallet,Online,2024-02-23,True,1708646400
TXN_3380676,CUST_04,Electric household essentials,Item_17_EHE,29.0,9.0,261.0,Cash,Online,2022-08-18,False,1660780800
TXN_2745420,CUST_09,Computers and electric accessories,Item_1_CEA,5.0,3.0,15.0,Digital Wallet,In-store,2024-08-12,True,1723420800
TXN_6836178,CUST_18,Milk Products,Item_8_MILK,15.5,6.0,93.0,Cash,Online,2022-05-27,False,1653609600
TXN_7595317,CUST_06,Milk Products,Item_2_MILK,6.5,6.0,39.0,Credit Card,In-store,2022-05-12,False,1652313600
TXN_6724459,CUST_19,Beverages,Item_23_BEV,38.0,8.0,304.0,Cash,In-store,2022-10-17,False,1665964800
TXN_8887696,CUST_10,Butchers,Item_24_BUT,39.5,1.0,39.5,Cash,In-store,2023-07-08,False,1688774400
TXN_1598935,CUST_11,Computers and electric accessories,Item_6_CEA,12.5,10.0,125.0,Digital Wallet,Online,2024-04-06,False,1712361600
TXN_5211291,CUST_05,Butchers,Item_25_BUT,41.0,8.0,328.0,Credit Card,Online,2023-06-04,False,1685836800
TXN_4751419,CUST_10,Beverages,Item_2_BEV,6.5,3.0,19.5,Credit Card,In-store,2023-05-05,True,1683244800
TXN_8103030,CUST_01,Furniture,Item_11_FUR,20.0,4.0,80.0,Cash,Online,2024-08-27,False,1724716800
TXN_7965648,CUST_05,Butchers,Item_6_BUT,12.5,4.0,50.0,Credit Card,In-store,2023-06-21,True,1687305600
TXN_3155343,CUST_18,Furniture,Item_11_FUR,20.0,9.0,180.0,Digital Wallet,In-store,2023-07-13,False,1689206400
TXN_3913187,CUST_11,Beverages,Item_2_BEV,6.5,1.0,6.5,Digital Wallet,In-store,2024-04-11,True,1712793600
TXN_9754923,CUST_14,Food,Item_20_FOOD,33.5,6.0,201.0,Cash,Online,2023-02-14,True,1676332800
TXN_1245088,CUST_07,Beverages,Item_17_BEV,29.0,6.0,174.0,Digital Wallet,In-store,2024-03-04,False,1709510400
TXN_3382647,CUST_07,Furniture,Item_23_FUR,38.0,8.0,304.0,Digital Wallet,Online,2023-12-12,True,1702339200
TXN_5233832,CUST_23,Butchers,Item_24_BUT,39.5,6.0,237.0,Cash,Online,2023-03-25,False,1679702400
TXN_1238430,CUST_10,Milk Products,Item_13_MILK,23.0,8.0,184.0,Cash,Online,2024-05-16,True,1715817600
TXN_7622447,CUST_03,Milk Products,Item_20_MILK,33.5,10.0,335.0,Cash,Online,2023-04-14,False,1681430400
TXN_5200656,CUST_20,Food,Item_17_FOOD,29.0,10.0,290.0,Digital Wallet,Online,2023-01-08,False,1673136000
TXN_3900554,CUST_24,Beverages,Item_25_BEV,41.0,5.0,205.0,Cash,In-store,2023-11-24,False,1700784000
TXN_4557580,CUST_25,Milk Products,Item_13_MILK,23.0,8.0,184.0,Digital Wallet,In-store,2023-06-20,True,1687219200
TXN_8254435,CUST_17,Computers and electric accessories,Item_25_CEA,41.0,3.0,123.0,Cash,In-store,2022-09-04,False,1662249600
TXN_1782376,CUST_17,Butchers,Item_12_BUT,21.5,6.0,129.0,Credit Card,Online,2022-03-24,True,1648080000
TXN_8682802,CUST_25,Patisserie,Item_23_PAT,38.0,4.0,152.0,Credit Card,In-store,2022-02-06,True,1644105600
TXN_2752244,CUST_20,Computers and electric accessories,Item_17_CEA,29.0,6.0,174.0,Cash,In-store,2023-01-11,True,1673395200
TXN_1820377,CUST_15,Patisserie,Item_11_PAT,20.0,7.0,140.0,Digital Wallet,In-store,2024-01-03,True,1704240000
TXN_2168738,CUST_15,Milk Products,Item_17_MILK,29.0,9.0,261.0,Credit Card,Online,2023-10-17,False,1697500800
TXN_6679357,CUST_06,Patisserie,Item_17_PAT,29.0,9.0,261.0,Credit Card,In-store,2024-05-18,False,1715990400
TXN_4781587,CUST_20,Furniture,Item_14_FUR,24.5,9.0,220.5,Credit Card,In-store,2023-11-18,False,1700265600
TXN_3807216,CUST_10,Butchers,Item_23_BUT,38.0,3.0,114.0,Credit Card,In-store,2023-01-12,False,1673481600
TXN_3476954,CUST_23,Butchers,Item_5_BUT,11.0,6.0,66.0,Credit Card,In-store,2024-05-03,True,1714694400
TXN_4494629,CUST_24,Milk Products,Item_3_MILK,8.0,3.0,24.0,Cash,Online,2024-12-11,False,1733875200
TXN_1085427,CUST_24,Patisserie,Item_17_PAT,29.0,9.0,261.0,Digital Wallet,In-store,2024-10-21,False,1729468800
TXN_8867982,CUST_18,Food,Item_21_FOOD,35.0,8.0,280.0,Credit Card,Online,2022-11-01,False,1667260800
TXN_5528637,CUST_22,Patisserie,Item_20_PAT,33.5,10.0,335.0,Cash,Online,2023-02-22,False,1677024000
TXN_8926156,CUST_11,Milk Products,Item_7_MILK,14.0,5.0,70.0,Digital Wallet,In-store,2025-01-15,True,1736899200
TXN_6083342,CUST_13,Beverages,Item_2_BEV,6.5,6.0,39.0,Credit Card,In-store,2024-09-16,False,1726444800
TXN_7049257,CUST_17,Computers and electric accessories,Item_2_CEA,6.5,6.0,39.0,Digital Wallet,Online,2023-05-22,False,1684713600
TXN_6900977,CUST_13,Beverages,Item_16_BEV,27.5,7.0,192.5,Cash,Online,2022-01-26,False,1643155200
TXN_6200475,CUST_14,Electric household essentials,Item_12_EHE,21.5,6.0,129.0,Cash,In-store,2024-05-10,True,1715299200
TXN_2172498,CUST_08,Computers and electric accessories,Item_16_CEA,27.5,7.0,192.5,Digital Wallet,Online,2023-10-13,False,1697155200
TXN_8562933,CUST_22,Beverages,Item_14_BEV,24.5,8.0,196.0,Cash,Online,2024-06-23,True,1719100800
TXN_8918509,CUST_14,Butchers,Item_21_BUT,35.0,8.0,280.0,Digital Wallet,Online,2024-08-16,False,1723766400
TXN_7695762,CUST_22,Beverages,Item_3_BEV,8.0,10.0,80.0,Cash,Online,2022-06-15,False,1655251200
TXN_7761795,CUST_24,Electric household essentials,Item_8_EHE,15.5,8.0,124.0,Cash,In-store,2022-09-02,True,1662076800
TXN_2991582,CUST_13,Furniture,Item_4_FUR,9.5,6.0,57.0,Digital Wallet,In-store,2023-02-28,False,1677542400
TXN_8044037,CUST_12,Milk Products,Item_3_MILK,8.0,10.0,80.0,Digital Wallet,In-store,2022-01-20,False,1642636800
TXN_7325981,CUST_06,Butchers,Item_22_BUT,36.5,7.0,255.5,Digital Wallet,In-store,2022-08-10,False,1660089600
TXN_7954030,CUST_21,Furniture,Item_6_FUR,12.5,9.0,112.5,Digital Wallet,Online,2024-10-05,True,1728086400
TXN_4371906,CUST_07,Electric household essentials,Item_20_EHE,33.5,6.0,201.0,Credit Card,In-store,2022-06-02,True,1654128000
TXN_2642292,CUST_08,Furniture,Item_21_FUR,35.0,5.0,175.0,Digital Wallet,Online,2023-10-01,False,1696118400
TXN_2143497,CUST_13,Electric household essentials,Item_18_EHE,30.5,10.0,305.0,Cash,In-store,2023-10-28,False,1698451200
TXN_1972818,CUST_01,Beverages,Item_22_BEV,36.5,4.0,146.0,Credit Card,In-store,2023-10-18,False,1697587200
TXN_7977213,CUST_09,Food,Item_22_FOOD,36.5,2.0,73.0,Digital Wallet,Online,2023-03-31,False,1680220800
TXN_6451411,CUST_22,Milk Products,Item_2_MILK,6.5,6.0,39.0,Credit Card,In-store,2023-12-31,False,1703980800
TXN_6722337,CUST_24,Beverages,Item_17_BEV,29.0,6.0,174.0,Credit Card,In-store,2022-11-25,True,1669334400
TXN_9220270,CUST_19,Furniture,Item_8_FUR,15.5,10.0,155.0,Digital Wallet,In-store,2024-12-24,True,1734998400
TXN_2621955,CUST_06,Butchers,Item_11_BUT,20.0,4.0,80.0,Digital Wallet,In-store,2024-08-21,True,1724198400
TXN_7572716,CUST_11,Patisserie,Item_7_PAT,14.0,8.0,112.0,Credit Card,Online,2022-04-10,True,1649548800
TXN_7833408,CUST_10,Patisserie,Item_20_PAT,33.5,2.0,67.0,Digital Wallet,In-store,2024-09-20,True,1726790400
TXN_4428473,CUST_04,Electric household essentials,Item_25_EHE,41.0,10.0,410.0,Digital Wallet,In-store,2022-07-28,True,1658966400
TXN_9773944,CUST_24,Milk Products,Item_14_MILK,24.5,5.0,122.5,Cash,In-store,2023-10-21,False,1697846400
TXN_8810408,CUST_16,Patisserie,Item_12_PAT,21.5,7.0,150.5,Credit Card,Online,2022-08-15,False,1660521600
TXN_3971462,CUST_20,Butchers,Item_16_BUT,27.5,10.0,275.0,Cash,Online,2024-03-23,True,1711152000
TXN_9957726,CUST_25,Butchers,Item_12_BUT,21.5,1.0,21.5,Digital Wallet,In-store,2022-06-22,False,1655856000
TXN_1472126,CUST_19,Food,Item_21_FOOD,35.0,5.0,175.0,Credit Card,Online,2023-07-10,False,1688947200
TXN_1873507,CUST_24,Beverages,Item_2_BEV,6.5,3.0,19.5,Digital Wallet,Online,2022-06-24,False,1656028800
TXN_5843541,CUST_10,Patisserie,Item_6_PAT,12.5,8.0,100.0,Credit Card,In-store,2023-12-04,False,1701648000
TXN_6220248,CUST_11,Furniture,Item_10_FUR,18.5,9.0,166.5,Credit Card,Online,2023-04-16,False,1681603200
TXN_5700321,CUST_09,Computers and electric accessories,Item_13_CEA,23.0,7.0,161.0,Cash,In-store,2022-08-25,True,1661385600
TXN_7650764,CUST_08,Furniture,Item_2_FUR,6.5,5.0,32.5,Cash,Online,2023-10-07,True,1696636800
TXN_5313408,CUST_04,Food,Item_9_FOOD,17.0,3.0,51.0,Credit Card,In-store,2023-12-04,True,1701648000
TXN_9487352,CUST_14,Butchers,Item_23_BUT,38.0,5.0,190.0,Digital Wallet,In-store,2023-11-13,True,1699833600
TXN_7236125,CUST_12,Electric household essentials,Item_12_EHE,21.5,9.0,193.5,Cash,In-store,2022-01-31,False,1643587200
TXN_6420801,CUST_17,Butchers,Item_3_BUT,8.0,7.0,56.0,Digital Wallet,In-store,2024-03-10,False,1710028800
TXN_3890522,CUST_08,Butchers,Item_11_BUT,20.0,6.0,120.0,Digital Wallet,In-store,2023-02-15,True,1676419200
TXN_7797943,CUST_13,Food,Item_5_FOOD,11.0,6.0,66.0,Digital Wallet,In-store,2024-05-15,True,1715731200
TXN_6117863,CUST_12,Furniture,Item_25_FUR,41.0,3.0,123.0,Digital Wallet,In-store,2022-10-10,False,1665360000
TXN_7581358,CUST_07,Milk Products,Item_11_MILK,20.0,8.0,160.0,Cash,Online,2024-07-18,True,1721260800
TXN_8586265,CUST_14,Milk Products,Item_7_MILK,14.0,1.0,14.0,Digital Wallet,In-store,2023-03-03,True,1677801600
TXN_3450219,CUST_12,Beverages,Item_12_BEV,21.5,9.0,193.5,Digital Wallet,In-store,2023-01-16,True,1673827200
TXN_7688823,CUST_21,Furniture,Item_8_FUR,15.5,9.0,139.5,Credit Card,Online,2023-09-29,True,1695945600
TXN_6462918,CUST_07,Electric household essentials,Item_6_EHE,12.5,7.0,87.5,Digital Wallet,In-store,2024-04-15,True,1713139200
TXN_5557152,CUST_06,Food,Item_9_FOOD,17.0,7.0,119.0,Credit Card,Online,2022-11-09,False,1667952000
TXN_2796969,CUST_08,Electric household essentials,Item_4_EHE,9.5,9.0,85.5,Cash,Online,2023-12-16,False,1702684800
TXN_4395524,CUST_17,Computers and electric accessories,Item_13_CEA,23.0,6.0,138.0,Digital Wallet,In-store,2023-01-08,False,1673136000
TXN_4672148,CUST_01,Furniture,Item_15_FUR,26.0,5.0,130.0,Cash,Online,2023-08-29,True,1693267200
TXN_7915725,CUST_15,Butchers,Item_17_BUT,29.0,9.0,261.0,Credit Card,In-store,2022-08-25,False,1661385600
TXN_2707271,CUST_20,Computers and electric accessories,Item_23_CEA,38.0,1.0,38.0,Digital Wallet,In-store,2022-03-15,False,1647302400
TXN_2365443,CUST_07,Food,Item_5_FOOD,11.0,9.0,99.0,Digital Wallet,In-store,2024-04-25,False,1714003200
TXN_8956524,CUST_05,Beverages,Item_16_BEV,27.5,9.0,247.5,Credit Card,Online,2022-12-10,True,1670630400
TXN_1177301,CUST_09,Patisserie,Item_20_PAT,33.5,6.0,201.0,Cash,Online,2022-04-08,True,1649376000
TXN_2881650,CUST_22,Computers and electric accessories,Item_19_CEA,32.0,3.0,96.0,Credit Card,Online,2022-03-27,True,1648339200
TXN_1669980,CUST_12,Computers and electric accessories,Item_20_CEA,33.5,4.0,134.0,Credit Card,Online,2024-01-26,False,1706227200
TXN_7117073,CUST_18,Beverages,Item_8_BEV,15.5,6.0,93.0,Digital Wallet,Online,2023-12-07,True,1701907200
TXN_2168603,CUST_16,Electric household essentials,Item_5_EHE,11.0,2.0,22.0,Digital Wallet,In-store,2023-07-23,True,1690070400
TXN_4363368,CUST_15,Computers and electric accessories,Item_9_CEA,17.0,4.0,68.0,Digital Wallet,Online,2023-09-01,True,1693526400
TXN_5762331,CUST_24,Beverages,Item_14_BEV,24.5,5.0,122.5,Digital Wallet,Online,2022-12-31,False,1672444800
TXN_5880645,CUST_25,Beverages,Item_19_BEV,32.0,5.0,160.0,Digital Wallet,Online,2024-09-22,True,1726963200
TXN_4880074,CUST_05,Furniture,Item_11_FUR,20.0,1.0,20.0,Credit Card,Online,2023-11-17,True,1700179200
TXN_5916658,CUST_11,Milk Products,Item_17_MILK,29.0,2.0,58.0,Digital Wallet,In-store,2024-05-11,False,1715385600
TXN_4202877,CUST_17,Milk Products,Item_1_MILK,5.0,5.0,25.0,Digital Wallet,In-store,2023-12-17,True,1702771200
TXN_7023913,CUST_02,Electric household essentials,Item_2_EHE,6.5,6.0,39.0,Digital Wallet,Online,2023-10-15,True,1697328000
TXN_7836176,CUST_22,Furniture,Item_25_FUR,41.0,5.0,205.0,Digital Wallet,In-store,2023-09-21,True,1695254400
TXN_9491535,CUST_04,Electric household essentials,Item_13_EHE,23.0,4.0,92.0,Credit Card,Online,2023-02-17,True,1676592000
TXN_6484421,CUST_08,Food,Item_6_FOOD,12.5,9.0,112.5,Digital Wallet,In-store,2022-11-06,False,1667692800
TXN_5762742,CUST_10,Milk Products,Item_6_MILK,12.5,4.0,50.0,Cash,In-store,2022-11-19,True,1668816000
TXN_2573095,CUST_23,Computers and electric accessories,Item_19_CEA,32.0,4.0,128.0,Cash,In-store,2023-11-18,False,1700265600
TXN_4243879,CUST_19,Beverages,Item_7_BEV,14.0,10.0,140.0,Cash,In-store,2022-07-09,True,1657324800
TXN_7236522,CUST_03,Electric household essentials,Item_11_EHE,20.0,9.0,180.0,Digital Wallet,Online,2022-09-18,False,1663459200
TXN_4491503,CUST_10,Milk Products,Item_23_MILK,38.0,2.0,76.0,Digital Wallet,In-store,2024-05-31,False,1717113600
TXN_7859035,CUST_17,Beverages,Item_20_BEV,33.5,7.0,234.5,Credit Card,Online,2022-11-22,False,1669075200
TXN_6381262,CUST_05,Electric household essentials,Item_20_EHE,33.5,8.0,268.0,Cash,Online,2024-06-05,True,1717545600
TXN_8449990,CUST_12,Butchers,Item_20_BUT,33.5,3.0,100.5,Digital Wallet,In-store,2025-01-02,True,1735776000
TXN_2458089,CUST_16,Butchers,Item_5_BUT,11.0,8.0,88.0,Credit Card,In-store,2023-10-23,False,1698019200
TXN_4996657,CUST_12,Food,Item_6_FOOD,12.5,6.0,75.0,Digital Wallet,Online,2022-07-31,False,1659225600
TXN_2026129,CUST_06,Computers and electric accessories,Item_12_CEA,21.5,2.0,43.0,Credit Card,In-store,2022-11-10,False,1668038400
TXN_6598342,CUST_06,Computers and electric accessories,Item_8_CEA,15.5,10.0,155.0,Cash,Online,2024-04-19,True,1713484800
TXN_1694877,CUST_05,Beverages,Item_8_BEV,15.5,6.0,93.0,Digital Wallet,Online,2023-08-22,True,1692662400
TXN_6710021,CUST_02,Furniture,Item_9_FUR,17.0,7.0,119.0,Credit Card,Online,2022-05-21,True,1653091200
TXN_4270988,CUST_13,Milk Products,Item_23_MILK,38.0,1.0,38.0,Cash,Online,2023-09-27,True,1695772800
TXN_5835918,CUST_11,Patisserie,Item_20_PAT,33.5,9.0,301.5,Digital Wallet,Online,2024-11-06,True,1730851200
TXN_9608154,CUST_11,Milk Products,Item_19_MILK,32.0,10.0,320.0,Credit Card,Online,2024-09-04,True,1725408000
TXN_6787154,CUST_25,Butchers,Item_2_BUT,6.5,7.0,45.5,Cash,Online,2022-04-20,True,1650412800
TXN_7138836,CUST_11,Beverages,Item_20_BEV,33.5,4.0,134.0,Digital Wallet,Online,2023-05-21,False,1684627200
TXN_6568290,CUST_06,Computers and electric accessories,Item_10_CEA,18.5,9.0,166.5,Cash,In-store,2024-09-05,False,1725494400
TXN_6820010,CUST_19,Milk Products,Item_22_MILK,36.5,1.0,36.5,Digital Wallet,Online,2024-09-29,False,1727568000
TXN_3162108,CUST_08,Food,Item_4_FOOD,9.5,3.0,28.5,Credit Card,In-store,2024-04-21,True,1713657600
TXN_3262413,CUST_07,Beverages,Item_2_BEV,6.5,4.0,26.0,Cash,In-store,2024-01-12,False,1705017600
TXN_6620511,CUST_07,Furniture,Item_23_FUR,38.0,3.0,114.0,Cash,In-store,2022-07-29,False,1659052800
TXN_7066735,CUST_10,Beverages,Item_20_BEV,33.5,2.0,67.0,Cash,Online,2023-05-13,False,1683936000
TXN_4068594,CUST_24,Computers and electric accessories,Item_13_CEA,23.0,3.0,69.0,Cash,Online,2022-01-18,True,1642464000
TXN_8920500,CUST_20,Beverages,Item_19_BEV,32.0,6.0,192.0,Credit Card,In-store,2022-01-18,True,1642464000
TXN_3865439,CUST_12,Milk Products,Item_8_MILK,15.5,8.0,124.0,Digital Wallet,In-store,2024-05-04,False,1714780800
TXN_3918627,CUST_01,Milk Products,Item_11_MILK,20.0,3.0,60.0,Cash,Online,2022-02-11,True,1644537600
TXN_6501945,CUST_25,Patisserie,Item_10_PAT,18.5,5.0,92.5,Digital Wallet,In-store,2023-12-03,False,1701561600
TXN_8784908,CUST_17,Electric household essentials,Item_25_EHE,41.0,6.0,246.0,Cash,In-store,2023-07-20,False,1689811200
TXN_3370472,CUST_12,Furniture,Item_24_FUR,39.5,9.0,355.5,Credit Card,In-store,2024-03-08,False,1709856000
TXN_3992566,CUST_03,Beverages,Item_19_BEV,32.0,8.0,256.0,Cash,In-store,2024-05-14,False,1715644800
TXN_8206691,CUST_06,Electric household essentials,Item_2_EHE,6.5,2.0,13.0,Credit Card,Online,2022-07-01,True,1656633600
TXN_6320451,CUST_02,Furniture,Item_23_FUR,38.0,9.0,342.0,Digital Wallet,In-store,2024-01-12,False,1705017600
TXN_6478731,CUST_15,Furniture,Item_6_FUR,12.5,6.0,75.0,Digital Wallet,Online,2022-02-21,False,1645401600
TXN_5811160,CUST_09,Furniture,Item_17_FUR,29.0,8.0,232.0,Credit Card,Online,2023-01-30,True,1675036800
TXN_7206264,CUST_20,Computers and electric accessories,Item_15_CEA,26.0,7.0,182.0,Cash,In-store,2025-01-08,True,1736294400
TXN_2277445,CUST_20,Milk Products,Item_24_MILK,39.5,3.0,118.5,Digital Wallet,Online,2022-05-14,True,1652486400
TXN_4126711,CUST_15,Butchers,Item_20_BUT,33.5,9.0,301.5,Digital Wallet,In-store,2023-07-09,True,1688860800
TXN_2663819,CUST_08,Food,Item_13_FOOD,23.0,10.0,230.0,Credit Card,In-store,2024-03-31,True,1711843200
TXN_8165820,CUST_03,Milk Products,Item_16_MILK,27.5,5.0,137.5,Cash,In-store,2024-04-23,False,1713830400
TXN_3026219,CUST_02,Electric household essentials,Item_18_EHE,30.5,4.0,122.0,Credit Card,In-store,2023-08-18,False,1692316800
TXN_1709795,CUST_21,Butchers,Item_3_BUT,8.0,5.0,40.0,Cash,Online,2024-10-17,True,1729123200
TXN_8053690,CUST_01,Beverages,Item_2_BEV,6.5,2.0,13.0,Digital Wallet,In-store,2024-04-21,False,1713657600
TXN_5011602,CUST_11,Computers and electric accessories,Item_20_CEA,33.5,1.0,33.5,Digital Wallet,In-store,2024-05-11,False,1715385600
TXN_7539151,CUST_20,Milk Products,Item_16_MILK,27.5,7.0,192.5,Cash,In-store,2022-07-21,False,1658361600
TXN_7081940,CUST_03,Milk Products,Item_17_MILK,29.0,5.0,145.0,Digital Wallet,In-store,2022-06-07,False,1654560000
TXN_8364453,CUST_08,Butchers,Item_22_BUT,36.5,3.0,109.5,Cash,Online,2023-02-28,True,1677542400
TXN_5596069,CUST_08,Electric household essentials,Item_6_EHE,12.5,6.0,75.0,Cash,Online,2024-06-04,False,1717459200
TXN_1935654,CUST_20,Computers and electric accessories,Item_15_CEA,26.0,7.0,182.0,Credit Card,In-store,2023-04-19,True,1681862400
TXN_2587368,CUST_01,Computers and electric accessories,Item_17_CEA,29.0,1.0,29.0,Credit Card,Online,2022-01-28,True,1643328000
TXN_4181548,CUST_02,Furniture,Item_2_FUR,6.5,9.0,58.5,Cash,In-store,2023-03-19,True,1679184000
TXN_1237218,CUST_10,Electric household essentials,Item_15_EHE,26.0,3.0,78.0,Cash,In-store,2022-11-21,True,1668988800
TXN_5401881,CUST_22,Beverages,Item_10_BEV,18.5,4.0,74.0,Cash,In-store,2022-06-13,False,1655078400
TXN_3756526,CUST_08,Butchers,Item_11_BUT,20.0,9.0,180.0,Credit Card,In-store,2024-01-13,False,1705104000
TXN_7415381,CUST_20,Patisserie,Item_22_PAT,36.5,1.0,36.5,Cash,In-store,2024-09-12,False,1726099200
TXN_6323263,CUST_22,Milk Products,Item_13_MILK,23.0,10.0,230.0,Cash,In-store,2024-09-01,False,1725148800
TXN_7301327,CUST_13,Furniture,Item_11_FUR,20.0,6.0,120.0,Credit Card,In-store,2023-06-27,True,1687824000
TXN_2894776,CUST_14,Electric household essentials,Item_22_EHE,36.5,3.0,109.5,Cash,In-store,2023-07-05,True,1688515200
TXN_8977030,CUST_09,Beverages,Item_12_BEV,21.5,5.0,107.5,Cash,Online,2023-11-22,True,1700611200
TXN_1586094,CUST_24,Computers and electric accessories,Item_12_CEA,21.5,6.0,129.0,Digital Wallet,Online,2024-09-06,False,1725580800
TXN_7662986,CUST_12,Electric household essentials,Item_17_EHE,29.0,10.0,290.0,Digital Wallet,In-store,2023-01-08,True,1673136000
TXN_6891125,CUST_03,Electric household essentials,Item_8_EHE,15.5,9.0,139.5,Digital Wallet,In-store,2024-01-16,False,1705363200
TXN_9643751,CUST_08,Food,Item_20_FOOD,33.5,8.0,268.0,Credit Card,In-store,2023-11-18,True,1700265600
TXN_3393629,CUST_06,Food,Item_4_FOOD,9.5,3.0,28.5,Digital Wallet,In-store,2023-06-24,True,1687564800
TXN_1564062,CUST_17,Computers and electric accessories,Item_15_CEA,26.0,5.0,130.0,Cash,Online,2023-04-28,True,1682640000
TXN_4318867,CUST_09,Computers and electric accessories,Item_19_CEA,32.0,1.0,32.0,Digital Wallet,In-store,2023-07-15,True,1689379200
TXN_7740400,CUST_02,Food,Item_21_FOOD,35.0,7.0,245.0,Credit Card,In-store,2023-09-21,True,1695254400
TXN_2491068,CUST_09,Butchers,Item_7_BUT,14.0,5.0,70.0,Cash,In-store,2022-12-29,False,1672272000
TXN_6287445,CUST_19,Butchers,Item_25_BUT,41.0,4.0,164.0,Cash,Online,2024-04-27,False,1714176000
TXN_8799969,CUST_04,Computers and electric accessories,Item_9_CEA,17.0,10.0,170.0,Cash,Online,2024-05-16,False,1715817600
TXN_1372376,CUST_03,Electric household essentials,Item_25_EHE,41.0,3.0,123.0,Cash,In-store,2023-10-26,True,1698278400
TXN_4671284,CUST_25,Computers and electric accessories,Item_6_CEA,12.5,9.0,112.5,Cash,In-store,2023-12-07,False,1701907200
TXN_1662299,CUST_04,Beverages,Item_4_BEV,9.5,7.0,66.5,Digital Wallet,Online,2023-01-09,True,1673222400
TXN_4034624,CUST_09,Patisserie,Item_19_PAT,32.0,4.0,128.0,Cash,Online,2023-12-23,False,1703289600
TXN_8630147,CUST_11,Furniture,Item_11_FUR,20.0,10.0,200.0,Cash,In-store,2024-02-28,True,1709078400
TXN_4856537,CUST_07,Butchers,Item_3_BUT,8.0,1.0,8.0,Cash,In-store,2022-05-17,True,1652745600
TXN_2409789,CUST_20,Beverages,Item_11_BEV,20.0,6.0,120.0,Credit Card,In-store,2023-06-15,True,1686787200
TXN_2219980,CUST_05,Patisserie,Item_14_PAT,24.5,5.0,122.5,Digital Wallet,In-store,2024-12-05,False,1733356800
TXN_7783487,CUST_13,Food,Item_13_FOOD,23.0,9.0,207.0,Credit Card,Online,2024-02-19,False,1708300800
TXN_6412787,CUST_11,Patisserie,Item_12_PAT,21.5,2.0,43.0,Digital Wallet,Online,2023-04-06,False,1680739200
TXN_3845165,CUST_10,Computers and electric accessories,Item_16_CEA,27.5,10.0,275.0,Cash,Online,2022-11-21,True,1668988800
TXN_2997948,CUST_15,Beverages,Item_22_BEV,36.5,4.0,146.0,Cash,In-store,2022-11-16,False,1668556800
TXN_3731020,CUST_14,Milk Products,Item_8_MILK,15.5,5.0,77.5,Digital Wallet,In-store,2022-03-19,True,1647648000
TXN_3940160,CUST_13,Patisserie,Item_8_PAT,15.5,8.0,124.0,Cash,Online,2022-07-13,True,1657670400
TXN_6494793,CUST_01,Computers and electric accessories,Item_22_CEA,36.5,7.0,255.5,Digital Wallet,Online,2023-07-16,False,1689465600
TXN_6179719,CUST_08,Computers and electric accessories,Item_6_CEA,12.5,4.0,50.0,Digital Wallet,In-store,2022-03-29,False,1648512000
TXN_7889556,CUST_18,Electric household essentials,Item_5_EHE,11.0,5.0,55.0,Credit Card,Online,2022-07-23,True,1658534400
TXN_9026058,CUST_01,Food,Item_9_FOOD,17.0,8.0,136.0,Digital Wallet,In-store,2024-12-12,True,1733961600
TXN_9377315,CUST_06,Furniture,Item_24_FUR,39.5,10.0,395.0,Credit Card,In-store,2023-03-28,False,1679961600
TXN_8015772,CUST_23,Patisserie,Item_11_PAT,20.0,2.0,40.0,Cash,In-store,2025-01-08,False,1736294400
TXN_7829243,CUST_17,Patisserie,Item_6_PAT,12.5,9.0,112.5,Cash,In-store,2022-11-29,True,1669680000
TXN_2569890,CUST_22,Electric household essentials,Item_13_EHE,23.0,8.0,184.0,Digital Wallet,Online,2024-09-19,False,1726704000
TXN_6970370,CUST_24,Patisserie,Item_8_PAT,15.5,9.0,139.5,Credit Card,Online,2023-06-08,False,1686182400
TXN_7710993,CUST_17,Patisserie,Item_14_PAT,24.5,1.0,24.5,Digital Wallet,In-store,2023-10-23,True,1698019200
TXN_2543221,CUST_12,Milk Products,Item_16_MILK,27.5,5.0,137.5,Credit Card,In-store,2023-02-16,True,1676505600
TXN_6027222,CUST_18,Food,Item_25_FOOD,41.0,2.0,82.0,Digital Wallet,In-store,2024-06-10,False,1717977600
TXN_2749140,CUST_14,Butchers,Item_12_BUT,21.5,1.0,21.5,Digital Wallet,In-store,2022-03-06,False,1646524800
TXN_2485793,CUST_20,Beverages,Item_25_BEV,41.0,2.0,82.0,Cash,In-store,2023-06-07,True,1686096000
TXN_7534544,CUST_03,Butchers,Item_11_BUT,20.0,1.0,20.0,Digital Wallet,Online,2022-08-14,False,1660435200
TXN_3816125,CUST_13,Patisserie,Item_11_PAT,20.0,3.0,60.0,Cash,In-store,2024-10-02,False,1727827200
TXN_6467014,CUST_02,Milk Products,Item_2_MILK,6.5,9.0,58.5,Credit Card,Online,2023-08-06,True,1691280000
TXN_8031867,CUST_10,Milk Products,Item_11_MILK,20.0,1.0,20.0,Digital Wallet,In-store,2022-01-10,True,1641772800
TXN_6720124,CUST_09,Computers and electric accessories,Item_14_CEA,24.5,8.0,196.0,Digital Wallet,In-store,2022-07-19,False,1658188800
TXN_5216018,CUST_08,Furniture,Item_25_FUR,41.0,1.0,41.0,Cash,In-store,2022-09-26,False,1664150400
TXN_8896457,CUST_20,Beverages,Item_24_BEV,39.5,5.0,197.5,Digital Wallet,In-store,2024-06-29,True,1719619200
TXN_8199497,CUST_18,Furniture,Item_20_FUR,33.5,4.0,134.0,Cash,In-store,2022-01-11,False,1641859200
TXN_4379762,CUST_17,Butchers,Item_23_BUT,38.0,6.0,228.0,Credit Card,Online,2024-08-06,True,1722902400
TXN_3608682,CUST_24,Computers and electric accessories,Item_2_CEA,6.5,1.0,6.5,Cash,In-store,2024-07-25,True,1721865600
TXN_3231808,CUST_22,Butchers,Item_18_BUT,30.5,9.0,274.5,Digital Wallet,In-store,2024-02-16,True,1708041600
TXN_9404072,CUST_10,Electric household essentials,Item_6_EHE,12.5,4.0,50.0,Credit Card,Online,2022-05-05,False,1651708800
TXN_3205425,CUST_07,Patisserie,Item_12_PAT,21.5,5.0,107.5,Credit Card,Online,2023-08-22,True,1692662400
TXN_9621491,CUST_16,Electric household essentials,Item_21_EHE,35.0,3.0,105.0,Cash,Online,2023-02-19,False,1676764800
TXN_6765122,CUST_10,Furniture,Item_6_FUR,12.5,4.0,50.0,Credit Card,In-store,2025-01-05,False,1736035200
TXN_1305845,CUST_01,Beverages,Item_2_BEV,6.5,6.0,39.0,Digital Wallet,Online,2024-12-17,True,1734393600
TXN_2991837,CUST_22,Beverages,Item_8_BEV,15.5,7.0,108.5,Cash,In-store,2024-05-31,True,1717113600
TXN_4644013,CUST_25,Patisserie,Item_8_PAT,15.5,4.0,62.0,Credit Card,In-store,2023-03-31,False,1680220800
TXN_5523804,CUST_09,Electric household essentials,Item_20_EHE,33.5,6.0,201.0,Cash,In-store,2023-05-07,True,1683417600
TXN_2197774,CUST_04,Food,Item_20_FOOD,33.5,5.0,167.5,Credit Card,Online,2023-07-25,False,1690243200
TXN_8140334,CUST_07,Furniture,Item_24_FUR,39.5,3.0,118.5,Digital Wallet,Online,2024-10-26,True,1729900800
TXN_9271260,CUST_05,Beverages,Item_8_BEV,15.5,7.0,108.5,Digital Wallet,Online,2022-10-07,False,1665100800
TXN_3856063,CUST_18,Food,Item_14_FOOD,24.5,5.0,122.5,Digital Wallet,In-store,2023-11-25,True,1700870400
TXN_3816500,CUST_07,Food,Item_3_FOOD,8.0,8.0,64.0,Digital Wallet,Online,2022-02-16,True,1644969600
TXN_2510100,CUST_22,Food,Item_20_FOOD,33.5,1.0,33.5,Cash,Online,2022-09-04,True,1662249600
TXN_4356714,CUST_23,Computers and electric accessories,Item_6_CEA,12.5,8.0,100.0,Cash,Online,2023-11-24,True,1700784000
TXN_2017094,CUST_11,Patisserie,Item_17_PAT,29.0,7.0,203.0,Cash,In-store,2022-02-20,False,1645315200
TXN_3521280,CUST_17,Beverages,Item_16_BEV,27.5,9.0,247.5,Digital Wallet,Online,2022-01-22,True,1642809600
TXN_9554941,CUST_15,Patisserie,Item_13_PAT,23.0,6.0,138.0,Digital Wallet,Online,2024-08-17,True,1723852800
TXN_4404066,CUST_02,Milk Products,Item_13_MILK,23.0,2.0,46.0,Credit Card,Online,2023-05-15,True,1684108800
TXN_2209308,CUST_15,Electric household essentials,Item_17_EHE,29.0,9.0,261.0,Cash,Online,2023-05-23,True,1684800000
TXN_9489720,CUST_23,Milk Products,Item_7_MILK,14.0,2.0,28.0,Digital Wallet,Online,2023-04-01,True,1680307200
TXN_9014397,CUST_19,Electric household essentials,Item_15_EHE,26.0,3.0,78.0,Credit Card,Online,2022-04-22,True,1650585600
TXN_8144925,CUST_15,Food,Item_9_FOOD,17.0,10.0,170.0,Cash,Online,2022-01-14,True,1642118400
TXN_4064394,CUST_04,Electric household essentials,Item_23_EHE,38.0,8.0,304.0,Credit Card,In-store,2023-09-07,True,1694044800
TXN_7888046,CUST_24,Milk Products,Item_22_MILK,36.5,3.0,109.5,Digital Wallet,In-store,2023-10-22,False,1697932800
TXN_4506615,CUST_10,Butchers,Item_12_BUT,21.5,3.0,64.5,Credit Card,In-store,2022-05-29,False,1653782400
TXN_7239667,CUST_19,Patisserie,Item_16_PAT,27.5,10.0,275.0,Cash,In-store,2023-01-08,False,1673136000
TXN_4299995,CUST_22,Furniture,Item_5_FUR,11.0,8.0,88.0,Credit Card,In-store,2022-06-28,True,1656374400
TXN_7107517,CUST_16,Butchers,Item_12_BUT,21.5,9.0,193.5,Digital Wallet,Online,2024-01-19,True,1705622400
TXN_3195860,CUST_17,Milk Products,Item_22_MILK,36.5,1.0,36.5,Cash,Online,2022-08-05,False,1659657600
TXN_3878711,CUST_21,Beverages,Item_22_BEV,36.5,5.0,182.5,Cash,In-store,2022-07-22,True,1658448000
TXN_4871817,CUST_25,Patisserie,Item_15_PAT,26.0,9.0,234.0,Cash,In-store,2022-10-01,False,1664582400
TXN_2285773,CUST_04,Computers and electric accessories,Item_5_CEA,11.0,4.0,44.0,Digital Wallet,In-store,2024-05-26,True,1716681600
TXN_9357539,CUST_14,Food,Item_20_FOOD,33.5,1.0,33.5,Digital Wallet,In-store,2025-01-08,False,1736294400
TXN_9441394,CUST_21,Beverages,Item_7_BEV,14.0,1.0,14.0,Digital Wallet,Online,2022-02-12,True,1644624000
TXN_3298194,CUST_06,Furniture,Item_24_FUR,39.5,4.0,158.0,Credit Card,In-store,2023-02-10,False,1675987200
TXN_5558575,CUST_14,Food,Item_20_FOOD,33.5,1.0,33.5,Credit Card,In-store,2023-08-24,True,1692835200
TXN_8715500,CUST_03,Computers and electric accessories,Item_9_CEA,17.0,10.0,170.0,Credit Card,Online,2023-02-18,True,1676678400
TXN_2577257,CUST_07,Computers and electric accessories,Item_10_CEA,18.5,8.0,148.0,Cash,In-store,2023-10-28,False,1698451200
TXN_5384743,CUST_19,Electric household essentials,Item_19_EHE,32.0,8.0,256.0,Credit Card,Online,2024-04-08,False,1712534400
TXN_6483370,CUST_25,Food,Item_21_FOOD,35.0,2.0,70.0,Credit Card,Online,2023-06-21,False,1687305600
TXN_9026093,CUST_21,Computers and electric accessories,Item_14_CEA,24.5,1.0,24.5,Cash,Online,2024-01-04,True,1704326400
TXN_8804764,CUST_02,Beverages,Item_12_BEV,21.5,9.0,193.5,Credit Card,Online,2025-01-16,True,1736985600
TXN_8845178,CUST_15,Furniture,Item_15_FUR,26.0,3.0,78.0,Digital Wallet,In-store,2023-09-16,False,1694822400
TXN_4862103,CUST_10,Butchers,Item_13_BUT,23.0,10.0,230.0,Credit Card,Online,2022-10-25,True,1666656000
TXN_7017227,CUST_23,Butchers,Item_19_BUT,32.0,10.0,320.0,Cash,In-store,2024-07-02,False,1719878400
TXN_3809776,CUST_25,Patisserie,Item_19_PAT,32.0,3.0,96.0,Cash,Online,2023-02-10,False,1675987200
TXN_4399010,CUST_11,Electric household essentials,Item_25_EHE,41.0,4.0,164.0,Digital Wallet,Online,2023-09-21,False,1695254400
TXN_6603773,CUST_11,Electric household essentials,Item_8_EHE,15.5,6.0,93.0,Digital Wallet,Online,2024-03-29,True,1711670400
TXN_9682433,CUST_16,Patisserie,Item_9_PAT,17.0,1.0,17.0,Credit Card,Online,2024-11-29,True,1732838400
TXN_5814800,CUST_11,Electric household essentials,Item_15_EHE,26.0,6.0,156.0,Digital Wallet,In-store,2024-08-13,True,1723507200
TXN_7682765,CUST_16,Electric household essentials,Item_15_EHE,26.0,3.0,78.0,Cash,Online,2023-07-29,True,1690588800
TXN_2570631,CUST_19,Patisserie,Item_1_PAT,5.0,6.0,30.0,Credit Card,Online,2024-12-23,False,1734912000
TXN_3975050,CUST_19,Patisserie,Item_9_PAT,17.0,8.0,136.0,Digital Wallet,Online,2024-09-29,False,1727568000
TXN_9532815,CUST_17,Milk Products,Item_6_MILK,12.5,6.0,75.0,Credit Card,Online,2023-12-25,True,1703462400
TXN_9575437,CUST_02,Milk Products,Item_24_MILK,39.5,10.0,395.0,Credit Card,Online,2023-02-23,False,1677110400
TXN_2572509,CUST_13,Food,Item_20_FOOD,33.5,6.0,201.0,Credit Card,Online,2023-08-29,False,1693267200
TXN_4691878,CUST_10,Furniture,Item_25_FUR,41.0,3.0,123.0,Cash,Online,2024-02-11,True,1707609600
TXN_4989812,CUST_17,Milk Products,Item_6_MILK,12.5,8.0,100.0,Credit Card,Online,2023-12-26,False,1703548800
TXN_7382906,CUST_16,Beverages,Item_16_BEV,27.5,8.0,220.0,Cash,In-store,2024-12-07,False,1733529600
TXN_4361393,CUST_21,Patisserie,Item_9_PAT,17.0,6.0,102.0,Cash,Online,2024-12-14,False,1734134400
TXN_5939495,CUST_07,Electric household essentials,Item_20_EHE,33.5,3.0,100.5,Credit Card,In-store,2023-05-01,True,1682899200
TXN_7736317,CUST_09,Electric household essentials,Item_12_EHE,21.5,8.0,172.0,Digital Wallet,In-store,2023-09-08,False,1694131200
TXN_6644662,CUST_19,Food,Item_6_FOOD,12.5,9.0,112.5,Cash,Online,2022-07-25,False,1658707200
TXN_8356888,CUST_08,Beverages,Item_14_BEV,24.5,6.0,147.0,Credit Card,Online,2023-11-02,True,1698883200
TXN_9211870,CUST_25,Beverages,Item_19_BEV,32.0,10.0,320.0,Cash,Online,2024-09-30,True,1727654400
TXN_7455673,CUST_22,Butchers,Item_6_BUT,12.5,2.0,25.0,Cash,Online,2023-07-10,True,1688947200
TXN_6362597,CUST_22,Computers and electric accessories,Item_15_CEA,26.0,2.0,52.0,Credit Card,In-store,2023-02-05,True,1675555200
TXN_2595699,CUST_24,Beverages,Item_19_BEV,32.0,5.0,160.0,Credit Card,In-store,2022-06-16,False,1655337600
TXN_1318100,CUST_03,Furniture,Item_20_FUR,33.5,10.0,335.0,Cash,Online,2022-09-19,True,1663545600
TXN_6886294,CUST_16,Milk Products,Item_16_MILK,27.5,3.0,82.5,Digital Wallet,Online,2023-10-30,True,1698624000
TXN_6980255,CUST_01,Computers and electric accessories,Item_19_CEA,32.0,7.0,224.0,Digital Wallet,Online,2023-03-03,True,1677801600
TXN_4169525,CUST_12,Computers and electric accessories,Item_13_CEA,23.0,1.0,23.0,Cash,In-store,2024-10-20,False,1729382400
TXN_7280884,CUST_16,Furniture,Item_20_FUR,33.5,10.0,335.0,Cash,Online,2024-04-09,False,1712620800
TXN_6398385,CUST_20,Butchers,Item_20_BUT,33.5,5.0,167.5,Credit Card,In-store,2023-03-18,False,1679097600
TXN_7472179,CUST_04,Electric household essentials,Item_8_EHE,15.5,2.0,31.0,Digital Wallet,Online,2022-04-14,True,1649894400
TXN_8969383,CUST_18,Computers and electric accessories,Item_11_CEA,20.0,6.0,120.0,Digital Wallet,In-store,2024-08-21,True,1724198400
TXN_7254503,CUST_21,Patisserie,Item_4_PAT,9.5,6.0,57.0,Cash,Online,2024-12-31,False,1735603200
TXN_5761267,CUST_22,Computers and electric accessories,Item_23_CEA,38.0,7.0,266.0,Cash,In-store,2022-02-28,True,1646006400
TXN_6292001,CUST_22,Food,Item_10_FOOD,18.5,5.0,92.5,Credit Card,In-store,2023-10-21,True,1697846400
TXN_5612175,CUST_03,Food,Item_21_FOOD,35.0,2.0,70.0,Cash,Online,2025-01-16,True,1736985600
TXN_6226129,CUST_24,Computers and electric accessories,Item_7_CEA,14.0,3.0,42.0,Digital Wallet,In-store,2022-07-16,True,1657929600
TXN_4288023,CUST_06,Furniture,Item_19_FUR,32.0,1.0,32.0,Cash,In-store,2023-05-04,True,1683158400
TXN_6845708,CUST_13,Butchers,Item_2_BUT,6.5,6.0,39.0,Digital Wallet,Online,2024-07-18,True,1721260800
TXN_4943330,CUST_07,Beverages,Item_23_BEV,38.0,9.0,342.0,Digital Wallet,In-store,2023-07-14,True,1689292800
TXN_4920280,CUST_20,Food,Item_9_FOOD,17.0,8.0,136.0,Digital Wallet,In-store,2023-11-14,True,1699920000
TXN_9464343,CUST_09,Milk Products,Item_1_MILK,5.0,7.0,35.0,Digital Wallet,Online,2022-11-11,False,1668124800
TXN_3789637,CUST_20,Beverages,Item_20_BEV,33.5,4.0,134.0,Cash,Online,2024-02-04,False,1707004800
TXN_9779183,CUST_22,Furniture,Item_11_FUR,20.0,2.0,40.0,Credit Card,Online,2023-08-10,True,1691625600
TXN_7056129,CUST_08,Milk Products,Item_2_MILK,6.5,3.0,19.5,Cash,Online,2024-05-05,False,1714867200
TXN_2012777,CUST_12,Furniture,Item_10_FUR,18.5,6.0,111.0,Cash,In-store,2023-04-05,True,1680652800
TXN_2421640,CUST_21,Food,Item_11_FOOD,20.0,2.0,40.0,Cash,Online,2024-05-11,False,1715385600
TXN_4071358,CUST_10,Furniture,Item_20_FUR,33.5,6.0,201.0,Credit Card,Online,2024-01-13,False,1705104000
TXN_4295746,CUST_11,Electric household essentials,Item_23_EHE,38.0,3.0,114.0,Digital Wallet,Online,2023-05-03,True,1683072000
TXN_7764504,CUST_14,Milk Products,Item_7_MILK,14.0,2.0,28.0,Credit Card,In-store,2024-11-29,False,1732838400
TXN_8588500,CUST_17,Food,Item_20_FOOD,33.5,1.0,33.5,Digital Wallet,Online,2024-09-22,True,1726963200
TXN_7320060,CUST_06,Food,Item_8_FOOD,15.5,4.0,62.0,Cash,Online,2022-07-06,False,1657065600
TXN_7095216,CUST_15,Patisserie,Item_20_PAT,33.5,1.0,33.5,Digital Wallet,In-store,2023-05-24,False,1684886400
TXN_6383303,CUST_04,Butchers,Item_12_BUT,21.5,4.0,86.0,Cash,In-store,2022-08-18,True,1660780800
TXN_3601742,CUST_06,Electric household essentials,Item_19_EHE,32.0,9.0,288.0,Credit Card,Online,2022-11-05,False,1667606400
TXN_6452259,CUST_22,Beverages,Item_16_BEV,27.5,4.0,110.0,Cash,In-store,2023-04-25,True,1682380800
TXN_2379337,CUST_15,Milk Products,Item_18_MILK,30.5,8.0,244.0,Digital Wallet,In-store,2023-11-21,True,1700524800
TXN_8314850,CUST_06,Butchers,Item_4_BUT,9.5,1.0,9.5,Digital Wallet,Online,2023-05-20,True,1684540800
TXN_3066141,CUST_21,Furniture,Item_11_FUR,20.0,10.0,200.0,Digital Wallet,In-store,2024-01-20,True,1705708800
TXN_9341645,CUST_02,Food,Item_13_FOOD,23.0,5.0,115.0,Digital Wallet,In-store,2023-05-21,True,1684627200
TXN_4567181,CUST_08,Patisserie,Item_2_PAT,6.5,6.0,39.0,Credit Card,Online,2023-08-21,False,1692576000
TXN_7467643,CUST_19,Patisserie,Item_24_PAT,39.5,3.0,118.5,Cash,Online,2022-06-25,True,1656115200
TXN_2226551,CUST_24,Electric household essentials,Item_20_EHE,33.5,4.0,134.0,Digital Wallet,Online,2022-08-27,True,1661558400
TXN_8315289,CUST_02,Electric household essentials,Item_11_EHE,20.0,6.0,120.0,Cash,In-store,2023-07-02,True,1688256000
TXN_8760856,CUST_06,Furniture,Item_1_FUR,5.0,8.0,40.0,Cash,Online,2023-11-01,True,1698796800
TXN_6873651,CUST_05,Furniture,Item_11_FUR,20.0,7.0,140.0,Cash,Online,2024-08-21,True,1724198400
TXN_7078608,CUST_19,Electric household essentials,Item_9_EHE,17.0,10.0,170.0,Credit Card,In-store,2022-09-02,True,1662076800
TXN_1012276,CUST_16,Food,Item_21_FOOD,35.0,9.0,315.0,Cash,In-store,2024-11-14,True,1731542400
TXN_1508547,CUST_24,Computers and electric accessories,Item_10_CEA,18.5,5.0,92.5,Digital Wallet,Online,2023-06-21,False,1687305600
TXN_8971441,CUST_23,Furniture,Item_5_FUR,11.0,2.0,22.0,Credit Card,In-store,2024-11-27,True,1732665600
TXN_7101949,CUST_22,Butchers,Item_14_BUT,24.5,7.0,171.5,Credit Card,Online,2024-05-12,True,1715472000
TXN_3301108,CUST_19,Food,Item_13_FOOD,23.0,4.0,92.0,Cash,In-store,2024-12-22,True,1734825600
TXN_4437831,CUST_03,Milk Products,Item_7_MILK,14.0,1.0,14.0,Cash,In-store,2022-04-24,True,1650758400
TXN_3201793,CUST_20,Furniture,Item_19_FUR,32.0,5.0,160.0,Credit Card,In-store,2023-01-25,False,1674604800
TXN_4893741,CUST_02,Patisserie,Item_18_PAT,30.5,1.0,30.5,Digital Wallet,Online,2025-01-08,True,1736294400
TXN_7561812,CUST_11,Computers and electric accessories,Item_5_CEA,11.0,9.0,99.0,Cash,Online,2022-03-13,True,1647129600
TXN_7116689,CUST_12,Beverages,Item_18_BEV,30.5,3.0,91.5,Cash,In-store,2022-08-31,True,1661904000
TXN_9230065,CUST_10,Butchers,Item_25_BUT,41.0,6.0,246.0,Digital Wallet,In-store,2023-12-06,False,1701820800
TXN_6936789,CUST_17,Food,Item_11_FOOD,20.0,6.0,120.0,Cash,In-store,2022-12-22,True,1671667200
TXN_1664534,CUST_13,Milk Products,Item_4_MILK,9.5,3.0,28.5,Credit Card,Online,2023-04-04,True,1680566400
TXN_7750901,CUST_09,Food,Item_5_FOOD,11.0,6.0,66.0,Credit Card,In-store,2024-06-29,False,1719619200
TXN_8127453,CUST_07,Patisserie,Item_8_PAT,15.5,5.0,77.5,Cash,Online,2023-12-22,True,1703203200
TXN_2173572,CUST_07,Beverages,Item_21_BEV,35.0,4.0,140.0,Digital Wallet,In-store,2024-09-30,True,1727654400
TXN_2791670,CUST_04,Food,Item_5_FOOD,11.0,4.0,44.0,Credit Card,In-store,2022-06-20,True,1655683200
TXN_6745168,CUST_01,Butchers,Item_8_BUT,15.5,3.0,46.5,Digital Wallet,In-store,2024-08-17,True,1723852800
TXN_2651748,CUST_15,Food,Item_9_FOOD,17.0,8.0,136.0,Digital Wallet,In-store,2024-07-24,False,1721779200
TXN_9821519,CUST_10,Electric household essentials,Item_21_EHE,35.0,6.0,210.0,Digital Wallet,In-store,2022-06-07,True,1654560000
TXN_1434329,CUST_10,Beverages,Item_14_BEV,24.5,2.0,49.0,Credit Card,In-store,2024-08-19,False,1724025600
TXN_1265326,CUST_17,Furniture,Item_8_FUR,15.5,9.0,139.5,Cash,In-store,2024-04-22,True,1713744000
TXN_4176409,CUST_20,Butchers,Item_4_BUT,9.5,2.0,19.0,Cash,Online,2023-01-12,False,1673481600
TXN_2822564,CUST_05,Patisserie,Item_23_PAT,38.0,8.0,304.0,Credit Card,Online,2024-02-27,True,1708992000
TXN_3199773,CUST_18,Beverages,Item_4_BEV,9.5,6.0,57.0,Credit Card,Online,2024-12-07,False,1733529600
TXN_6450000,CUST_06,Patisserie,Item_23_PAT,38.0,10.0,380.0,Cash,In-store,2022-01-02,True,1641081600
TXN_2872093,CUST_14,Computers and electric accessories,Item_19_CEA,32.0,3.0,96.0,Digital Wallet,Online,2023-12-30,True,1703894400
TXN_8005357,CUST_19,Electric household essentials,Item_8_EHE,15.5,6.0,93.0,Cash,In-store,2022-08-19,True,1660867200
TXN_6947851,CUST_08,Beverages,Item_1_BEV,5.0,3.0,15.0,Digital Wallet,In-store,2023-07-09,True,1688860800
TXN_7028436,CUST_05,Milk Products,Item_23_MILK,38.0,4.0,152.0,Credit Card,In-store,2023-08-31,False,1693440000
TXN_2541183,CUST_16,Patisserie,Item_12_PAT,21.5,5.0,107.5,Cash,In-store,2024-07-20,True,1721433600
TXN_1289036,CUST_06,Milk Products,Item_11_MILK,20.0,4.0,80.0,Cash,In-store,2022-12-09,False,1670544000
TXN_1219680,CUST_14,Electric household essentials,Item_5_EHE,11.0,3.0,33.0,Credit Card,Online,2024-09-04,True,1725408000
TXN_2935001,CUST_25,Electric household essentials,Item_25_EHE,41.0,7.0,287.0,Cash,In-store,2024-11-12,True,1731369600
TXN_3644047,CUST_22,Furniture,Item_19_FUR,32.0,3.0,96.0,Digital Wallet,Online,2022-07-05,False,1656979200
TXN_6113342,CUST_23,Beverages,Item_1_BEV,5.0,9.0,45.0,Cash,Online,2023-01-05,True,1672876800
TXN_9397196,CUST_14,Furniture,Item_15_FUR,26.0,7.0,182.0,Digital Wallet,In-store,2023-03-29,False,1680048000
TXN_6727590,CUST_06,Computers and electric accessories,Item_10_CEA,18.5,6.0,111.0,Credit Card,Online,2024-01-30,False,1706572800
TXN_1392412,CUST_23,Butchers,Item_16_BUT,27.5,7.0,192.5,Credit Card,In-store,2022-06-13,True,1655078400
TXN_4975288,CUST_13,Patisserie,Item_17_PAT,29.0,7.0,203.0,Digital Wallet,In-store,2024-06-07,False,1717718400
TXN_6577096,CUST_05,Butchers,Item_22_BUT,36.5,2.0,73.0,Digital Wallet,Online,2022-06-01,True,1654041600
TXN_5948038,CUST_06,Computers and electric accessories,Item_17_CEA,29.0,1.0,29.0,Credit Card,Online,2023-04-15,False,1681516800
TXN_7345416,CUST_05,Milk Products,Item_11_MILK,20.0,5.0,100.0,Cash,Online,2024-02-25,True,1708819200
TXN_7840743,CUST_05,Patisserie,Item_5_PAT,11.0,3.0,33.0,Credit Card,Online,2024-09-30,False,1727654400
TXN_5217409,CUST_22,Milk Products,Item_25_MILK,41.0,1.0,41.0,Cash,In-store,2023-12-09,True,1702080000
TXN_4308632,CUST_15,Milk Products,Item_4_MILK,9.5,1.0,9.5,Digital Wallet,Online,2022-10-14,True,1665705600
TXN_5851222,CUST_07,Butchers,Item_16_BUT,27.5,8.0,220.0,Digital Wallet,Online,2023-07-16,True,1689465600
TXN_1574874,CUST_09,Electric household essentials,Item_8_EHE,15.5,8.0,124.0,Cash,In-store,2023-06-29,True,1687996800
TXN_5917033,CUST_23,Milk Products,Item_3_MILK,8.0,1.0,8.0,Credit Card,In-store,2022-01-14,True,1642118400
TXN_3950585,CUST_18,Beverages,Item_21_BEV,35.0,8.0,280.0,Credit Card,Online,2023-02-14,True,1676332800
TXN_3641566,CUST_10,Beverages,Item_15_BEV,26.0,5.0,130.0,Cash,Online,2023-10-28,True,1698451200
TXN_1089350,CUST_06,Computers and electric accessories,Item_17_CEA,29.0,9.0,261.0,Digital Wallet,In-store,2025-01-03,True,1735862400
TXN_2408868,CUST_02,Furniture,Item_6_FUR,12.5,5.0,62.5,Digital Wallet,Online,2023-05-16,True,1684195200
TXN_5978214,CUST_19,Beverages,Item_18_BEV,30.5,8.0,244.0,Cash,In-store,2024-06-06,False,1717632000
TXN_8240632,CUST_11,Milk Products,Item_1_MILK,5.0,1.0,5.0,Cash,In-store,2023-10-01,True,1696118400
TXN_5605251,CUST_13,Food,Item_6_FOOD,12.5,3.0,37.5,Cash,Online,2022-07-30,False,1659139200
TXN_4703862,CUST_11,Beverages,Item_24_BEV,39.5,2.0,79.0,Digital Wallet,In-store,2022-11-11,True,1668124800
TXN_3675138,CUST_10,Milk Products,Item_23_MILK,38.0,7.0,266.0,Digital Wallet,Online,2022-07-15,False,1657843200
TXN_9080405,CUST_05,Food,Item_11_FOOD,20.0,8.0,160.0,Credit Card,In-store,2022-07-15,False,1657843200
TXN_6984733,CUST_16,Furniture,Item_25_FUR,41.0,1.0,41.0,Cash,Online,2023-06-09,False,1686268800
TXN_8078608,CUST_07,Computers and electric accessories,Item_6_CEA,12.5,2.0,25.0,Credit Card,Online,2022-08-08,True,1659916800
TXN_4242984,CUST_17,Beverages,Item_7_BEV,14.0,1.0,14.0,Credit Card,In-store,2022-08-13,True,1660348800
TXN_2602980,CUST_21,Patisserie,Item_20_PAT,33.5,4.0,134.0,Cash,Online,2024-08-14,True,1723593600
TXN_2622199,CUST_16,Furniture,Item_7_FUR,14.0,4.0,56.0,Credit Card,In-store,2024-08-28,False,1724803200
TXN_9915285,CUST_05,Furniture,Item_16_FUR,27.5,10.0,275.0,Cash,In-store,2022-01-14,True,1642118400
TXN_4528114,CUST_04,Computers and electric accessories,Item_22_CEA,36.5,3.0,109.5,Digital Wallet,Online,2022-05-22,True,1653177600
TXN_2570092,CUST_25,Butchers,Item_22_BUT,36.5,3.0,109.5,Digital Wallet,Online,2023-02-10,False,1675987200
TXN_1983263,CUST_06,Electric household essentials,Item_2_EHE,6.5,2.0,13.0,Credit Card,In-store,2022-10-12,False,1665532800
TXN_6286103,CUST_13,Furniture,Item_8_FUR,15.5,3.0,46.5,Credit Card,In-store,2022-09-07,True,1662508800
TXN_2390056,CUST_04,Food,Item_14_FOOD,24.5,7.0,171.5,Credit Card,Online,2024-11-17,True,1731801600
TXN_8271625,CUST_21,Milk Products,Item_4_MILK,9.5,10.0,95.0,Digital Wallet,Online,2024-07-08,True,1720396800
TXN_9508915,CUST_16,Computers and electric accessories,Item_20_CEA,33.5,6.0,201.0,Credit Card,In-store,2022-06-07,True,1654560000
TXN_9355349,CUST_19,Butchers,Item_12_BUT,21.5,4.0,86.0,Cash,Online,2022-08-03,False,1659484800
TXN_8955481,CUST_07,Furniture,Item_7_FUR,14.0,9.0,126.0,Credit Card,In-store,2024-05-25,False,1716595200
TXN_6784148,CUST_07,Computers and electric accessories,Item_25_CEA,41.0,6.0,246.0,Cash,Online,2023-05-12,False,1683849600
TXN_1901951,CUST_23,Milk Products,Item_23_MILK,38.0,4.0,152.0,Digital Wallet,In-store,2023-08-17,True,1692230400
TXN_2021252,CUST_09,Food,Item_18_FOOD,30.5,1.0,30.5,Credit Card,In-store,2025-01-15,True,1736899200
TXN_7131796,CUST_14,Furniture,Item_6_FUR,12.5,6.0,75.0,Credit Card,Online,2024-10-30,True,1730246400
TXN_5819222,CUST_14,Milk Products,Item_20_MILK,33.5,1.0,33.5,Credit Card,In-store,2022-06-10,True,1654819200
TXN_7115676,CUST_18,Food,Item_12_FOOD,21.5,10.0,215.0,Digital Wallet,In-store,2023-01-31,False,1675123200
TXN_8879706,CUST_15,Patisserie,Item_16_PAT,27.5,8.0,220.0,Credit Card,In-store,2024-12-26,True,1735171200
TXN_2235747,CUST_12,Computers and electric accessories,Item_10_CEA,18.5,10.0,185.0,Credit Card,Online,2022-03-11,True,1646956800
TXN_4709320,CUST_14,Butchers,Item_23_BUT,38.0,2.0,76.0,Digital Wallet,In-store,2024-01-08,False,1704672000
TXN_7689517,CUST_03,Patisserie,Item_4_PAT,9.5,10.0,95.0,Digital Wallet,Online,2024-05-01,False,1714521600
TXN_2049292,CUST_23,Beverages,Item_9_BEV,17.0,9.0,153.0,Digital Wallet,Online,2022-04-17,False,1650153600
TXN_4299947,CUST_18,Butchers,Item_23_BUT,38.0,4.0,152.0,Digital Wallet,Online,2023-05-15,False,1684108800
TXN_9521709,CUST_12,Patisserie,Item_14_PAT,24.5,10.0,245.0,Cash,Online,2022-07-11,True,1657497600
TXN_9518180,CUST_02,Beverages,Item_17_BEV,29.0,7.0,203.0,Digital Wallet,In-store,2023-09-08,True,1694131200
TXN_1056560,CUST_22,Furniture,Item_6_FUR,12.5,6.0,75.0,Cash,In-store,2024-03-06,True,1709683200
TXN_4984186,CUST_01,Beverages,Item_25_BEV,41.0,1.0,41.0,Digital Wallet,Online,2023-07-11,False,1689033600
TXN_4926679,CUST_05,Computers and electric accessories,Item_18_CEA,30.5,6.0,183.0,Cash,Online,2024-06-05,False,1717545600
TXN_1802987,CUST_14,Food,Item_20_FOOD,33.5,9.0,301.5,Digital Wallet,In-store,2024-10-17,True,1729123200
TXN_5129876,CUST_02,Computers and electric accessories,Item_7_CEA,14.0,9.0,126.0,Digital Wallet,Online,2023-10-28,False,1698451200
TXN_6167313,CUST_17,Food,Item_25_FOOD,41.0,4.0,164.0,Digital Wallet,In-store,2025-01-12,True,1736640000
TXN_6513125,CUST_14,Beverages,Item_25_BEV,41.0,10.0,410.0,Cash,Online,2023-05-20,False,1684540800
TXN_4287814,CUST_06,Electric household essentials,Item_8_EHE,15.5,1.0,15.5,Cash,In-store,2023-10-31,False,1698710400
TXN_2245991,CUST_16,Electric household essentials,Item_1_EHE,5.0,7.0,35.0,Cash,In-store,2022-03-23,True,1647993600
TXN_3922232,CUST_10,Furniture,Item_8_FUR,15.5,10.0,155.0,Credit Card,In-store,2022-04-29,True,1651190400
TXN_4014378,CUST_09,Computers and electric accessories,Item_21_CEA,35.0,5.0,175.0,Cash,Online,2023-07-09,False,1688860800
TXN_7271665,CUST_15,Electric household essentials,Item_2_EHE,6.5,9.0,58.5,Credit Card,In-store,2023-12-22,False,1703203200
TXN_2370951,CUST_25,Electric household essentials,Item_8_EHE,15.5,5.0,77.5,Credit Card,Online,2023-04-25,False,1682380800
TXN_5261729,CUST_02,Computers and electric accessories,Item_21_CEA,35.0,10.0,350.0,Cash,Online,2024-06-21,False,1718928000
TXN_8345096,CUST_12,Milk Products,Item_3_MILK,8.0,3.0,24.0,Digital Wallet,Online,2024-12-26,True,1735171200
TXN_5052568,CUST_17,Patisserie,Item_4_PAT,9.5,4.0,38.0,Digital Wallet,Online,2023-01-08,True,1673136000
TXN_8834965,CUST_08,Butchers,Item_25_BUT,41.0,9.0,369.0,Cash,Online,2024-06-29,False,1719619200
TXN_5328500,CUST_18,Patisserie,Item_14_PAT,24.5,6.0,147.0,Cash,In-store,2024-02-11,False,1707609600
TXN_6766304,CUST_03,Milk Products,Item_3_MILK,8.0,1.0,8.0,Cash,In-store,2023-10-08,False,1696723200
TXN_2994824,CUST_16,Patisserie,Item_13_PAT,23.0,3.0,69.0,Cash,In-store,2023-12-13,True,1702425600
TXN_2032102,CUST_03,Patisserie,Item_23_PAT,38.0,7.0,266.0,Cash,Online,2024-06-08,False,1717804800
TXN_8494899,CUST_12,Electric household essentials,Item_12_EHE,21.5,8.0,172.0,Credit Card,In-store,2024-08-25,True,1724544000
TXN_9950024,CUST_08,Electric household essentials,Item_16_EHE,27.5,6.0,165.0,Credit Card,Online,2024-06-28,True,1719532800
TXN_5391688,CUST_01,Electric household essentials,Item_8_EHE,15.5,3.0,46.5,Cash,Online,2023-12-24,True,1703376000
TXN_2032621,CUST_05,Electric household essentials,Item_13_EHE,23.0,9.0,207.0,Credit Card,Online,2024-08-12,False,1723420800
TXN_4864899,CUST_09,Milk Products,Item_1_MILK,5.0,9.0,45.0,Cash,In-store,2023-09-17,True,1694908800
TXN_3777133,CUST_06,Butchers,Item_14_BUT,24.5,4.0,98.0,Cash,Online,2024-11-13,True,1731456000
TXN_9867587,CUST_04,Food,Item_21_FOOD,35.0,8.0,280.0,Digital Wallet,In-store,2023-12-14,True,1702512000
TXN_7737340,CUST_22,Computers and electric accessories,Item_20_CEA,33.5,10.0,335.0,Credit Card,Online,2024-07-31,True,1722384000
TXN_8754747,CUST_24,Beverages,Item_16_BEV,27.5,1.0,27.5,Cash,In-store,2022-07-01,False,1656633600
TXN_9882558,CUST_24,Food,Item_17_FOOD,29.0,4.0,116.0,Cash,In-store,2023-12-21,False,1703116800
TXN_7747407,CUST_08,Food,Item_20_FOOD,33.5,6.0,201.0,Cash,Online,2024-04-09,False,1712620800
TXN_4902630,CUST_23,Electric household essentials,Item_6_EHE,12.5,8.0,100.0,Cash,In-store,2022-02-20,False,1645315200
TXN_4129849,CUST_16,Beverages,Item_14_BEV,24.5,9.0,220.5,Cash,Online,2022-02-04,False,1643932800
TXN_1138768,CUST_12,Computers and electric accessories,Item_14_CEA,24.5,8.0,196.0,Cash,Online,2022-03-09,False,1646784000
TXN_7908356,CUST_16,Butchers,Item_16_BUT,27.5,5.0,137.5,Credit Card,In-store,2023-04-22,False,1682121600
TXN_3300791,CUST_04,Butchers,Item_16_BUT,27.5,10.0,275.0,Cash,Online,2022-05-17,True,1652745600
TXN_5890227,CUST_14,Electric household essentials,Item_8_EHE,15.5,7.0,108.5,Credit Card,In-store,2022-11-05,False,1667606400
TXN_4677429,CUST_15,Computers and electric accessories,Item_9_CEA,17.0,4.0,68.0,Digital Wallet,In-store,2024-01-19,True,1705622400
TXN_7068908,CUST_14,Electric household essentials,Item_10_EHE,18.5,6.0,111.0,Credit Card,Online,2022-10-25,False,1666656000
TXN_7565406,CUST_15,Butchers,Item_13_BUT,23.0,9.0,207.0,Digital Wallet,Online,2023-10-06,False,1696550400
TXN_1354152,CUST_17,Food,Item_6_FOOD,12.5,2.0,25.0,Credit Card,Online,2024-06-06,False,1717632000
TXN_6224018,CUST_09,Food,Item_21_FOOD,35.0,8.0,280.0,Credit Card,Online,2023-08-25,True,1692921600
TXN_2853011,CUST_05,Furniture,Item_15_FUR,26.0,10.0,260.0,Credit Card,Online,2023-06-03,True,1685750400
TXN_9379089,CUST_04,Computers and electric accessories,Item_21_CEA,35.0,4.0,140.0,Digital Wallet,In-store,2025-01-09,True,1736380800
TXN_2029127,CUST_12,Beverages,Item_8_BEV,15.5,4.0,62.0,Cash,In-store,2024-01-12,True,1705017600
TXN_2046922,CUST_21,Milk Products,Item_3_MILK,8.0,5.0,40.0,Cash,In-store,2023-11-26,False,1700956800
TXN_4408619,CUST_14,Electric household essentials,Item_15_EHE,26.0,8.0,208.0,Digital Wallet,Online,2022-10-22,True,1666396800
TXN_8931910,CUST_15,Computers and electric accessories,Item_19_CEA,32.0,2.0,64.0,Digital Wallet,In-store,2024-01-03,False,1704240000
TXN_4468083,CUST_14,Electric household essentials,Item_9_EHE,17.0,10.0,170.0,Credit Card,Online,2022-06-30,False,1656547200
TXN_9044453,CUST_01,Patisserie,Item_1_PAT,5.0,2.0,10.0,Cash,In-store,2024-10-06,True,1728172800
TXN_7124851,CUST_19,Patisserie,Item_19_PAT,32.0,6.0,192.0,Credit Card,Online,2022-01-09,True,1641686400
TXN_3707017,CUST_10,Furniture,Item_5_FUR,11.0,3.0,33.0,Digital Wallet,Online,2024-04-04,False,1712188800
TXN_2179469,CUST_23,Patisserie,Item_17_PAT,29.0,5.0,145.0,Credit Card,In-store,2023-12-01,False,1701388800
TXN_9779104,CUST_13,Electric household essentials,Item_23_EHE,38.0,8.0,304.0,Cash,In-store,2024-12-05,True,1733356800
TXN_2030685,CUST_08,Butchers,Item_23_BUT,38.0,10.0,380.0,Cash,In-store,2023-07-16,True,1689465600
TXN_7912681,CUST_02,Furniture,Item_20_FUR,33.5,5.0,167.5,Credit Card,In-store,2023-05-05,True,1683244800
TXN_8165360,CUST_07,Food,Item_12_FOOD,21.5,8.0,172.0,Cash,Online,2022-12-04,False,1670112000
TXN_2912284,CUST_10,Butchers,Item_23_BUT,38.0,10.0,380.0,Credit Card,In-store,2023-06-26,True,1687737600
TXN_9002809,CUST_23,Food,Item_12_FOOD,21.5,7.0,150.5,Digital Wallet,In-store,2023-09-04,True,1693785600
TXN_3238026,CUST_24,Patisserie,Item_23_PAT,38.0,4.0,152.0,Digital Wallet,In-store,2024-06-11,False,1718064000
TXN_6543986,CUST_18,Butchers,Item_22_BUT,36.5,10.0,365.0,Digital Wallet,In-store,2024-10-12,False,1728691200
TXN_3695108,CUST_13,Computers and electric accessories,Item_9_CEA,17.0,7.0,119.0,Cash,In-store,2023-01-24,False,1674518400
TXN_6648814,CUST_10,Butchers,Item_18_BUT,30.5,9.0,274.5,Credit Card,Online,2022-10-14,False,1665705600
TXN_8686778,CUST_19,Butchers,Item_1_BUT,5.0,9.0,45.0,Digital Wallet,Online,2024-12-17,True,1734393600
TXN_8532994,CUST_17,Electric household essentials,Item_12_EHE,21.5,1.0,21.5,Cash,Online,2022-05-04,True,1651622400
TXN_8584427,CUST_08,Butchers,Item_22_BUT,36.5,9.0,328.5,Digital Wallet,In-store,2023-03-04,False,1677888000
TXN_6279943,CUST_23,Food,Item_18_FOOD,30.5,3.0,91.5,Credit Card,In-store,2023-06-10,True,1686355200
TXN_7018266,CUST_13,Milk Products,Item_19_MILK,32.0,6.0,192.0,Cash,In-store,2022-03-15,True,1647302400
TXN_7814324,CUST_23,Computers and electric accessories,Item_16_CEA,27.5,10.0,275.0,Credit Card,In-store,2024-12-01,True,1733011200
TXN_7435689,CUST_23,Electric household essentials,Item_13_EHE,23.0,2.0,46.0,Cash,Online,2024-11-16,False,1731715200
TXN_7927513,CUST_19,Furniture,Item_24_FUR,39.5,1.0,39.5,Digital Wallet,In-store,2022-07-18,True,1658102400
TXN_4765007,CUST_14,Electric household essentials,Item_13_EHE,23.0,10.0,230.0,Cash,Online,2024-04-22,False,1713744000
TXN_1637239,CUST_18,Computers and electric accessories,Item_11_CEA,20.0,2.0,40.0,Cash,Online,2023-05-01,True,1682899200
TXN_4037215,CUST_04,Butchers,Item_13_BUT,23.0,7.0,161.0,Digital Wallet,In-store,2023-06-14,True,1686700800
TXN_9742543,CUST_09,Patisserie,Item_11_PAT,20.0,5.0,100.0,Credit Card,Online,2024-04-13,True,1712966400
TXN_4299562,CUST_06,Milk Products,Item_24_MILK,39.5,6.0,237.0,Digital Wallet,Online,2023-05-22,False,1684713600
TXN_1838613,CUST_19,Milk Products,Item_8_MILK,15.5,7.0,108.5,Credit Card,Online,2024-06-27,True,1719446400
TXN_9744101,CUST_10,Computers and electric accessories,Item_10_CEA,18.5,7.0,129.5,Digital Wallet,In-store,2024-01-11,False,1704931200
TXN_5047057,CUST_10,Butchers,Item_8_BUT,15.5,1.0,15.5,Cash,In-store,2024-05-02,False,1714608000
TXN_8803385,CUST_15,Furniture,Item_15_FUR,26.0,5.0,130.0,Credit Card,In-store,2023-08-07,True,1691366400
TXN_8934602,CUST_06,Milk Products,Item_7_MILK,14.0,2.0,28.0,Cash,Online,2022-10-10,True,1665360000
TXN_4082819,CUST_25,Furniture,Item_2_FUR,6.5,8.0,52.0,Credit Card,Online,2023-03-03,False,1677801600
TXN_6703348,CUST_08,Food,Item_18_FOOD,30.5,6.0,183.0,Cash,In-store,2024-10-26,False,1729900800
TXN_7487176,CUST_23,Milk Products,Item_2_MILK,6.5,10.0,65.0,Credit Card,In-store,2022-10-21,False,1666310400
TXN_9483255,CUST_23,Electric household essentials,Item_17_EHE,29.0,9.0,261.0,Credit Card,In-store,2023-04-20,True,1681948800
TXN_8238998,CUST_03,Electric household essentials,Item_15_EHE,26.0,9.0,234.0,Credit Card,In-store,2022-05-30,False,1653868800
TXN_3861803,CUST_13,Food,Item_13_FOOD,23.0,4.0,92.0,Cash,In-store,2023-01-04,True,1672790400
TXN_6523729,CUST_14,Furniture,Item_5_FUR,11.0,10.0,110.0,Credit Card,In-store,2024-06-14,False,1718323200
TXN_8917842,CUST_05,Patisserie,Item_17_PAT,29.0,8.0,232.0,Cash,Online,2024-03-19,True,1710806400
TXN_2727006,CUST_01,Computers and electric accessories,Item_9_CEA,17.0,2.0,34.0,Credit Card,In-store,2023-10-17,False,1697500800
TXN_9546049,CUST_21,Butchers,Item_5_BUT,11.0,3.0,33.0,Digital Wallet,Online,2022-03-10,False,1646870400
TXN_3831672,CUST_04,Food,Item_1_FOOD,5.0,7.0,35.0,Digital Wallet,In-store,2023-05-16,True,1684195200
TXN_6991067,CUST_16,Electric household essentials,Item_19_EHE,32.0,8.0,256.0,Cash,In-store,2023-01-23,False,1674432000
TXN_2234295,CUST_04,Patisserie,Item_10_PAT,18.5,7.0,129.5,Digital Wallet,In-store,2024-05-06,True,1714953600
TXN_2447120,CUST_12,Beverages,Item_15_BEV,26.0,3.0,78.0,Digital Wallet,Online,2023-07-01,False,1688169600
TXN_3115030,CUST_20,Furniture,Item_23_FUR,38.0,6.0,228.0,Credit Card,Online,2024-06-11,False,1718064000
TXN_9298154,CUST_23,Patisserie,Item_20_PAT,33.5,9.0,301.5,Credit Card,Online,2023-10-26,True,1698278400
TXN_3044362,CUST_01,Computers and electric accessories,Item_5_CEA,11.0,2.0,22.0,Digital Wallet,In-store,2023-12-11,True,1702252800
TXN_4534054,CUST_25,Food,Item_2_FOOD,6.5,9.0,58.5,Credit Card,In-store,2023-09-21,False,1695254400
TXN_7348487,CUST_10,Computers and electric accessories,Item_25_CEA,41.0,5.0,205.0,Cash,Online,2022-07-16,False,1657929600
TXN_7669281,CUST_05,Butchers,Item_2_BUT,6.5,4.0,26.0,Digital Wallet,Online,2023-07-06,True,1688601600
TXN_5151808,CUST_05,Patisserie,Item_8_PAT,15.5,9.0,139.5,Credit Card,In-store,2024-02-25,True,1708819200
TXN_3103409,CUST_16,Milk Products,Item_6_MILK,12.5,2.0,25.0,Digital Wallet,Online,2022-12-28,True,1672185600
TXN_1763880,CUST_25,Beverages,Item_19_BEV,32.0,7.0,224.0,Digital Wallet,Online,2024-08-08,False,1723075200
TXN_8376407,CUST_02,Milk Products,Item_22_MILK,36.5,8.0,292.0,Credit Card,Online,2024-04-03,False,1712102400
TXN_1354704,CUST_07,Butchers,Item_18_BUT,30.5,8.0,244.0,Cash,Online,2022-12-03,False,1670025600
TXN_8213093,CUST_14,Butchers,Item_17_BUT,29.0,2.0,58.0,Cash,Online,2022-11-20,True,1668902400
TXN_2108505,CUST_01,Milk Products,Item_4_MILK,9.5,3.0,28.5,Digital Wallet,In-store,2022-11-29,False,1669680000
TXN_4274817,CUST_16,Beverages,Item_12_BEV,21.5,10.0,215.0,Cash,Online,2024-08-15,True,1723680000
TXN_4222067,CUST_13,Milk Products,Item_11_MILK,20.0,1.0,20.0,Digital Wallet,Online,2024-11-28,False,1732752000
TXN_3354650,CUST_21,Electric household essentials,Item_19_EHE,32.0,1.0,32.0,Digital Wallet,Online,2024-04-10,False,1712707200
TXN_5841884,CUST_16,Milk Products,Item_2_MILK,6.5,7.0,45.5,Digital Wallet,Online,2024-04-13,True,1712966400
TXN_8299537,CUST_24,Butchers,Item_15_BUT,26.0,4.0,104.0,Cash,In-store,2024-08-05,False,1722816000
TXN_2630534,CUST_14,Milk Products,Item_19_MILK,32.0,8.0,256.0,Credit Card,Online,2022-02-07,True,1644192000
TXN_3499166,CUST_05,Beverages,Item_24_BEV,39.5,7.0,276.5,Digital Wallet,In-store,2022-01-21,False,1642723200
TXN_5181239,CUST_04,Furniture,Item_4_FUR,9.5,2.0,19.0,Cash,In-store,2022-07-25,True,1658707200
TXN_4102079,CUST_15,Patisserie,Item_11_PAT,20.0,4.0,80.0,Credit Card,In-store,2023-02-15,False,1676419200
TXN_6742452,CUST_23,Butchers,Item_19_BUT,32.0,9.0,288.0,Credit Card,In-store,2024-09-30,False,1727654400
TXN_2111257,CUST_11,Furniture,Item_8_FUR,15.5,5.0,77.5,Digital Wallet,Online,2022-08-03,False,1659484800
TXN_7975440,CUST_15,Butchers,Item_12_BUT,21.5,10.0,215.0,Cash,Online,2024-07-21,False,1721520000
TXN_1190407,CUST_05,Milk Products,Item_11_MILK,20.0,9.0,180.0,Digital Wallet,Online,2022-09-21,True,1663718400
TXN_6418246,CUST_20,Furniture,Item_8_FUR,15.5,9.0,139.5,Digital Wallet,Online,2022-11-11,False,1668124800
TXN_6742481,CUST_05,Food,Item_13_FOOD,23.0,9.0,207.0,Cash,Online,2023-02-02,True,1675296000
TXN_5123517,CUST_12,Food,Item_10_FOOD,18.5,4.0,74.0,Cash,Online,2024-12-13,True,1734048000
TXN_6460857,CUST_06,Computers and electric accessories,Item_21_CEA,35.0,6.0,210.0,Credit Card,In-store,2022-02-23,False,1645574400
TXN_9027302,CUST_05,Furniture,Item_1_FUR,5.0,3.0,15.0,Cash,Online,2022-12-26,False,1672012800
TXN_8402013,CUST_19,Electric household essentials,Item_12_EHE,21.5,8.0,172.0,Cash,In-store,2023-09-23,True,1695427200
TXN_2573164,CUST_04,Furniture,Item_25_FUR,41.0,3.0,123.0,Cash,Online,2022-08-11,True,1660176000
TXN_8953962,CUST_18,Computers and electric accessories,Item_14_CEA,24.5,3.0,73.5,Cash,In-store,2023-04-18,True,1681776000
TXN_4115707,CUST_02,Beverages,Item_24_BEV,39.5,10.0,395.0,Credit Card,Online,2022-09-02,False,1662076800
TXN_7673621,CUST_24,Furniture,Item_12_FUR,21.5,6.0,129.0,Credit Card,In-store,2023-02-11,False,1676073600
TXN_3178675,CUST_14,Furniture,Item_5_FUR,11.0,6.0,66.0,Cash,In-store,2024-02-25,True,1708819200
TXN_2401524,CUST_06,Butchers,Item_15_BUT,26.0,7.0,182.0,Digital Wallet,In-store,2022-08-15,True,1660521600
TXN_6717903,CUST_19,Furniture,Item_4_FUR,9.5,2.0,19.0,Cash,In-store,2022-05-26,False,1653523200
TXN_7138571,CUST_13,Electric household essentials,Item_21_EHE,35.0,4.0,140.0,Cash,Online,2023-09-25,False,1695600000
TXN_8438563,CUST_17,Food,Item_22_FOOD,36.5,10.0,365.0,Digital Wallet,Online,2023-07-15,True,1689379200
TXN_3212539,CUST_19,Beverages,Item_18_BEV,30.5,4.0,122.0,Credit Card,Online,2024-09-05,True,1725494400
TXN_6157602,CUST_21,Food,Item_18_FOOD,30.5,7.0,213.5,Digital Wallet,Online,2023-10-22,False,1697932800
TXN_8216096,CUST_25,Electric household essentials,Item_21_EHE,35.0,1.0,35.0,Cash,In-store,2025-01-06,False,1736121600
TXN_4710652,CUST_07,Computers and electric accessories,Item_22_CEA,36.5,3.0,109.5,Digital Wallet,In-store,2024-09-23,False,1727049600
TXN_8694760,CUST_15,Furniture,Item_24_FUR,39.5,3.0,118.5,Cash,In-store,2024-02-22,False,1708560000
TXN_9829192,CUST_21,Butchers,Item_16_BUT,27.5,1.0,27.5,Credit Card,Online,2023-03-10,False,1678406400
TXN_6280148,CUST_19,Computers and electric accessories,Item_13_CEA,23.0,1.0,23.0,Credit Card,Online,2024-07-25,True,1721865600
TXN_4063830,CUST_12,Electric household essentials,Item_17_EHE,29.0,7.0,203.0,Cash,In-store,2022-12-18,True,1671321600
TXN_2122406,CUST_18,Beverages,Item_7_BEV,14.0,9.0,126.0,Digital Wallet,In-store,2024-08-17,False,1723852800
TXN_3158395,CUST_25,Electric household essentials,Item_15_EHE,26.0,1.0,26.0,Digital Wallet,Online,2023-10-10,False,1696896000
TXN_2878204,CUST_12,Butchers,Item_16_BUT,27.5,6.0,165.0,Credit Card,Online,2023-01-13,False,1673568000
TXN_4580660,CUST_16,Computers and electric accessories,Item_20_CEA,33.5,4.0,134.0,Cash,Online,2022-07-06,True,1657065600
TXN_5190484,CUST_08,Food,Item_14_FOOD,24.5,6.0,147.0,Cash,Online,2022-11-07,False,1667779200
TXN_1926590,CUST_13,Computers and electric accessories,Item_6_CEA,12.5,9.0,112.5,Credit Card,Online,2022-10-12,True,1665532800
TXN_9967357,CUST_13,Beverages,Item_2_BEV,6.5,9.0,58.5,Cash,In-store,2023-05-24,False,1684886400
TXN_4238599,CUST_15,Milk Products,Item_8_MILK,15.5,3.0,46.5,Credit Card,In-store,2024-04-09,False,1712620800
TXN_6891915,CUST_11,Butchers,Item_18_BUT,30.5,4.0,122.0,Cash,In-store,2023-01-04,False,1672790400
TXN_5588584,CUST_21,Milk Products,Item_16_MILK,27.5,9.0,247.5,Cash,In-store,2023-02-05,False,1675555200
TXN_1906850,CUST_06,Milk Products,Item_1_MILK,5.0,5.0,25.0,Credit Card,In-store,2023-04-20,False,1681948800
TXN_8179078,CUST_04,Butchers,Item_23_BUT,38.0,10.0,380.0,Credit Card,Online,2024-10-18,False,1729209600
TXN_6530329,CUST_10,Computers and electric accessories,Item_9_CEA,17.0,8.0,136.0,Digital Wallet,Online,2024-04-29,False,1714348800
TXN_1629845,CUST_04,Furniture,Item_15_FUR,26.0,7.0,182.0,Cash,Online,2022-10-02,False,1664668800
TXN_8073705,CUST_16,Patisserie,Item_8_PAT,15.5,9.0,139.5,Credit Card,Online,2023-08-19,False,1692403200
TXN_5071376,CUST_10,Butchers,Item_13_BUT,23.0,6.0,138.0,Credit Card,In-store,2023-01-07,False,1673049600
TXN_9068188,CUST_07,Food,Item_18_FOOD,30.5,4.0,122.0,Digital Wallet,Online,2024-02-09,False,1707436800
TXN_7583936,CUST_01,Food,Item_4_FOOD,9.5,2.0,19.0,Digital Wallet,Online,2023-08-02,True,1690934400
TXN_4013276,CUST_22,Patisserie,Item_16_PAT,27.5,1.0,27.5,Credit Card,Online,2023-04-13,True,1681344000
TXN_8692872,CUST_03,Computers and electric accessories,Item_11_CEA,20.0,3.0,60.0,Credit Card,In-store,2024-04-29,False,1714348800
TXN_4624810,CUST_20,Electric household essentials,Item_16_EHE,27.5,9.0,247.5,Digital Wallet,Online,2023-11-08,False,1699401600
TXN_8818340,CUST_04,Electric household essentials,Item_21_EHE,35.0,7.0,245.0,Digital Wallet,In-store,2022-04-30,True,1651276800
TXN_3890213,CUST_21,Food,Item_12_FOOD,21.5,9.0,193.5,Cash,In-store,2023-04-26,True,1682467200
TXN_7887194,CUST_11,Milk Products,Item_8_MILK,15.5,4.0,62.0,Cash,Online,2022-11-06,True,1667692800
TXN_3531848,CUST_23,Electric household essentials,Item_22_EHE,36.5,9.0,328.5,Credit Card,In-store,2022-04-08,True,1649376000
TXN_1818334,CUST_08,Milk Products,Item_15_MILK,26.0,1.0,26.0,Credit Card,In-store,2022-01-08,True,1641600000
TXN_3894563,CUST_23,Food,Item_11_FOOD,20.0,3.0,60.0,Digital Wallet,In-store,2024-12-05,True,1733356800
TXN_7450879,CUST_01,Beverages,Item_20_BEV,33.5,4.0,134.0,Credit Card,In-store,2024-03-29,False,1711670400
TXN_7388794,CUST_03,Beverages,Item_12_BEV,21.5,1.0,21.5,Credit Card,In-store,2024-09-06,False,1725580800
TXN_6415831,CUST_18,Beverages,Item_21_BEV,35.0,10.0,350.0,Cash,Online,2024-08-21,False,1724198400
TXN_9976541,CUST_04,Patisserie,Item_8_PAT,15.5,3.0,46.5,Cash,Online,2023-02-22,True,1677024000
TXN_5428095,CUST_01,Food,Item_5_FOOD,11.0,3.0,33.0,Credit Card,In-store,2022-05-22,True,1653177600
TXN_2894843,CUST_05,Food,Item_13_FOOD,23.0,3.0,69.0,Credit Card,In-store,2022-06-06,False,1654473600
TXN_9442211,CUST_25,Food,Item_14_FOOD,24.5,7.0,171.5,Digital Wallet,Online,2022-09-06,False,1662422400
TXN_7595172,CUST_23,Food,Item_14_FOOD,24.5,4.0,98.0,Credit Card,Online,2024-06-01,True,1717200000
TXN_1965640,CUST_21,Food,Item_3_FOOD,8.0,3.0,24.0,Credit Card,Online,2023-05-05,True,1683244800
TXN_5301234,CUST_09,Furniture,Item_6_FUR,12.5,10.0,125.0,Credit Card,In-store,2023-07-21,True,1689897600
TXN_8642580,CUST_23,Butchers,Item_23_BUT,38.0,9.0,342.0,Credit Card,In-store,2022-12-13,True,1670889600
TXN_1117354,CUST_22,Beverages,Item_2_BEV,6.5,4.0,26.0,Cash,Online,2024-11-01,True,1730419200
TXN_5239863,CUST_21,Furniture,Item_25_FUR,41.0,8.0,328.0,Digital Wallet,In-store,2024-12-22,False,1734825600
TXN_9471719,CUST_15,Furniture,Item_19_FUR,32.0,5.0,160.0,Credit Card,Online,2024-11-09,False,1731110400
TXN_4657405,CUST_14,Beverages,Item_12_BEV,21.5,3.0,64.5,Cash,Online,2024-10-07,True,1728259200
TXN_8543967,CUST_06,Food,Item_20_FOOD,33.5,7.0,234.5,Cash,Online,2024-05-16,False,1715817600
TXN_1610590,CUST_03,Butchers,Item_22_BUT,36.5,10.0,365.0,Cash,In-store,2023-01-14,False,1673654400
TXN_5554317,CUST_14,Beverages,Item_6_BEV,12.5,4.0,50.0,Digital Wallet,Online,2022-03-10,False,1646870400
TXN_1360556,CUST_01,Patisserie,Item_20_PAT,33.5,8.0,268.0,Cash,In-store,2024-01-12,False,1705017600
TXN_7020339,CUST_18,Beverages,Item_2_BEV,6.5,3.0,19.5,Digital Wallet,Online,2024-06-19,True,1718755200
TXN_2198875,CUST_09,Patisserie,Item_4_PAT,9.5,2.0,19.0,Cash,Online,2023-05-31,True,1685491200
TXN_7378314,CUST_09,Food,Item_21_FOOD,35.0,5.0,175.0,Credit Card,Online,2022-04-29,True,1651190400
TXN_4226051,CUST_02,Food,Item_14_FOOD,24.5,6.0,147.0,Digital Wallet,In-store,2024-01-09,False,1704758400
TXN_3178975,CUST_16,Food,Item_3_FOOD,8.0,9.0,72.0,Credit Card,Online,2024-04-08,False,1712534400
TXN_3275587,CUST_04,Computers and electric accessories,Item_8_CEA,15.5,5.0,77.5,Credit Card,In-store,2024-03-11,False,1710115200
TXN_6867504,CUST_04,Computers and electric accessories,Item_7_CEA,14.0,2.0,28.0,Digital Wallet,Online,2023-10-30,True,1698624000
TXN_9670800,CUST_19,Beverages,Item_17_BEV,29.0,10.0,290.0,Digital Wallet,In-store,2024-06-28,True,1719532800
TXN_2232426,CUST_22,Patisserie,Item_25_PAT,41.0,6.0,246.0,Cash,In-store,2022-05-12,True,1652313600
TXN_2739401,CUST_15,Food,Item_18_FOOD,30.5,3.0,91.5,Cash,In-store,2023-04-16,False,1681603200
TXN_5292313,CUST_16,Butchers,Item_19_BUT,32.0,8.0,256.0,Cash,Online,2023-11-26,True,1700956800
TXN_7174887,CUST_08,Butchers,Item_6_BUT,12.5,4.0,50.0,Credit Card,Online,2024-09-04,True,1725408000
TXN_8317660,CUST_20,Milk Products,Item_8_MILK,15.5,4.0,62.0,Credit Card,Online,2023-07-23,False,1690070400
TXN_5034413,CUST_06,Furniture,Item_1_FUR,5.0,7.0,35.0,Digital Wallet,Online,2022-03-14,False,1647216000
TXN_6092283,CUST_02,Beverages,Item_24_BEV,39.5,7.0,276.5,Credit Card,In-store,2024-12-28,False,1735344000
TXN_5991912,CUST_24,Furniture,Item_5_FUR,11.0,2.0,22.0,Digital Wallet,Online,2022-02-23,False,1645574400
TXN_5248260,CUST_19,Computers and electric accessories,Item_21_CEA,35.0,5.0,175.0,Cash,In-store,2022-04-30,False,1651276800
TXN_6333391,CUST_18,Furniture,Item_24_FUR,39.5,9.0,355.5,Credit Card,Online,2022-06-29,True,1656460800
TXN_2767410,CUST_23,Food,Item_18_FOOD,30.5,6.0,183.0,Cash,Online,2023-09-28,False,1695859200
TXN_5740060,CUST_06,Furniture,Item_8_FUR,15.5,6.0,93.0,Cash,In-store,2024-08-04,True,1722729600
TXN_6321793,CUST_24,Electric household essentials,Item_13_EHE,23.0,6.0,138.0,Cash,Online,2024-05-15,True,1715731200
TXN_9173181,CUST_05,Patisserie,Item_23_PAT,38.0,1.0,38.0,Cash,In-store,2024-02-07,False,1707264000
TXN_1971043,CUST_25,Furniture,Item_20_FUR,33.5,9.0,301.5,Cash,Online,2022-09-05,False,1662336000
TXN_8274832,CUST_10,Computers and electric accessories,Item_17_CEA,29.0,10.0,290.0,Digital Wallet,Online,2022-02-22,True,1645488000
TXN_5035545,CUST_04,Butchers,Item_7_BUT,14.0,3.0,42.0,Cash,In-store,2022-09-05,True,1662336000
TXN_4061146,CUST_13,Patisserie,Item_15_PAT,26.0,2.0,52.0,Credit Card,Online,2023-07-15,False,1689379200
TXN_1826818,CUST_12,Patisserie,Item_11_PAT,20.0,5.0,100.0,Credit Card,In-store,2024-07-04,True,1720051200
TXN_7807998,CUST_24,Electric household essentials,Item_5_EHE,11.0,4.0,44.0,Cash,In-store,2024-01-03,True,1704240000
TXN_5055357,CUST_20,Computers and electric accessories,Item_16_CEA,27.5,6.0,165.0,Credit Card,Online,2024-10-05,False,1728086400
TXN_8313334,CUST_03,Butchers,Item_3_BUT,8.0,5.0,40.0,Credit Card,In-store,2022-09-23,True,1663891200
TXN_1408851,CUST_20,Computers and electric accessories,Item_13_CEA,23.0,1.0,23.0,Cash,Online,2024-08-13,True,1723507200
TXN_5701048,CUST_08,Butchers,Item_3_BUT,8.0,5.0,40.0,Cash,Online,2024-08-17,False,1723852800
TXN_3706741,CUST_06,Food,Item_11_FOOD,20.0,3.0,60.0,Cash,Online,2024-03-10,True,1710028800
TXN_2565254,CUST_12,Beverages,Item_7_BEV,14.0,9.0,126.0,Digital Wallet,Online,2024-11-22,True,1732233600
TXN_3703564,CUST_22,Patisserie,Item_12_PAT,21.5,10.0,215.0,Credit Card,In-store,2022-02-18,False,1645142400
TXN_7157916,CUST_25,Electric household essentials,Item_16_EHE,27.5,4.0,110.0,Digital Wallet,In-store,2023-09-24,False,1695513600
TXN_1091915,CUST_01,Patisserie,Item_22_PAT,36.5,4.0,146.0,Credit Card,Online,2023-07-16,False,1689465600
TXN_5221018,CUST_11,Butchers,Item_15_BUT,26.0,1.0,26.0,Cash,In-store,2022-06-26,False,1656201600
TXN_8603145,CUST_15,Electric household essentials,Item_5_EHE,11.0,2.0,22.0,Digital Wallet,In-store,2024-02-15,False,1707955200
TXN_9886688,CUST_08,Furniture,Item_8_FUR,15.5,1.0,15.5,Cash,In-store,2022-04-24,False,1650758400
TXN_3325191,CUST_22,Furniture,Item_6_FUR,12.5,1.0,12.5,Digital Wallet,Online,2023-09-20,True,1695168000
TXN_7582224,CUST_12,Furniture,Item_1_FUR,5.0,9.0,45.0,Digital Wallet,In-store,2022-02-01,True,1643673600
TXN_1781058,CUST_15,Computers and electric accessories,Item_21_CEA,35.0,5.0,175.0,Credit Card,Online,2024-10-14,False,1728864000
TXN_5277569,CUST_09,Patisserie,Item_5_PAT,11.0,4.0,44.0,Credit Card,Online,2024-11-16,True,1731715200
TXN_7497013,CUST_24,Beverages,Item_7_BEV,14.0,7.0,98.0,Digital Wallet,Online,2022-02-02,True,1643760000
TXN_8363763,CUST_05,Milk Products,Item_16_MILK,27.5,3.0,82.5,Digital Wallet,In-store,2023-01-10,False,1673308800
TXN_6008281,CUST_19,Furniture,Item_25_FUR,41.0,4.0,164.0,Cash,In-store,2024-06-29,False,1719619200
TXN_5063217,CUST_03,Patisserie,Item_5_PAT,11.0,6.0,66.0,Digital Wallet,In-store,2023-06-12,True,1686528000
TXN_2088735,CUST_12,Butchers,Item_20_BUT,33.5,2.0,67.0,Credit Card,In-store,2022-10-24,False,1666569600
TXN_3152795,CUST_10,Milk Products,Item_21_MILK,35.0,6.0,210.0,Digital Wallet,Online,2023-08-14,True,1691971200
TXN_9312667,CUST_14,Milk Products,Item_14_MILK,24.5,8.0,196.0,Cash,In-store,2022-01-27,True,1643241600
TXN_5531182,CUST_06,Furniture,Item_11_FUR,20.0,3.0,60.0,Credit Card,In-store,2022-06-13,True,1655078400
TXN_2855329,CUST_13,Milk Products,Item_17_MILK,29.0,7.0,203.0,Digital Wallet,Online,2022-02-18,True,1645142400
TXN_3297253,CUST_15,Electric household essentials,Item_23_EHE,38.0,1.0,38.0,Cash,Online,2023-11-20,False,1700438400
TXN_4955717,CUST_16,Beverages,Item_20_BEV,33.5,5.0,167.5,Cash,In-store,2024-08-27,False,1724716800
TXN_3809804,CUST_06,Butchers,Item_22_BUT,36.5,1.0,36.5,Cash,Online,2022-02-11,True,1644537600
TXN_8262363,CUST_18,Electric household essentials,Item_12_EHE,21.5,4.0,86.0,Cash,Online,2023-02-13,True,1676246400
TXN_2993263,CUST_14,Computers and electric accessories,Item_14_CEA,24.5,4.0,98.0,Cash,In-store,2024-04-17,False,1713312000
TXN_9687417,CUST_02,Beverages,Item_4_BEV,9.5,5.0,47.5,Digital Wallet,In-store,2023-03-20,True,1679270400
TXN_8209222,CUST_01,Butchers,Item_15_BUT,26.0,3.0,78.0,Credit Card,Online,2023-04-03,False,1680480000
TXN_3575373,CUST_17,Milk Products,Item_1_MILK,5.0,9.0,45.0,Cash,Online,2024-12-29,True,1735430400
TXN_7442640,CUST_20,Milk Products,Item_16_MILK,27.5,9.0,247.5,Credit Card,Online,2022-07-07,True,1657152000
TXN_4705123,CUST_14,Patisserie,Item_11_PAT,20.0,5.0,100.0,Digital Wallet,Online,2023-06-10,False,1686355200
TXN_6893397,CUST_08,Computers and electric accessories,Item_2_CEA,6.5,9.0,58.5,Digital Wallet,Online,2023-11-18,True,1700265600
TXN_7852936,CUST_01,Patisserie,Item_6_PAT,12.5,5.0,62.5,Digital Wallet,In-store,2022-12-14,False,1670976000
TXN_8860703,CUST_04,Beverages,Item_12_BEV,21.5,2.0,43.0,Credit Card,In-store,2023-08-09,False,1691539200
TXN_8778726,CUST_22,Food,Item_14_FOOD,24.5,3.0,73.5,Credit Card,Online,2022-02-14,True,1644796800
TXN_4689214,CUST_15,Electric household essentials,Item_15_EHE,26.0,9.0,234.0,Cash,In-store,2023-12-24,False,1703376000
TXN_7141723,CUST_01,Butchers,Item_23_BUT,38.0,6.0,228.0,Cash,Online,2022-10-31,False,1667174400
TXN_4663019,CUST_06,Food,Item_18_FOOD,30.5,1.0,30.5,Credit Card,In-store,2022-11-29,True,1669680000
TXN_4304226,CUST_05,Butchers,Item_17_BUT,29.0,6.0,174.0,Credit Card,In-store,2023-09-16,False,1694822400
TXN_8837973,CUST_18,Computers and electric accessories,Item_23_CEA,38.0,9.0,342.0,Digital Wallet,In-store,2024-12-29,True,1735430400
TXN_6633776,CUST_12,Beverages,Item_19_BEV,32.0,6.0,192.0,Credit Card,In-store,2023-07-06,False,1688601600
TXN_1914649,CUST_22,Furniture,Item_6_FUR,12.5,2.0,25.0,Digital Wallet,Online,2023-11-03,True,1698969600
TXN_1175007,CUST_01,Computers and electric accessories,Item_20_CEA,33.5,6.0,201.0,Cash,Online,2024-07-10,False,1720569600
TXN_9252739,CUST_23,Milk Products,Item_18_MILK,30.5,10.0,305.0,Digital Wallet,Online,2023-01-13,True,1673568000
TXN_2453156,CUST_21,Furniture,Item_25_FUR,41.0,1.0,41.0,Credit Card,Online,2022-09-02,False,1662076800
TXN_2694211,CUST_24,Beverages,Item_3_BEV,8.0,3.0,24.0,Credit Card,In-store,2023-02-19,True,1676764800
TXN_9761735,CUST_02,Electric household essentials,Item_23_EHE,38.0,7.0,266.0,Digital Wallet,In-store,2024-10-06,False,1728172800
TXN_3206739,CUST_10,Electric household essentials,Item_12_EHE,21.5,7.0,150.5,Cash,In-store,2023-06-21,False,1687305600
TXN_6866951,CUST_04,Electric household essentials,Item_20_EHE,33.5,9.0,301.5,Credit Card,Online,2023-09-24,True,1695513600
TXN_1178688,CUST_17,Beverages,Item_12_BEV,21.5,3.0,64.5,Cash,Online,2023-10-15,True,1697328000
TXN_4030585,CUST_11,Computers and electric accessories,Item_1_CEA,5.0,10.0,50.0,Cash,In-store,2022-02-04,True,1643932800
TXN_5206226,CUST_15,Butchers,Item_22_BUT,36.5,2.0,73.0,Digital Wallet,In-store,2024-11-07,False,1730937600
TXN_2400589,CUST_03,Butchers,Item_23_BUT,38.0,4.0,152.0,Credit Card,In-store,2023-07-19,True,1689724800
TXN_5968294,CUST_09,Electric household essentials,Item_12_EHE,21.5,3.0,64.5,Digital Wallet,Online,2024-05-13,True,1715558400
TXN_7597821,CUST_01,Butchers,Item_25_BUT,41.0,5.0,205.0,Credit Card,In-store,2024-05-18,True,1715990400
TXN_9013787,CUST_19,Patisserie,Item_11_PAT,20.0,4.0,80.0,Cash,In-store,2024-10-27,False,1729987200
TXN_1833797,CUST_08,Food,Item_6_FOOD,12.5,10.0,125.0,Digital Wallet,In-store,2022-03-29,False,1648512000
TXN_5356552,CUST_09,Milk Products,Item_1_MILK,5.0,8.0,40.0,Credit Card,In-store,2023-10-19,True,1697673600
TXN_1293495,CUST_03,Butchers,Item_1_BUT,5.0,6.0,30.0,Digital Wallet,In-store,2023-11-10,False,1699574400
TXN_9760364,CUST_16,Furniture,Item_5_FUR,11.0,5.0,55.0,Credit Card,Online,2022-01-26,True,1643155200
TXN_1284380,CUST_06,Electric household essentials,Item_8_EHE,15.5,4.0,62.0,Cash,In-store,2023-07-14,True,1689292800
TXN_9306598,CUST_24,Computers and electric accessories,Item_21_CEA,35.0,10.0,350.0,Credit Card,Online,2022-09-01,False,1661990400
TXN_1877280,CUST_25,Patisserie,Item_9_PAT,17.0,8.0,136.0,Digital Wallet,In-store,2023-09-01,True,1693526400
TXN_4131069,CUST_14,Milk Products,Item_16_MILK,27.5,10.0,275.0,Digital Wallet,In-store,2022-11-17,False,1668643200
TXN_2691217,CUST_17,Furniture,Item_11_FUR,20.0,2.0,40.0,Credit Card,Online,2024-08-11,True,1723334400
TXN_3642493,CUST_06,Furniture,Item_15_FUR,26.0,5.0,130.0,Credit Card,Online,2024-11-30,False,1732924800
TXN_8849152,CUST_05,Food,Item_12_FOOD,21.5,1.0,21.5,Cash,Online,2022-08-15,True,1660521600
TXN_8430322,CUST_01,Patisserie,Item_2_PAT,6.5,10.0,65.0,Cash,Online,2022-03-06,False,1646524800
TXN_2813616,CUST_07,Beverages,Item_20_BEV,33.5,5.0,167.5,Cash,Online,2023-11-19,True,1700352000
TXN_9748731,CUST_08,Computers and electric accessories,Item_22_CEA,36.5,1.0,36.5,Digital Wallet,Online,2024-11-28,False,1732752000
TXN_7309819,CUST_21,Food,Item_9_FOOD,17.0,7.0,119.0,Cash,Online,2024-11-11,True,1731283200
TXN_7358431,CUST_13,Butchers,Item_13_BUT,23.0,4.0,92.0,Cash,In-store,2023-02-26,False,1677369600
TXN_1806809,CUST_18,Computers and electric accessories,Item_8_CEA,15.5,9.0,139.5,Credit Card,In-store,2024-07-08,False,1720396800
TXN_4858882,CUST_19,Electric household essentials,Item_25_EHE,41.0,10.0,410.0,Digital Wallet,Online,2023-12-20,True,1703030400
TXN_2024907,CUST_24,Milk Products,Item_16_MILK,27.5,4.0,110.0,Cash,Online,2025-01-10,True,1736467200
TXN_2427553,CUST_17,Computers and electric accessories,Item_23_CEA,38.0,3.0,114.0,Cash,Online,2023-03-09,False,1678320000
TXN_1990804,CUST_23,Food,Item_20_FOOD,33.5,9.0,301.5,Cash,In-store,2022-06-08,False,1654646400
TXN_6330492,CUST_13,Beverages,Item_20_BEV,33.5,8.0,268.0,Cash,In-store,2023-05-26,False,1685059200
TXN_5680991,CUST_19,Patisserie,Item_17_PAT,29.0,8.0,232.0,Digital Wallet,In-store,2023-08-24,True,1692835200
TXN_5706555,CUST_13,Furniture,Item_12_FUR,21.5,1.0,21.5,Cash,Online,2024-05-06,True,1714953600
TXN_4227145,CUST_14,Computers and electric accessories,Item_14_CEA,24.5,7.0,171.5,Cash,In-store,2024-06-25,True,1719273600
TXN_1749831,CUST_12,Beverages,Item_19_BEV,32.0,8.0,256.0,Digital Wallet,In-store,2023-09-06,True,1693958400
TXN_5091925,CUST_24,Furniture,Item_23_FUR,38.0,10.0,380.0,Cash,In-store,2024-06-18,True,1718668800
TXN_3774966,CUST_08,Beverages,Item_11_BEV,20.0,8.0,160.0,Cash,Online,2023-02-18,True,1676678400
TXN_8874924,CUST_13,Milk Products,Item_6_MILK,12.5,9.0,112.5,Credit Card,In-store,2024-04-25,True,1714003200
TXN_3324893,CUST_11,Butchers,Item_6_BUT,12.5,9.0,112.5,Cash,Online,2023-03-11,True,1678492800
TXN_2800453,CUST_08,Computers and electric accessories,Item_15_CEA,26.0,4.0,104.0,Digital Wallet,In-store,2022-06-26,True,1656201600
TXN_3869190,CUST_10,Electric household essentials,Item_4_EHE,9.5,7.0,66.5,Credit Card,In-store,2024-07-21,True,1721520000
TXN_1733096,CUST_10,Furniture,Item_11_FUR,20.0,8.0,160.0,Cash,Online,2023-06-11,False,1686441600
TXN_8343511,CUST_10,Computers and electric accessories,Item_7_CEA,14.0,10.0,140.0,Digital Wallet,In-store,2023-12-25,False,1703462400
TXN_6724745,CUST_16,Electric household essentials,Item_20_EHE,33.5,9.0,301.5,Cash,Online,2022-07-25,False,1658707200
TXN_9620521,CUST_14,Beverages,Item_16_BEV,27.5,2.0,55.0,Cash,Online,2022-07-19,False,1658188800
TXN_3452469,CUST_05,Computers and electric accessories,Item_23_CEA,38.0,7.0,266.0,Digital Wallet,In-store,2023-04-08,True,1680912000
TXN_8713017,CUST_02,Computers and electric accessories,Item_13_CEA,23.0,7.0,161.0,Credit Card,Online,2024-12-02,True,1733097600
TXN_4477147,CUST_20,Furniture,Item_2_FUR,6.5,1.0,6.5,Cash,In-store,2022-04-28,True,1651104000
TXN_1102901,CUST_16,Patisserie,Item_14_PAT,24.5,10.0,245.0,Cash,Online,2022-03-17,True,1647475200
TXN_4631871,CUST_04,Electric household essentials,Item_16_EHE,27.5,5.0,137.5,Digital Wallet,In-store,2024-10-24,False,1729728000
TXN_1981490,CUST_17,Beverages,Item_25_BEV,41.0,4.0,164.0,Digital Wallet,In-store,2022-12-12,False,1670803200
TXN_1265621,CUST_03,Electric household essentials,Item_22_EHE,36.5,8.0,292.0,Digital Wallet,Online,2022-01-11,True,1641859200
TXN_4481593,CUST_25,Butchers,Item_23_BUT,38.0,8.0,304.0,Cash,Online,2022-11-23,True,1669161600
TXN_1192429,CUST_01,Beverages,Item_7_BEV,14.0,3.0,42.0,Cash,In-store,2024-06-20,False,1718841600
TXN_3503862,CUST_07,Patisserie,Item_1_PAT,5.0,9.0,45.0,Cash,Online,2022-03-08,True,1646697600
TXN_6376057,CUST_18,Electric household essentials,Item_6_EHE,12.5,7.0,87.5,Digital Wallet,In-store,2023-10-11,True,1696982400
TXN_3290440,CUST_04,Butchers,Item_21_BUT,35.0,8.0,280.0,Credit Card,In-store,2024-09-27,True,1727395200
TXN_5613380,CUST_01,Beverages,Item_22_BEV,36.5,10.0,365.0,Credit Card,In-store,2024-04-03,True,1712102400
TXN_2634971,CUST_02,Furniture,Item_11_FUR,20.0,2.0,40.0,Credit Card,Online,2022-11-29,False,1669680000
TXN_3978048,CUST_24,Electric household essentials,Item_16_EHE,27.5,2.0,55.0,Credit Card,Online,2024-04-26,True,1714089600
TXN_8834253,CUST_01,Patisserie,Item_16_PAT,27.5,7.0,192.5,Digital Wallet,In-store,2024-02-06,False,1707177600
TXN_1822926,CUST_25,Beverages,Item_4_BEV,9.5,1.0,9.5,Credit Card,Online,2022-03-25,True,1648166400
TXN_5152448,CUST_11,Butchers,Item_1_BUT,5.0,4.0,20.0,Credit Card,In-store,2023-11-13,True,1699833600
TXN_8785041,CUST_13,Beverages,Item_19_BEV,32.0,5.0,160.0,Digital Wallet,In-store,2022-03-05,False,1646438400
TXN_5563568,CUST_21,Patisserie,Item_1_PAT,5.0,7.0,35.0,Cash,Online,2023-01-30,False,1675036800
TXN_5110591,CUST_19,Beverages,Item_3_BEV,8.0,3.0,24.0,Credit Card,In-store,2023-02-22,True,1677024000
TXN_8753170,CUST_18,Butchers,Item_15_BUT,26.0,4.0,104.0,Cash,Online,2022-10-24,True,1666569600
TXN_7437993,CUST_23,Furniture,Item_24_FUR,39.5,1.0,39.5,Digital Wallet,In-store,2022-07-12,False,1657584000
TXN_6010260,CUST_14,Beverages,Item_22_BEV,36.5,1.0,36.5,Digital Wallet,In-store,2023-07-21,True,1689897600
TXN_9444336,CUST_13,Food,Item_10_FOOD,18.5,10.0,185.0,Cash,Online,2024-10-29,False,1730160000
TXN_2184078,CUST_07,Butchers,Item_12_BUT,21.5,3.0,64.5,Credit Card,Online,2023-11-10,False,1699574400
TXN_9276926,CUST_09,Butchers,Item_22_BUT,36.5,1.0,36.5,Credit Card,In-store,2022-10-25,True,1666656000
TXN_6677830,CUST_25,Electric household essentials,Item_16_EHE,27.5,2.0,55.0,Cash,Online,2022-12-22,False,1671667200
TXN_9540418,CUST_05,Electric household essentials,Item_3_EHE,8.0,5.0,40.0,Cash,In-store,2024-04-13,True,1712966400
TXN_1166621,CUST_23,Beverages,Item_22_BEV,36.5,6.0,219.0,Digital Wallet,Online,2022-04-30,False,1651276800
TXN_7628356,CUST_03,Food,Item_25_FOOD,41.0,4.0,164.0,Credit Card,Online,2024-03-29,False,1711670400
TXN_4243232,CUST_01,Patisserie,Item_8_PAT,15.5,4.0,62.0,Cash,Online,2022-10-06,False,1665014400
TXN_5227674,CUST_23,Beverages,Item_12_BEV,21.5,10.0,215.0,Credit Card,In-store,2022-07-27,False,1658880000
TXN_5105777,CUST_22,Butchers,Item_22_BUT,36.5,5.0,182.5,Credit Card,Online,2022-04-05,False,1649116800
TXN_3001024,CUST_16,Milk Products,Item_3_MILK,8.0,3.0,24.0,Digital Wallet,In-store,2022-07-04,True,1656892800
TXN_9387439,CUST_03,Patisserie,Item_14_PAT,24.5,10.0,245.0,Digital Wallet,In-store,2024-10-27,True,1729987200
TXN_5575598,CUST_24,Food,Item_22_FOOD,36.5,10.0,365.0,Digital Wallet,In-store,2022-02-11,False,1644537600
TXN_4031068,CUST_23,Electric household essentials,Item_22_EHE,36.5,9.0,328.5,Digital Wallet,Online,2022-01-31,False,1643587200
TXN_1483524,CUST_22,Electric household essentials,Item_11_EHE,20.0,4.0,80.0,Cash,Online,2023-03-11,True,1678492800
TXN_7921654,CUST_25,Food,Item_4_FOOD,9.5,10.0,95.0,Cash,Online,2023-01-22,True,1674345600
TXN_9067549,CUST_15,Patisserie,Item_10_PAT,18.5,3.0,55.5,Credit Card,Online,2022-08-18,False,1660780800
TXN_9207641,CUST_24,Milk Products,Item_13_MILK,23.0,7.0,161.0,Cash,Online,2024-12-20,False,1734652800
TXN_8215831,CUST_02,Butchers,Item_6_BUT,12.5,6.0,75.0,Cash,In-store,2023-07-13,False,1689206400
TXN_5171758,CUST_19,Electric household essentials,Item_21_EHE,35.0,10.0,350.0,Digital Wallet,Online,2022-02-07,True,1644192000
TXN_3317458,CUST_05,Milk Products,Item_7_MILK,14.0,9.0,126.0,Cash,Online,2022-10-23,True,1666483200
TXN_8830035,CUST_17,Furniture,Item_25_FUR,41.0,10.0,410.0,Digital Wallet,Online,2022-07-05,True,1656979200
TXN_1535908,CUST_10,Milk Products,Item_20_MILK,33.5,10.0,335.0,Credit Card,In-store,2022-01-04,False,1641254400
TXN_4142429,CUST_20,Furniture,Item_11_FUR,20.0,1.0,20.0,Digital Wallet,Online,2022-12-14,True,1670976000
TXN_9451154,CUST_05,Butchers,Item_8_BUT,15.5,8.0,124.0,Cash,Online,2023-06-26,True,1687737600
TXN_3061840,CUST_06,Electric household essentials,Item_14_EHE,24.5,5.0,122.5,Credit Card,Online,2024-09-12,True,1726099200
TXN_4373165,CUST_13,Furniture,Item_9_FUR,17.0,8.0,136.0,Credit Card,Online,2024-05-03,True,1714694400
TXN_3614311,CUST_01,Patisserie,Item_4_PAT,9.5,10.0,95.0,Digital Wallet,Online,2023-01-29,False,1674950400
TXN_8489843,CUST_06,Food,Item_18_FOOD,30.5,7.0,213.5,Cash,In-store,2022-03-20,False,1647734400
TXN_1915866,CUST_14,Patisserie,Item_23_PAT,38.0,5.0,190.0,Credit Card,Online,2024-08-15,True,1723680000
TXN_5995528,CUST_19,Computers and electric accessories,Item_5_CEA,11.0,9.0,99.0,Digital Wallet,In-store,2023-01-14,True,1673654400
TXN_3719328,CUST_12,Milk Products,Item_13_MILK,23.0,3.0,69.0,Credit Card,In-store,2022-05-15,True,1652572800
TXN_2854112,CUST_24,Milk Products,Item_19_MILK,32.0,7.0,224.0,Credit Card,Online,2024-01-23,True,1705968000
TXN_3971163,CUST_17,Butchers,Item_1_BUT,5.0,9.0,45.0,Digital Wallet,Online,2022-07-29,True,1659052800
TXN_8162077,CUST_10,Milk Products,Item_11_MILK,20.0,5.0,100.0,Cash,In-store,2023-04-30,True,1682812800
TXN_9448652,CUST_15,Computers and electric accessories,Item_17_CEA,29.0,7.0,203.0,Digital Wallet,In-store,2024-02-01,True,1706745600
TXN_4283333,CUST_09,Food,Item_18_FOOD,30.5,4.0,122.0,Credit Card,Online,2024-09-06,False,1725580800
TXN_9392209,CUST_07,Patisserie,Item_16_PAT,27.5,8.0,220.0,Digital Wallet,Online,2023-02-28,False,1677542400
TXN_7061932,CUST_07,Furniture,Item_25_FUR,41.0,2.0,82.0,Digital Wallet,In-store,2023-07-07,True,1688688000
TXN_3545055,CUST_09,Milk Products,Item_7_MILK,14.0,4.0,56.0,Credit Card,In-store,2024-09-12,False,1726099200
TXN_2573398,CUST_10,Butchers,Item_22_BUT,36.5,4.0,146.0,Credit Card,In-store,2024-04-15,True,1713139200
TXN_7220136,CUST_12,Butchers,Item_23_BUT,38.0,6.0,228.0,Cash,In-store,2022-11-19,False,1668816000
TXN_6126205,CUST_25,Computers and electric accessories,Item_3_CEA,8.0,9.0,72.0,Digital Wallet,In-store,2022-04-23,False,1650672000
TXN_5341574,CUST_01,Computers and electric accessories,Item_7_CEA,14.0,6.0,84.0,Cash,In-store,2023-10-23,False,1698019200
TXN_9255550,CUST_07,Milk Products,Item_20_MILK,33.5,1.0,33.5,Digital Wallet,Online,2024-09-04,True,1725408000
TXN_9682013,CUST_13,Computers and electric accessories,Item_12_CEA,21.5,6.0,129.0,Cash,Online,2023-03-02,True,1677715200
TXN_5416951,CUST_25,Furniture,Item_8_FUR,15.5,1.0,15.5,Credit Card,In-store,2024-05-27,False,1716768000
TXN_1726888,CUST_03,Patisserie,Item_23_PAT,38.0,8.0,304.0,Digital Wallet,Online,2022-06-21,False,1655769600
TXN_1949980,CUST_22,Beverages,Item_17_BEV,29.0,3.0,87.0,Credit Card,Online,2024-03-03,False,1709424000
TXN_3513596,CUST_08,Computers and electric accessories,Item_11_CEA,20.0,1.0,20.0,Credit Card,Online,2022-06-12,False,1654992000
TXN_1933506,CUST_13,Food,Item_6_FOOD,12.5,2.0,25.0,Digital Wallet,In-store,2024-12-17,False,1734393600
TXN_8441291,CUST_18,Food,Item_8_FOOD,15.5,9.0,139.5,Digital Wallet,Online,2024-03-02,True,1709337600
TXN_9602143,CUST_07,Butchers,Item_12_BUT,21.5,3.0,64.5,Credit Card,In-store,2022-08-01,False,1659312000
TXN_1021697,CUST_18,Patisserie,Item_23_PAT,38.0,6.0,228.0,Cash,Online,2022-08-18,True,1660780800
TXN_3962481,CUST_13,Electric household essentials,Item_12_EHE,21.5,3.0,64.5,Credit Card,In-store,2024-02-02,False,1706832000
TXN_4865783,CUST_05,Beverages,Item_21_BEV,35.0,9.0,315.0,Cash,In-store,2023-11-30,True,1701302400
TXN_4132386,CUST_06,Butchers,Item_15_BUT,26.0,2.0,52.0,Digital Wallet,In-store,2022-07-25,True,1658707200
TXN_2744981,CUST_24,Milk Products,Item_15_MILK,26.0,6.0,156.0,Cash,In-store,2022-01-05,True,1641340800
TXN_2689920,CUST_21,Food,Item_5_FOOD,11.0,2.0,22.0,Cash,In-store,2024-02-29,True,1709164800
TXN_6471785,CUST_06,Food,Item_25_FOOD,41.0,1.0,41.0,Digital Wallet,Online,2024-01-30,True,1706572800
TXN_5969171,CUST_03,Food,Item_12_FOOD,21.5,3.0,64.5,Digital Wallet,Online,2022-03-24,False,1648080000
TXN_7248220,CUST_08,Beverages,Item_2_BEV,6.5,1.0,6.5,Cash,In-store,2024-09-05,True,1725494400
TXN_4070576,CUST_18,Computers and electric accessories,Item_9_CEA,17.0,6.0,102.0,Credit Card,In-store,2022-03-19,True,1647648000
TXN_5889960,CUST_15,Patisserie,Item_17_PAT,29.0,9.0,261.0,Digital Wallet,In-store,2023-07-10,True,1688947200
TXN_2614296,CUST_22,Beverages,Item_24_BEV,39.5,6.0,237.0,Cash,In-store,2024-03-11,True,1710115200
TXN_4051562,CUST_11,Computers and electric accessories,Item_15_CEA,26.0,1.0,26.0,Cash,In-store,2023-09-06,True,1693958400
TXN_2024171,CUST_05,Butchers,Item_13_BUT,23.0,7.0,161.0,Digital Wallet,Online,2025-01-12,True,1736640000
TXN_7109230,CUST_08,Butchers,Item_13_BUT,23.0,2.0,46.0,Digital Wallet,Online,2023-06-26,True,1687737600
TXN_1880096,CUST_12,Butchers,Item_23_BUT,38.0,5.0,190.0,Credit Card,In-store,2022-03-20,False,1647734400
TXN_4467507,CUST_01,Beverages,Item_25_BEV,41.0,2.0,82.0,Credit Card,Online,2023-07-24,True,1690156800
TXN_2128705,CUST_01,Beverages,Item_8_BEV,15.5,1.0,15.5,Digital Wallet,In-store,2024-05-14,False,1715644800
TXN_8144943,CUST_04,Computers and electric accessories,Item_17_CEA,29.0,4.0,116.0,Cash,Online,2022-09-29,False,1664409600
TXN_7347397,CUST_24,Milk Products,Item_16_MILK,27.5,3.0,82.5,Cash,In-store,2023-12-28,True,1703721600
TXN_5735723,CUST_05,Electric household essentials,Item_1_EHE,5.0,8.0,40.0,Digital Wallet,Online,2022-11-26,True,1669420800
TXN_4989570,CUST_03,Food,Item_6_FOOD,12.5,7.0,87.5,Digital Wallet,Online,2023-08-23,True,1692748800
TXN_6886810,CUST_12,Computers and electric accessories,Item_16_CEA,27.5,2.0,55.0,Digital Wallet,Online,2023-09-13,True,1694563200
TXN_6555696,CUST_23,Computers and electric accessories,Item_5_CEA,11.0,9.0,99.0,Credit Card,In-store,2022-05-27,False,1653609600
TXN_4704657,CUST_03,Food,Item_11_FOOD,20.0,6.0,120.0,Digital Wallet,Online,2023-04-23,False,1682208000
TXN_3922622,CUST_19,Furniture,Item_24_FUR,39.5,4.0,158.0,Digital Wallet,Online,2022-03-03,True,1646265600
TXN_3270223,CUST_08,Computers and electric accessories,Item_2_CEA,6.5,10.0,65.0,Cash,In-store,2022-09-14,True,1663113600
TXN_4315111,CUST_11,Milk Products,Item_10_MILK,18.5,10.0,185.0,Digital Wallet,Online,2023-05-26,False,1685059200
TXN_3568126,CUST_24,Electric household essentials,Item_16_EHE,27.5,6.0,165.0,Digital Wallet,In-store,2022-10-18,False,1666051200
TXN_4778944,CUST_20,Computers and electric accessories,Item_23_CEA,38.0,4.0,152.0,Credit Card,In-store,2023-01-30,False,1675036800
TXN_7951378,CUST_02,Milk Products,Item_24_MILK,39.5,10.0,395.0,Credit Card,In-store,2022-01-17,False,1642377600
TXN_6619258,CUST_21,Butchers,Item_3_BUT,8.0,1.0,8.0,Credit Card,Online,2023-12-27,True,1703635200
TXN_6427135,CUST_10,Beverages,Item_12_BEV,21.5,2.0,43.0,Credit Card,In-store,2023-11-09,False,1699488000
TXN_6015616,CUST_06,Electric household essentials,Item_20_EHE,33.5,4.0,134.0,Cash,Online,2022-05-30,True,1653868800
TXN_6770695,CUST_21,Furniture,Item_15_FUR,26.0,3.0,78.0,Cash,In-store,2022-03-31,True,1648684800
TXN_1213004,CUST_19,Food,Item_12_FOOD,21.5,2.0,43.0,Credit Card,In-store,2022-03-18,False,1647561600
TXN_6076046,CUST_18,Milk Products,Item_3_MILK,8.0,1.0,8.0,Cash,Online,2024-01-25,True,1706140800
TXN_4594043,CUST_17,Butchers,Item_2_BUT,6.5,7.0,45.5,Credit Card,In-store,2025-01-09,True,1736380800
TXN_1317207,CUST_06,Food,Item_9_FOOD,17.0,3.0,51.0,Cash,Online,2023-03-29,False,1680048000
TXN_7497632,CUST_25,Butchers,Item_21_BUT,35.0,4.0,140.0,Cash,In-store,2022-12-11,False,1670716800
TXN_6841543,CUST_05,Butchers,Item_22_BUT,36.5,3.0,109.5,Cash,In-store,2022-01-03,True,1641168000
TXN_9463668,CUST_05,Electric household essentials,Item_25_EHE,41.0,2.0,82.0,Credit Card,Online,2022-06-26,False,1656201600
TXN_9807056,CUST_19,Milk Products,Item_1_MILK,5.0,4.0,20.0,Digital Wallet,In-store,2022-03-04,False,1646352000
TXN_1842699,CUST_16,Electric household essentials,Item_20_EHE,33.5,3.0,100.5,Digital Wallet,Online,2022-06-04,True,1654300800
TXN_2025936,CUST_01,Beverages,Item_17_BEV,29.0,2.0,58.0,Digital Wallet,Online,2023-07-26,True,1690329600
TXN_2415104,CUST_12,Food,Item_9_FOOD,17.0,2.0,34.0,Digital Wallet,In-store,2023-05-25,True,1684972800
TXN_3314427,CUST_03,Butchers,Item_12_BUT,21.5,3.0,64.5,Credit Card,In-store,2023-09-22,False,1695340800
TXN_7569506,CUST_08,Butchers,Item_25_BUT,41.0,1.0,41.0,Digital Wallet,Online,2022-11-10,False,1668038400
TXN_9522873,CUST_25,Computers and electric accessories,Item_5_CEA,11.0,9.0,99.0,Digital Wallet,Online,2022-12-27,False,1672099200
TXN_8036485,CUST_05,Beverages,Item_20_BEV,33.5,9.0,301.5,Credit Card,Online,2022-02-28,True,1646006400
TXN_5193663,CUST_07,Patisserie,Item_11_PAT,20.0,5.0,100.0,Digital Wallet,Online,2024-02-11,False,1707609600
TXN_3519634,CUST_19,Butchers,Item_15_BUT,26.0,7.0,182.0,Credit Card,Online,2022-09-28,False,1664323200
TXN_2135357,CUST_05,Butchers,Item_21_BUT,35.0,1.0,35.0,Cash,Online,2023-07-21,True,1689897600
TXN_7997772,CUST_16,Electric household essentials,Item_1_EHE,5.0,7.0,35.0,Digital Wallet,In-store,2023-03-09,False,1678320000
TXN_7556855,CUST_15,Butchers,Item_23_BUT,38.0,3.0,114.0,Digital Wallet,In-store,2024-01-10,True,1704844800
TXN_3849990,CUST_08,Furniture,Item_6_FUR,12.5,10.0,125.0,Credit Card,Online,2022-01-27,False,1643241600
TXN_2860283,CUST_04,Electric household essentials,Item_1_EHE,5.0,2.0,10.0,Credit Card,In-store,2024-06-15,True,1718409600
TXN_9865472,CUST_24,Furniture,Item_25_FUR,41.0,1.0,41.0,Digital Wallet,In-store,2023-05-18,True,1684368000
TXN_1731329,CUST_16,Computers and electric accessories,Item_12_CEA,21.5,2.0,43.0,Credit Card,In-store,2022-01-16,True,1642291200
TXN_5332685,CUST_07,Butchers,Item_19_BUT,32.0,10.0,320.0,Cash,In-store,2022-09-03,False,1662163200
TXN_8545700,CUST_11,Patisserie,Item_16_PAT,27.5,7.0,192.5,Credit Card,Online,2022-05-13,False,1652400000
TXN_9750559,CUST_18,Patisserie,Item_23_PAT,38.0,2.0,76.0,Cash,Online,2023-01-24,True,1674518400
TXN_5056575,CUST_10,Food,Item_9_FOOD,17.0,1.0,17.0,Cash,Online,2022-03-28,True,1648425600
TXN_3404251,CUST_10,Patisserie,Item_6_PAT,12.5,7.0,87.5,Cash,In-store,2024-04-02,True,1712016000
TXN_5458839,CUST_05,Food,Item_2_FOOD,6.5,9.0,58.5,Credit Card,Online,2023-08-15,True,1692057600
TXN_7878130,CUST_15,Milk Products,Item_25_MILK,41.0,8.0,328.0,Digital Wallet,In-store,2024-03-20,True,1710892800
TXN_1829811,CUST_04,Patisserie,Item_11_PAT,20.0,7.0,140.0,Credit Card,Online,2022-12-20,False,1671494400
TXN_8275640,CUST_24,Butchers,Item_25_BUT,41.0,4.0,164.0,Cash,In-store,2022-07-05,False,1656979200
TXN_4265335,CUST_05,Food,Item_20_FOOD,33.5,1.0,33.5,Cash,Online,2023-06-22,True,1687392000
TXN_9818960,CUST_10,Beverages,Item_2_BEV,6.5,5.0,32.5,Credit Card,In-store,2022-04-08,False,1649376000
TXN_5436478,CUST_13,Computers and electric accessories,Item_20_CEA,33.5,8.0,268.0,Cash,Online,2023-12-21,True,1703116800
TXN_2869668,CUST_18,Patisserie,Item_25_PAT,41.0,4.0,164.0,Digital Wallet,Online,2023-03-27,True,1679875200
TXN_2781577,CUST_04,Electric household essentials,Item_15_EHE,26.0,2.0,52.0,Cash,Online,2023-01-13,False,1673568000
TXN_1322913,CUST_18,Food,Item_11_FOOD,20.0,4.0,80.0,Digital Wallet,Online,2022-09-20,True,1663632000
TXN_8255668,CUST_22,Milk Products,Item_11_MILK,20.0,4.0,80.0,Digital Wallet,In-store,2024-09-07,True,1725667200
TXN_5546642,CUST_05,Computers and electric accessories,Item_19_CEA,32.0,3.0,96.0,Credit Card,Online,2023-09-09,False,1694217600
TXN_3254399,CUST_17,Butchers,Item_13_BUT,23.0,5.0,115.0,Cash,Online,2023-09-18,False,1694995200
TXN_4444444,CUST_23,Computers and electric accessories,Item_16_CEA,27.5,1.0,27.5,Credit Card,In-store,2022-11-14,False,1668384000
TXN_6912966,CUST_19,Butchers,Item_20_BUT,33.5,6.0,201.0,Digital Wallet,In-store,2024-10-10,False,1728518400
TXN_9605931,CUST_16,Electric household essentials,Item_13_EHE,23.0,9.0,207.0,Credit Card,Online,2022-12-26,False,1672012800
TXN_2477555,CUST_20,Butchers,Item_1_BUT,5.0,1.0,5.0,Credit Card,In-store,2024-01-01,False,1704067200
TXN_3864173,CUST_08,Electric household essentials,Item_13_EHE,23.0,5.0,115.0,Cash,In-store,2023-12-06,True,1701820800
TXN_8485060,CUST_01,Furniture,Item_11_FUR,20.0,6.0,120.0,Digital Wallet,Online,2024-07-08,True,1720396800
TXN_3826429,CUST_22,Electric household essentials,Item_6_EHE,12.5,9.0,112.5,Cash,Online,2024-05-19,False,1716076800
TXN_6263624,CUST_21,Electric household essentials,Item_21_EHE,35.0,8.0,280.0,Digital Wallet,Online,2023-11-29,False,1701216000
TXN_6379138,CUST_17,Food,Item_14_FOOD,24.5,9.0,220.5,Credit Card,In-store,2023-12-14,False,1702512000
TXN_2220459,CUST_14,Electric household essentials,Item_12_EHE,21.5,7.0,150.5,Cash,Online,2024-09-28,False,1727481600
TXN_9739398,CUST_11,Furniture,Item_20_FUR,33.5,5.0,167.5,Digital Wallet,In-store,2022-07-09,True,1657324800
TXN_5844928,CUST_19,Beverages,Item_14_BEV,24.5,6.0,147.0,Credit Card,Online,2024-09-09,True,1725840000
TXN_5442078,CUST_08,Food,Item_5_FOOD,11.0,7.0,77.0,Credit Card,Online,2023-07-31,True,1690761600
TXN_7093465,CUST_12,Beverages,Item_25_BEV,41.0,8.0,328.0,Credit Card,In-store,2024-07-07,False,1720310400
TXN_4132764,CUST_19,Computers and electric accessories,Item_12_CEA,21.5,9.0,193.5,Digital Wallet,In-store,2022-05-19,True,1652918400
TXN_7575240,CUST_22,Butchers,Item_15_BUT,26.0,10.0,260.0,Digital Wallet,In-store,2023-05-19,False,1684454400
TXN_5081040,CUST_04,Electric household essentials,Item_15_EHE,26.0,7.0,182.0,Cash,In-store,2022-01-23,True,1642896000
TXN_8018205,CUST_20,Computers and electric accessories,Item_1_CEA,5.0,7.0,35.0,Cash,Online,2022-05-22,True,1653177600
TXN_2211997,CUST_11,Food,Item_18_FOOD,30.5,10.0,305.0,Digital Wallet,Online,2023-05-27,True,1685145600
TXN_7037135,CUST_13,Food,Item_24_FOOD,39.5,3.0,118.5,Credit Card,In-store,2022-04-18,False,1650240000
TXN_4030118,CUST_04,Computers and electric accessories,Item_10_CEA,18.5,4.0,74.0,Credit Card,In-store,2022-11-20,False,1668902400
TXN_8670643,CUST_11,Milk Products,Item_22_MILK,36.5,1.0,36.5,Digital Wallet,Online,2022-12-18,False,1671321600
TXN_1794604,CUST_16,Milk Products,Item_3_MILK,8.0,1.0,8.0,Digital Wallet,In-store,2023-07-03,False,1688342400
TXN_2563000,CUST_13,Milk Products,Item_17_MILK,29.0,5.0,145.0,Credit Card,Online,2022-10-22,False,1666396800
TXN_9901915,CUST_14,Beverages,Item_18_BEV,30.5,9.0,274.5,Credit Card,Online,2023-10-28,True,1698451200
TXN_5906554,CUST_09,Beverages,Item_9_BEV,17.0,8.0,136.0,Cash,Online,2023-10-12,False,1697068800
TXN_3614090,CUST_23,Beverages,Item_21_BEV,35.0,7.0,245.0,Credit Card,In-store,2024-12-01,False,1733011200
TXN_4287352,CUST_01,Electric household essentials,Item_13_EHE,23.0,1.0,23.0,Credit Card,In-store,2024-11-03,True,1730592000
TXN_6145546,CUST_24,Milk Products,Item_8_MILK,15.5,8.0,124.0,Cash,In-store,2023-12-14,False,1702512000
TXN_5515647,CUST_05,Butchers,Item_5_BUT,11.0,5.0,55.0,Cash,Online,2022-04-27,True,1651017600
TXN_8879912,CUST_15,Patisserie,Item_20_PAT,33.5,1.0,33.5,Credit Card,Online,2024-10-31,True,1730332800
TXN_5341621,CUST_16,Food,Item_10_FOOD,18.5,4.0,74.0,Credit Card,In-store,2022-07-06,False,1657065600
TXN_1940400,CUST_04,Electric household essentials,Item_20_EHE,33.5,3.0,100.5,Credit Card,In-store,2023-05-25,True,1684972800
TXN_2359902,CUST_13,Beverages,Item_12_BEV,21.5,7.0,150.5,Digital Wallet,In-store,2024-07-12,False,1720742400
TXN_2192117,CUST_03,Butchers,Item_23_BUT,38.0,1.0,38.0,Digital Wallet,Online,2023-06-01,True,1685577600
TXN_3470018,CUST_24,Beverages,Item_23_BEV,38.0,2.0,76.0,Cash,Online,2022-06-28,False,1656374400
TXN_5326454,CUST_09,Furniture,Item_21_FUR,35.0,4.0,140.0,Cash,Online,2022-05-06,False,1651795200
TXN_6090746,CUST_05,Furniture,Item_12_FUR,21.5,2.0,43.0,Cash,In-store,2022-03-02,True,1646179200
TXN_2503668,CUST_05,Food,Item_14_FOOD,24.5,7.0,171.5,Credit Card,Online,2024-03-22,False,1711065600
TXN_7533209,CUST_21,Patisserie,Item_18_PAT,30.5,10.0,305.0,Credit Card,Online,2024-11-22,False,1732233600
TXN_4238718,CUST_01,Computers and electric accessories,Item_23_CEA,38.0,2.0,76.0,Credit Card,Online,2024-01-19,False,1705622400
TXN_5215490,CUST_18,Butchers,Item_13_BUT,23.0,1.0,23.0,Digital Wallet,In-store,2024-09-18,False,1726617600
TXN_4195293,CUST_20,Milk Products,Item_12_MILK,21.5,9.0,193.5,Cash,In-store,2023-01-02,False,1672617600
TXN_9862117,CUST_20,Patisserie,Item_3_PAT,8.0,1.0,8.0,Credit Card,Online,2022-05-29,False,1653782400
TXN_1188804,CUST_02,Computers and electric accessories,Item_19_CEA,32.0,7.0,224.0,Digital Wallet,Online,2024-01-27,True,1706313600
TXN_7491390,CUST_03,Beverages,Item_6_BEV,12.5,10.0,125.0,Credit Card,Online,2024-12-06,True,1733443200
TXN_1576813,CUST_01,Milk Products,Item_23_MILK,38.0,8.0,304.0,Cash,Online,2024-12-13,True,1734048000
TXN_5956886,CUST_19,Milk Products,Item_8_MILK,15.5,9.0,139.5,Credit Card,In-store,2024-03-17,False,1710633600
TXN_4907871,CUST_20,Furniture,Item_19_FUR,32.0,1.0,32.0,Digital Wallet,Online,2023-04-26,False,1682467200
TXN_3945230,CUST_15,Electric household essentials,Item_8_EHE,15.5,2.0,31.0,Digital Wallet,Online,2023-04-24,False,1682294400
TXN_9344833,CUST_20,Butchers,Item_2_BUT,6.5,2.0,13.0,Credit Card,In-store,2022-05-28,True,1653696000
TXN_6583758,CUST_14,Furniture,Item_8_FUR,15.5,6.0,93.0,Cash,In-store,2024-04-21,True,1713657600
TXN_7953083,CUST_12,Electric household essentials,Item_19_EHE,32.0,6.0,192.0,Cash,In-store,2024-07-31,False,1722384000
TXN_4545070,CUST_06,Furniture,Item_5_FUR,11.0,3.0,33.0,Cash,In-store,2024-08-13,True,1723507200
TXN_5872878,CUST_24,Patisserie,Item_17_PAT,29.0,9.0,261.0,Credit Card,In-store,2023-06-20,True,1687219200
TXN_4053847,CUST_09,Computers and electric accessories,Item_12_CEA,21.5,1.0,21.5,Credit Card,Online,2022-05-29,True,1653782400
TXN_6053875,CUST_07,Computers and electric accessories,Item_11_CEA,20.0,10.0,200.0,Cash,Online,2024-09-16,False,1726444800
TXN_5498882,CUST_15,Food,Item_21_FOOD,35.0,6.0,210.0,Credit Card,Online,2024-05-18,True,1715990400
TXN_5162529,CUST_15,Milk Products,Item_8_MILK,15.5,8.0,124.0,Cash,Online,2023-08-22,False,1692662400
TXN_2663829,CUST_05,Furniture,Item_24_FUR,39.5,5.0,197.5,Credit Card,In-store,2022-11-28,False,1669593600
TXN_2964837,CUST_03,Beverages,Item_19_BEV,32.0,10.0,320.0,Cash,Online,2025-01-02,True,1735776000
TXN_3224940,CUST_11,Computers and electric accessories,Item_12_CEA,21.5,3.0,64.5,Digital Wallet,Online,2024-04-29,False,1714348800
TXN_6850087,CUST_11,Computers and electric accessories,Item_24_CEA,39.5,5.0,197.5,Digital Wallet,Online,2023-10-29,False,1698537600
TXN_3572918,CUST_19,Electric household essentials,Item_6_EHE,12.5,1.0,12.5,Cash,Online,2022-02-16,True,1644969600
TXN_9817044,CUST_09,Food,Item_13_FOOD,23.0,5.0,115.0,Digital Wallet,Online,2022-02-27,False,1645920000
TXN_9034288,CUST_01,Furniture,Item_5_FUR,11.0,1.0,11.0,Digital Wallet,Online,2022-04-09,False,1649462400
TXN_5184251,CUST_02,Milk Products,Item_7_MILK,14.0,4.0,56.0,Cash,In-store,2024-10-14,True,1728864000
TXN_1400422,CUST_25,Beverages,Item_17_BEV,29.0,7.0,203.0,Digital Wallet,In-store,2022-12-16,True,1671148800
TXN_1027160,CUST_15,Beverages,Item_20_BEV,33.5,10.0,335.0,Digital Wallet,In-store,2024-06-12,True,1718150400
TXN_7404210,CUST_19,Butchers,Item_23_BUT,38.0,3.0,114.0,Credit Card,In-store,2024-05-22,True,1716336000
TXN_4526782,CUST_05,Beverages,Item_16_BEV,27.5,4.0,110.0,Credit Card,In-store,2024-12-11,False,1733875200
TXN_5941938,CUST_08,Food,Item_10_FOOD,18.5,7.0,129.5,Cash,Online,2023-12-12,False,1702339200
TXN_8510020,CUST_16,Computers and electric accessories,Item_12_CEA,21.5,7.0,150.5,Cash,In-store,2024-10-24,True,1729728000
TXN_7893476,CUST_13,Food,Item_20_FOOD,33.5,9.0,301.5,Credit Card,In-store,2025-01-01,True,1735689600
TXN_8097956,CUST_21,Food,Item_5_FOOD,11.0,6.0,66.0,Digital Wallet,In-store,2023-08-27,False,1693094400
TXN_1197350,CUST_22,Butchers,Item_20_BUT,33.5,1.0,33.5,Digital Wallet,In-store,2024-06-10,True,1717977600
TXN_4952456,CUST_10,Milk Products,Item_6_MILK,12.5,8.0,100.0,Cash,In-store,2023-07-24,False,1690156800
TXN_4400958,CUST_23,Milk Products,Item_24_MILK,39.5,2.0,79.0,Digital Wallet,Online,2022-07-08,True,1657238400
TXN_5764401,CUST_08,Food,Item_15_FOOD,26.0,7.0,182.0,Credit Card,In-store,2024-06-03,False,1717372800
TXN_8151892,CUST_10,Beverages,Item_19_BEV,32.0,1.0,32.0,Cash,Online,2024-03-16,True,1710547200
TXN_1928530,CUST_06,Butchers,Item_25_BUT,41.0,4.0,164.0,Cash,Online,2024-02-08,True,1707350400
TXN_2059946,CUST_18,Electric household essentials,Item_10_EHE,18.5,6.0,111.0,Credit Card,In-store,2023-11-11,False,1699660800
TXN_4492291,CUST_16,Food,Item_21_FOOD,35.0,5.0,175.0,Digital Wallet,In-store,2024-03-18,True,1710720000
TXN_4438137,CUST_21,Food,Item_9_FOOD,17.0,10.0,170.0,Cash,In-store,2024-05-24,False,1716508800
TXN_2771113,CUST_17,Butchers,Item_7_BUT,14.0,3.0,42.0,Credit Card,In-store,2022-05-03,False,1651536000
TXN_9619028,CUST_08,Patisserie,Item_11_PAT,20.0,2.0,40.0,Credit Card,Online,2022-12-24,False,1671840000
TXN_9676174,CUST_09,Milk Products,Item_7_MILK,14.0,9.0,126.0,Credit Card,Online,2023-11-11,True,1699660800
TXN_6036315,CUST_23,Milk Products,Item_17_MILK,29.0,5.0,145.0,Credit Card,In-store,2022-06-10,False,1654819200
TXN_8192888,CUST_21,Furniture,Item_23_FUR,38.0,6.0,228.0,Credit Card,In-store,2024-03-01,False,1709251200
TXN_5536792,CUST_16,Computers and electric accessories,Item_18_CEA,30.5,10.0,305.0,Cash,In-store,2022-01-18,True,1642464000
TXN_7722346,CUST_02,Furniture,Item_23_FUR,38.0,6.0,228.0,Credit Card,In-store,2023-11-10,False,1699574400
TXN_1720595,CUST_23,Patisserie,Item_17_PAT,29.0,4.0,116.0,Digital Wallet,Online,2023-03-11,False,1678492800
TXN_5701956,CUST_07,Electric household essentials,Item_6_EHE,12.5,3.0,37.5,Credit Card,Online,2022-05-30,False,1653868800
TXN_1179909,CUST_22,Beverages,Item_12_BEV,21.5,7.0,150.5,Digital Wallet,Online,2023-05-21,False,1684627200
TXN_9950204,CUST_02,Electric household essentials,Item_5_EHE,11.0,6.0,66.0,Digital Wallet,In-store,2023-11-11,True,1699660800
TXN_8475688,CUST_05,Furniture,Item_24_FUR,39.5,4.0,158.0,Credit Card,In-store,2023-05-20,False,1684540800
TXN_5115935,CUST_05,Furniture,Item_11_FUR,20.0,4.0,80.0,Credit Card,Online,2022-07-31,True,1659225600
TXN_1733313,CUST_13,Computers and electric accessories,Item_4_CEA,9.5,2.0,19.0,Credit Card,Online,2024-09-27,False,1727395200
TXN_8351579,CUST_22,Electric household essentials,Item_19_EHE,32.0,3.0,96.0,Digital Wallet,In-store,2024-01-11,False,1704931200
TXN_3840023,CUST_24,Patisserie,Item_12_PAT,21.5,4.0,86.0,Cash,Online,2022-04-06,True,1649203200
TXN_8171664,CUST_16,Butchers,Item_13_BUT,23.0,6.0,138.0,Credit Card,Online,2022-12-03,False,1670025600
TXN_9943125,CUST_16,Computers and electric accessories,Item_23_CEA,38.0,9.0,342.0,Credit Card,In-store,2023-01-20,True,1674172800
TXN_7238799,CUST_23,Electric household essentials,Item_20_EHE,33.5,3.0,100.5,Cash,In-store,2023-03-08,False,1678233600
TXN_8825993,CUST_06,Electric household essentials,Item_1_EHE,5.0,3.0,15.0,Cash,Online,2024-05-02,True,1714608000
TXN_8454614,CUST_21,Food,Item_4_FOOD,9.5,5.0,47.5,Digital Wallet,Online,2022-10-07,False,1665100800
TXN_8247054,CUST_15,Furniture,Item_2_FUR,6.5,10.0,65.0,Digital Wallet,In-store,2025-01-09,True,1736380800
TXN_8724290,CUST_23,Food,Item_1_FOOD,5.0,8.0,40.0,Cash,Online,2023-03-29,False,1680048000
TXN_4555264,CUST_18,Butchers,Item_24_BUT,39.5,2.0,79.0,Digital Wallet,Online,2022-08-18,True,1660780800
TXN_9861492,CUST_19,Electric household essentials,Item_9_EHE,17.0,2.0,34.0,Credit Card,Online,2023-10-13,True,1697155200
TXN_3218492,CUST_03,Milk Products,Item_24_MILK,39.5,4.0,158.0,Credit Card,Online,2022-01-25,False,1643068800
TXN_1400912,CUST_16,Milk Products,Item_11_MILK,20.0,8.0,160.0,Digital Wallet,Online,2022-01-23,True,1642896000
TXN_3157153,CUST_18,Beverages,Item_16_BEV,27.5,5.0,137.5,Cash,In-store,2022-12-01,False,1669852800
TXN_1736098,CUST_23,Patisserie,Item_1_PAT,5.0,3.0,15.0,Cash,Online,2022-10-18,False,1666051200
TXN_8037593,CUST_14,Milk Products,Item_24_MILK,39.5,9.0,355.5,Credit Card,In-store,2023-09-25,True,1695600000
TXN_1834791,CUST_08,Electric household essentials,Item_4_EHE,9.5,6.0,57.0,Digital Wallet,In-store,2024-05-31,True,1717113600
TXN_1674139,CUST_05,Milk Products,Item_17_MILK,29.0,10.0,290.0,Digital Wallet,Online,2023-03-21,True,1679356800
TXN_3742027,CUST_04,Butchers,Item_10_BUT,18.5,3.0,55.5,Digital Wallet,Online,2022-08-30,True,1661817600
TXN_8774399,CUST_23,Furniture,Item_25_FUR,41.0,1.0,41.0,Credit Card,In-store,2022-01-24,False,1642982400
TXN_9219085,CUST_21,Butchers,Item_25_BUT,41.0,5.0,205.0,Cash,In-store,2024-12-27,True,1735257600
TXN_8197683,CUST_21,Furniture,Item_3_FUR,8.0,2.0,16.0,Cash,Online,2023-04-30,False,1682812800
TXN_8169854,CUST_17,Milk Products,Item_7_MILK,14.0,3.0,42.0,Cash,Online,2022-07-19,False,1658188800
TXN_5692250,CUST_19,Electric household essentials,Item_6_EHE,12.5,3.0,37.5,Cash,In-store,2022-09-11,True,1662854400
TXN_7583955,CUST_12,Food,Item_9_FOOD,17.0,6.0,102.0,Credit Card,In-store,2022-02-14,True,1644796800
TXN_9830364,CUST_07,Computers and electric accessories,Item_5_CEA,11.0,7.0,77.0,Cash,In-store,2024-04-04,False,1712188800
TXN_6685805,CUST_23,Beverages,Item_18_BEV,30.5,1.0,30.5,Digital Wallet,Online,2023-10-06,False,1696550400
TXN_8367191,CUST_24,Butchers,Item_1_BUT,5.0,3.0,15.0,Cash,In-store,2022-02-19,True,1645228800
TXN_6181532,CUST_14,Food,Item_16_FOOD,27.5,4.0,110.0,Digital Wallet,In-store,2023-09-05,False,1693872000
TXN_6908414,CUST_24,Milk Products,Item_11_MILK,20.0,9.0,180.0,Cash,Online,2024-11-27,False,1732665600
TXN_6962668,CUST_14,Furniture,Item_25_FUR,41.0,9.0,369.0,Digital Wallet,In-store,2024-09-19,False,1726704000
TXN_2411176,CUST_20,Beverages,Item_14_BEV,24.5,10.0,245.0,Digital Wallet,Online,2023-01-28,True,1674864000
TXN_1306295,CUST_15,Computers and electric accessories,Item_2_CEA,6.5,5.0,32.5,Digital Wallet,Online,2022-09-13,True,1663027200
TXN_9469827,CUST_21,Butchers,Item_20_BUT,33.5,6.0,201.0,Digital Wallet,In-store,2022-10-29,True,1667001600
TXN_3766991,CUST_21,Electric household essentials,Item_15_EHE,26.0,8.0,208.0,Cash,Online,2023-09-24,True,1695513600
TXN_6058992,CUST_14,Furniture,Item_15_FUR,26.0,7.0,182.0,Credit Card,In-store,2022-08-24,False,1661299200
TXN_4861636,CUST_03,Computers and electric accessories,Item_18_CEA,30.5,4.0,122.0,Cash,Online,2022-01-13,True,1642032000
TXN_9096772,CUST_21,Furniture,Item_6_FUR,12.5,3.0,37.5,Digital Wallet,In-store,2022-12-30,True,1672358400
TXN_4076999,CUST_03,Milk Products,Item_17_MILK,29.0,9.0,261.0,Cash,Online,2024-02-10,False,1707523200
TXN_7533515,CUST_05,Furniture,Item_6_FUR,12.5,2.0,25.0,Credit Card,In-store,2023-02-13,True,1676246400
TXN_2450206,CUST_24,Furniture,Item_1_FUR,5.0,9.0,45.0,Credit Card,In-store,2023-07-21,True,1689897600
TXN_2407410,CUST_02,Butchers,Item_24_BUT,39.5,9.0,355.5,Cash,Online,2022-06-08,False,1654646400
TXN_1061282,CUST_06,Furniture,Item_16_FUR,27.5,2.0,55.0,Digital Wallet,Online,2024-03-28,True,1711584000
TXN_4731654,CUST_13,Furniture,Item_23_FUR,38.0,3.0,114.0,Credit Card,Online,2025-01-08,True,1736294400
TXN_9478594,CUST_12,Computers and electric accessories,Item_8_CEA,15.5,7.0,108.5,Credit Card,Online,2023-01-12,False,1673481600
TXN_1361359,CUST_12,Furniture,Item_21_FUR,35.0,9.0,315.0,Digital Wallet,In-store,2022-03-19,False,1647648000
TXN_2157334,CUST_15,Milk Products,Item_23_MILK,38.0,10.0,380.0,Cash,In-store,2022-11-24,True,1669248000
TXN_4634145,CUST_02,Butchers,Item_4_BUT,9.5,9.0,85.5,Cash,In-store,2024-11-07,True,1730937600
TXN_2289344,CUST_07,Computers and electric accessories,Item_18_CEA,30.5,3.0,91.5,Digital Wallet,In-store,2024-07-27,True,1722038400
TXN_8688342,CUST_12,Furniture,Item_25_FUR,41.0,10.0,410.0,Digital Wallet,Online,2024-04-20,True,1713571200
TXN_7689571,CUST_23,Food,Item_20_FOOD,33.5,5.0,167.5,Digital Wallet,Online,2023-10-28,True,1698451200
TXN_5109808,CUST_18,Milk Products,Item_13_MILK,23.0,3.0,69.0,Credit Card,Online,2023-09-19,True,1695081600
TXN_4454614,CUST_25,Patisserie,Item_10_PAT,18.5,1.0,18.5,Credit Card,In-store,2025-01-13,True,1736726400
TXN_9702329,CUST_15,Butchers,Item_23_BUT,38.0,2.0,76.0,Credit Card,In-store,2022-02-11,True,1644537600
TXN_4214690,CUST_06,Electric household essentials,Item_7_EHE,14.0,6.0,84.0,Cash,Online,2023-11-01,True,1698796800
TXN_7273990,CUST_24,Furniture,Item_11_FUR,20.0,7.0,140.0,Credit Card,Online,2024-06-27,False,1719446400
TXN_8838210,CUST_06,Butchers,Item_15_BUT,26.0,1.0,26.0,Credit Card,In-store,2022-12-30,False,1672358400
TXN_9946325,CUST_12,Beverages,Item_17_BEV,29.0,6.0,174.0,Digital Wallet,Online,2024-06-08,True,1717804800
TXN_1847488,CUST_08,Food,Item_3_FOOD,8.0,10.0,80.0,Digital Wallet,In-store,2022-03-10,False,1646870400
TXN_3674047,CUST_23,Furniture,Item_1_FUR,5.0,7.0,35.0,Cash,Online,2024-07-10,False,1720569600
TXN_2786014,CUST_02,Beverages,Item_20_BEV,33.5,6.0,201.0,Credit Card,In-store,2022-07-12,False,1657584000
TXN_7549064,CUST_03,Furniture,Item_20_FUR,33.5,4.0,134.0,Digital Wallet,Online,2024-10-13,False,1728777600
TXN_3587629,CUST_19,Computers and electric accessories,Item_2_CEA,6.5,4.0,26.0,Credit Card,In-store,2022-09-06,True,1662422400
TXN_2128173,CUST_22,Electric household essentials,Item_9_EHE,17.0,5.0,85.0,Credit Card,Online,2022-09-17,False,1663372800
TXN_1585530,CUST_11,Milk Products,Item_1_MILK,5.0,4.0,20.0,Credit Card,Online,2023-04-04,True,1680566400
TXN_8444117,CUST_05,Milk Products,Item_11_MILK,20.0,6.0,120.0,Cash,In-store,2023-07-03,True,1688342400
TXN_9017295,CUST_04,Milk Products,Item_13_MILK,23.0,3.0,69.0,Credit Card,Online,2024-03-04,False,1709510400
TXN_6516879,CUST_25,Patisserie,Item_12_PAT,21.5,2.0,43.0,Digital Wallet,In-store,2023-06-30,False,1688083200
TXN_6264210,CUST_02,Patisserie,Item_18_PAT,30.5,9.0,274.5,Credit Card,In-store,2024-04-17,True,1713312000
TXN_3739606,CUST_11,Food,Item_14_FOOD,24.5,6.0,147.0,Digital Wallet,Online,2024-10-15,True,1728950400
TXN_4124586,CUST_06,Butchers,Item_2_BUT,6.5,3.0,19.5,Credit Card,Online,2023-02-14,True,1676332800
TXN_1699208,CUST_09,Furniture,Item_1_FUR,5.0,7.0,35.0,Cash,In-store,2022-04-06,False,1649203200
TXN_6411912,CUST_17,Electric household essentials,Item_25_EHE,41.0,8.0,328.0,Digital Wallet,In-store,2024-11-01,True,1730419200
TXN_1780099,CUST_18,Beverages,Item_7_BEV,14.0,8.0,112.0,Credit Card,Online,2024-11-22,False,1732233600
TXN_8547248,CUST_12,Beverages,Item_12_BEV,21.5,3.0,64.5,Digital Wallet,Online,2022-06-29,True,1656460800
TXN_7818460,CUST_07,Butchers,Item_7_BUT,14.0,5.0,70.0,Digital Wallet,In-store,2023-10-31,False,1698710400
TXN_6354929,CUST_11,Milk Products,Item_7_MILK,14.0,9.0,126.0,Digital Wallet,In-store,2025-01-06,True,1736121600
TXN_5197744,CUST_16,Patisserie,Item_12_PAT,21.5,1.0,21.5,Credit Card,In-store,2024-05-27,False,1716768000
TXN_7955262,CUST_15,Patisserie,Item_9_PAT,17.0,2.0,34.0,Credit Card,Online,2024-09-04,True,1725408000
TXN_2666506,CUST_05,Butchers,Item_23_BUT,38.0,3.0,114.0,Credit Card,Online,2022-04-14,True,1649894400
TXN_7234463,CUST_23,Food,Item_17_FOOD,29.0,2.0,58.0,Digital Wallet,Online,2024-07-15,False,1721001600
TXN_6417718,CUST_12,Computers and electric accessories,Item_9_CEA,17.0,6.0,102.0,Cash,In-store,2023-04-22,False,1682121600
TXN_8454618,CUST_18,Patisserie,Item_12_PAT,21.5,4.0,86.0,Digital Wallet,In-store,2024-04-16,False,1713225600
TXN_2342593,CUST_18,Beverages,Item_14_BEV,24.5,5.0,122.5,Cash,Online,2024-03-16,True,1710547200
TXN_1332543,CUST_08,Milk Products,Item_12_MILK,21.5,8.0,172.0,Credit Card,Online,2022-05-28,False,1653696000
TXN_1510369,CUST_14,Beverages,Item_21_BEV,35.0,6.0,210.0,Credit Card,In-store,2024-01-24,True,1706054400
TXN_9148620,CUST_12,Furniture,Item_20_FUR,33.5,10.0,335.0,Digital Wallet,Online,2024-12-20,True,1734652800
TXN_5289156,CUST_18,Furniture,Item_24_FUR,39.5,4.0,158.0,Credit Card,Online,2022-12-13,False,1670889600
TXN_2457102,CUST_18,Furniture,Item_25_FUR,41.0,3.0,123.0,Digital Wallet,Online,2022-03-10,True,1646870400
TXN_1038808,CUST_02,Milk Products,Item_7_MILK,14.0,1.0,14.0,Digital Wallet,In-store,2024-02-29,True,1709164800
TXN_9093964,CUST_19,Electric household essentials,Item_25_EHE,41.0,3.0,123.0,Credit Card,Online,2024-12-24,False,1734998400
TXN_9187405,CUST_14,Milk Products,Item_15_MILK,26.0,4.0,104.0,Digital Wallet,In-store,2022-12-02,False,1669939200
TXN_9714531,CUST_03,Beverages,Item_19_BEV,32.0,10.0,320.0,Cash,In-store,2023-01-24,False,1674518400
TXN_1966350,CUST_09,Butchers,Item_8_BUT,15.5,9.0,139.5,Credit Card,Online,2023-05-31,False,1685491200
TXN_6522171,CUST_24,Beverages,Item_19_BEV,32.0,7.0,224.0,Digital Wallet,In-store,2024-01-31,False,1706659200
TXN_6677921,CUST_01,Electric household essentials,Item_5_EHE,11.0,8.0,88.0,Digital Wallet,Online,2024-12-07,False,1733529600
TXN_5747087,CUST_23,Milk Products,Item_6_MILK,12.5,6.0,75.0,Cash,Online,2022-12-07,False,1670371200
TXN_2707360,CUST_21,Butchers,Item_7_BUT,14.0,7.0,98.0,Digital Wallet,In-store,2024-11-23,True,1732320000
TXN_7190172,CUST_13,Computers and electric accessories,Item_21_CEA,35.0,4.0,140.0,Cash,Online,2024-12-05,True,1733356800
TXN_3527658,CUST_03,Beverages,Item_9_BEV,17.0,8.0,136.0,Digital Wallet,In-store,2024-02-28,True,1709078400
TXN_1999080,CUST_08,Food,Item_13_FOOD,23.0,3.0,69.0,Digital Wallet,Online,2024-12-02,True,1733097600
TXN_2954304,CUST_25,Electric household essentials,Item_12_EHE,21.5,2.0,43.0,Digital Wallet,Online,2024-11-14,True,1731542400
TXN_4724970,CUST_03,Beverages,Item_8_BEV,15.5,7.0,108.5,Cash,Online,2022-03-24,True,1648080000
TXN_5196670,CUST_18,Patisserie,Item_9_PAT,17.0,5.0,85.0,Cash,In-store,2022-09-07,True,1662508800
TXN_8155707,CUST_25,Electric household essentials,Item_20_EHE,33.5,6.0,201.0,Cash,Online,2024-11-18,True,1731888000
TXN_2169979,CUST_13,Computers and electric accessories,Item_6_CEA,12.5,1.0,12.5,Digital Wallet,In-store,2022-01-25,True,1643068800
TXN_7020380,CUST_22,Patisserie,Item_11_PAT,20.0,3.0,60.0,Credit Card,Online,2024-06-26,True,1719360000
TXN_4062533,CUST_22,Computers and electric accessories,Item_19_CEA,32.0,6.0,192.0,Credit Card,In-store,2024-05-01,True,1714521600
TXN_2387517,CUST_19,Milk Products,Item_24_MILK,39.5,2.0,79.0,Digital Wallet,Online,2022-03-04,True,1646352000
TXN_2709041,CUST_01,Butchers,Item_22_BUT,36.5,9.0,328.5,Cash,Online,2024-06-13,True,1718236800
TXN_7183009,CUST_05,Milk Products,Item_6_MILK,12.5,2.0,25.0,Credit Card,Online,2023-05-28,True,1685232000
TXN_1938762,CUST_25,Computers and electric accessories,Item_20_CEA,33.5,2.0,67.0,Credit Card,In-store,2024-04-12,False,1712880000
TXN_1044590,CUST_12,Electric household essentials,Item_7_EHE,14.0,4.0,56.0,Cash,Online,2024-05-07,False,1715040000
TXN_5826244,CUST_17,Milk Products,Item_10_MILK,18.5,2.0,37.0,Digital Wallet,In-store,2024-07-07,True,1720310400
TXN_9816950,CUST_03,Beverages,Item_14_BEV,24.5,7.0,171.5,Cash,In-store,2024-04-14,True,1713052800
TXN_5355489,CUST_25,Furniture,Item_3_FUR,8.0,1.0,8.0,Digital Wallet,Online,2024-01-23,True,1705968000
TXN_2163300,CUST_12,Food,Item_1_FOOD,5.0,6.0,30.0,Cash,In-store,2024-02-07,False,1707264000
TXN_6920881,CUST_07,Electric household essentials,Item_1_EHE,5.0,5.0,25.0,Credit Card,In-store,2023-05-10,False,1683676800
TXN_9536103,CUST_23,Furniture,Item_2_FUR,6.5,10.0,65.0,Credit Card,In-store,2023-01-02,True,1672617600
TXN_7591250,CUST_16,Milk Products,Item_8_MILK,15.5,4.0,62.0,Credit Card,In-store,2024-10-23,True,1729641600
TXN_2647272,CUST_01,Furniture,Item_19_FUR,32.0,8.0,256.0,Credit Card,In-store,2024-03-29,True,1711670400
TXN_3957917,CUST_09,Milk Products,Item_1_MILK,5.0,5.0,25.0,Credit Card,In-store,2022-10-17,True,1665964800
TXN_9370181,CUST_20,Butchers,Item_15_BUT,26.0,9.0,234.0,Cash,Online,2022-11-30,False,1669766400
TXN_8088350,CUST_02,Computers and electric accessories,Item_10_CEA,18.5,8.0,148.0,Digital Wallet,In-store,2023-11-24,False,1700784000
TXN_4320727,CUST_15,Patisserie,Item_23_PAT,38.0,4.0,152.0,Digital Wallet,In-store,2023-05-18,False,1684368000
TXN_5032042,CUST_08,Patisserie,Item_13_PAT,23.0,6.0,138.0,Cash,In-store,2023-10-28,True,1698451200
TXN_4734390,CUST_02,Electric household essentials,Item_11_EHE,20.0,1.0,20.0,Digital Wallet,Online,2024-08-14,False,1723593600
TXN_3503821,CUST_23,Food,Item_12_FOOD,21.5,4.0,86.0,Cash,In-store,2023-08-10,True,1691625600
TXN_9254604,CUST_21,Patisserie,Item_5_PAT,11.0,2.0,22.0,Credit Card,In-store,2024-04-19,True,1713484800
TXN_1523065,CUST_18,Food,Item_4_FOOD,9.5,2.0,19.0,Cash,Online,2022-08-15,True,1660521600
TXN_9361186,CUST_25,Patisserie,Item_14_PAT,24.5,1.0,24.5,Digital Wallet,In-store,2022-04-11,False,1649635200
TXN_7974413,CUST_13,Electric household essentials,Item_15_EHE,26.0,5.0,130.0,Cash,Online,2024-07-12,True,1720742400
TXN_7504883,CUST_03,Milk Products,Item_18_MILK,30.5,9.0,274.5,Credit Card,Online,2022-04-20,False,1650412800
TXN_4091872,CUST_10,Food,Item_14_FOOD,24.5,1.0,24.5,Digital Wallet,Online,2023-07-15,True,1689379200
TXN_1367634,CUST_20,Beverages,Item_4_BEV,9.5,8.0,76.0,Cash,Online,2022-08-25,True,1661385600
TXN_1031651,CUST_12,Beverages,Item_2_BEV,6.5,6.0,39.0,Digital Wallet,Online,2023-05-03,True,1683072000
TXN_7420327,CUST_05,Furniture,Item_17_FUR,29.0,8.0,232.0,Credit Card,Online,2023-02-24,True,1677196800
TXN_7090174,CUST_06,Computers and electric accessories,Item_19_CEA,32.0,8.0,256.0,Digital Wallet,Online,2024-12-27,False,1735257600
TXN_6365546,CUST_02,Beverages,Item_8_BEV,15.5,7.0,108.5,Digital Wallet,In-store,2022-08-13,False,1660348800
TXN_9054315,CUST_12,Beverages,Item_16_BEV,27.5,4.0,110.0,Cash,Online,2022-12-30,True,1672358400
TXN_9451256,CUST_04,Patisserie,Item_17_PAT,29.0,7.0,203.0,Credit Card,In-store,2023-05-28,True,1685232000
TXN_7663927,CUST_21,Milk Products,Item_17_MILK,29.0,9.0,261.0,Digital Wallet,Online,2023-08-02,True,1690934400
TXN_2377286,CUST_04,Patisserie,Item_17_PAT,29.0,3.0,87.0,Credit Card,Online,2023-09-30,False,1696032000
TXN_6476793,CUST_24,Computers and electric accessories,Item_18_CEA,30.5,2.0,61.0,Credit Card,In-store,2022-11-05,True,1667606400
TXN_9928533,CUST_19,Beverages,Item_12_BEV,21.5,10.0,215.0,Credit Card,Online,2022-12-01,True,1669852800
TXN_3987229,CUST_25,Beverages,Item_11_BEV,20.0,3.0,60.0,Cash,Online,2023-02-11,False,1676073600
TXN_3653878,CUST_23,Butchers,Item_14_BUT,24.5,6.0,147.0,Cash,In-store,2022-11-12,True,1668211200
TXN_7752160,CUST_24,Electric household essentials,Item_20_EHE,33.5,3.0,100.5,Credit Card,Online,2024-08-29,False,1724889600
TXN_3071763,CUST_02,Computers and electric accessories,Item_15_CEA,26.0,1.0,26.0,Credit Card,In-store,2023-09-07,True,1694044800
TXN_1884808,CUST_03,Beverages,Item_8_BEV,15.5,1.0,15.5,Digital Wallet,In-store,2023-01-26,True,1674691200
TXN_4497413,CUST_02,Furniture,Item_8_FUR,15.5,10.0,155.0,Digital Wallet,In-store,2022-06-30,False,1656547200
TXN_3856988,CUST_01,Computers and electric accessories,Item_12_CEA,21.5,10.0,215.0,Credit Card,In-store,2022-09-17,True,1663372800
TXN_1398946,CUST_18,Patisserie,Item_12_PAT,21.5,3.0,64.5,Cash,Online,2022-11-04,False,1667520000
TXN_6981431,CUST_24,Patisserie,Item_25_PAT,41.0,1.0,41.0,Credit Card,Online,2022-03-26,False,1648252800
TXN_7365607,CUST_20,Milk Products,Item_6_MILK,12.5,3.0,37.5,Cash,Online,2023-05-26,False,1685059200
TXN_1014253,CUST_01,Furniture,Item_14_FUR,24.5,9.0,220.5,Credit Card,In-store,2023-01-15,True,1673740800
TXN_9631306,CUST_09,Electric household essentials,Item_20_EHE,33.5,8.0,268.0,Digital Wallet,In-store,2024-02-18,True,1708214400
TXN_5268837,CUST_01,Electric household essentials,Item_22_EHE,36.5,2.0,73.0,Credit Card,Online,2022-01-15,True,1642204800
TXN_7467481,CUST_09,Beverages,Item_22_BEV,36.5,9.0,328.5,Cash,In-store,2022-03-12,True,1647043200
TXN_5600366,CUST_24,Furniture,Item_20_FUR,33.5,5.0,167.5,Digital Wallet,In-store,2022-12-22,False,1671667200
TXN_3255864,CUST_13,Patisserie,Item_12_PAT,21.5,7.0,150.5,Cash,In-store,2022-06-02,True,1654128000
TXN_9008981,CUST_11,Butchers,Item_24_BUT,39.5,1.0,39.5,Digital Wallet,In-store,2022-02-09,True,1644364800
TXN_2037577,CUST_24,Food,Item_17_FOOD,29.0,7.0,203.0,Digital Wallet,Online,2023-02-20,False,1676851200
TXN_8737799,CUST_16,Food,Item_6_FOOD,12.5,2.0,25.0,Digital Wallet,In-store,2022-08-20,False,1660953600
TXN_6705277,CUST_03,Computers and electric accessories,Item_20_CEA,33.5,4.0,134.0,Digital Wallet,Online,2022-12-30,True,1672358400
TXN_3442471,CUST_09,Milk Products,Item_22_MILK,36.5,1.0,36.5,Cash,In-store,2023-05-29,True,1685318400
TXN_9538128,CUST_23,Computers and electric accessories,Item_14_CEA,24.5,8.0,196.0,Digital Wallet,Online,2024-02-22,True,1708560000
TXN_2163627,CUST_18,Milk Products,Item_23_MILK,38.0,6.0,228.0,Cash,Online,2022-08-07,True,1659830400
TXN_1796174,CUST_14,Computers and electric accessories,Item_6_CEA,12.5,3.0,37.5,Digital Wallet,Online,2024-11-22,True,1732233600
TXN_8286101,CUST_24,Food,Item_17_FOOD,29.0,6.0,174.0,Digital Wallet,In-store,2024-08-06,True,1722902400
TXN_1441328,CUST_12,Computers and electric accessories,Item_23_CEA,38.0,2.0,76.0,Credit Card,Online,2023-04-07,True,1680825600
TXN_9493348,CUST_17,Food,Item_1_FOOD,5.0,10.0,50.0,Cash,Online,2022-06-11,True,1654905600
TXN_3858610,CUST_17,Patisserie,Item_24_PAT,39.5,10.0,395.0,Digital Wallet,Online,2024-05-15,True,1715731200
TXN_5615436,CUST_07,Beverages,Item_15_BEV,26.0,6.0,156.0,Cash,In-store,2022-07-21,True,1658361600
TXN_7833172,CUST_05,Milk Products,Item_19_MILK,32.0,6.0,192.0,Digital Wallet,Online,2023-11-22,False,1700611200
TXN_8967003,CUST_07,Patisserie,Item_16_PAT,27.5,1.0,27.5,Credit Card,Online,2024-10-29,True,1730160000
TXN_8996070,CUST_20,Butchers,Item_16_BUT,27.5,8.0,220.0,Cash,In-store,2023-05-23,False,1684800000
TXN_5390878,CUST_12,Food,Item_20_FOOD,33.5,4.0,134.0,Credit Card,Online,2024-05-02,True,1714608000
TXN_7767182,CUST_18,Furniture,Item_21_FUR,35.0,5.0,175.0,Cash,Online,2024-11-13,False,1731456000
TXN_3599726,CUST_06,Furniture,Item_2_FUR,6.5,2.0,13.0,Cash,In-store,2022-11-25,True,1669334400
TXN_5009902,CUST_23,Computers and electric accessories,Item_20_CEA,33.5,7.0,234.5,Credit Card,In-store,2023-08-16,False,1692144000
TXN_1815089,CUST_18,Milk Products,Item_8_MILK,15.5,7.0,108.5,Cash,Online,2022-07-16,False,1657929600
TXN_2685384,CUST_23,Beverages,Item_8_BEV,15.5,3.0,46.5,Credit Card,In-store,2022-08-30,True,1661817600
TXN_9662222,CUST_10,Computers and electric accessories,Item_23_CEA,38.0,2.0,76.0,Cash,Online,2024-09-26,False,1727308800
TXN_5247770,CUST_23,Computers and electric accessories,Item_7_CEA,14.0,5.0,70.0,Digital Wallet,Online,2023-12-19,False,1702944000
TXN_2905292,CUST_21,Beverages,Item_25_BEV,41.0,1.0,41.0,Cash,In-store,2023-12-20,False,1703030400
TXN_6476117,CUST_16,Patisserie,Item_9_PAT,17.0,3.0,51.0,Digital Wallet,In-store,2025-01-16,False,1736985600
TXN_1160375,CUST_14,Electric household essentials,Item_5_EHE,11.0,10.0,110.0,Credit Card,Online,2023-08-12,False,1691798400
TXN_1851161,CUST_11,Computers and electric accessories,Item_10_CEA,18.5,7.0,129.5,Credit Card,Online,2024-11-24,False,1732406400
TXN_4286155,CUST_12,Food,Item_5_FOOD,11.0,7.0,77.0,Credit Card,Online,2025-01-03,False,1735862400
TXN_4214359,CUST_01,Milk Products,Item_11_MILK,20.0,5.0,100.0,Credit Card,Online,2023-07-11,False,1689033600
TXN_9911083,CUST_07,Electric household essentials,Item_16_EHE,27.5,2.0,55.0,Digital Wallet,In-store,2023-10-18,False,1697587200
TXN_2095657,CUST_16,Furniture,Item_25_FUR,41.0,6.0,246.0,Credit Card,Online,2023-09-26,True,1695686400
TXN_4347202,CUST_16,Milk Products,Item_11_MILK,20.0,1.0,20.0,Credit Card,Online,2022-07-05,True,1656979200
TXN_4045427,CUST_07,Food,Item_6_FOOD,12.5,4.0,50.0,Credit Card,Online,2023-05-31,False,1685491200
TXN_3965941,CUST_06,Electric household essentials,Item_24_EHE,39.5,2.0,79.0,Credit Card,Online,2022-08-19,False,1660867200
TXN_2782561,CUST_15,Computers and electric accessories,Item_10_CEA,18.5,10.0,185.0,Cash,Online,2022-03-13,False,1647129600
TXN_1734171,CUST_04,Furniture,Item_18_FUR,30.5,2.0,61.0,Cash,In-store,2024-09-29,True,1727568000
TXN_4059881,CUST_02,Milk Products,Item_2_MILK,6.5,2.0,13.0,Digital Wallet,In-store,2024-07-16,True,1721088000
TXN_9403833,CUST_13,Food,Item_23_FOOD,38.0,5.0,190.0,Digital Wallet,Online,2023-11-06,False,1699228800
TXN_4096416,CUST_18,Furniture,Item_23_FUR,38.0,9.0,342.0,Digital Wallet,Online,2022-08-15,False,1660521600
TXN_5592249,CUST_07,Computers and electric accessories,Item_9_CEA,17.0,8.0,136.0,Cash,In-store,2023-03-14,True,1678752000
TXN_5311558,CUST_16,Electric household essentials,Item_13_EHE,23.0,10.0,230.0,Cash,In-store,2024-12-06,False,1733443200
TXN_5527798,CUST_16,Electric household essentials,Item_2_EHE,6.5,6.0,39.0,Digital Wallet,In-store,2023-05-16,False,1684195200
TXN_1919804,CUST_20,Butchers,Item_24_BUT,39.5,7.0,276.5,Cash,In-store,2022-01-11,True,1641859200
TXN_7306528,CUST_11,Patisserie,Item_4_PAT,9.5,7.0,66.5,Digital Wallet,Online,2022-10-29,False,1667001600
TXN_5342329,CUST_19,Furniture,Item_11_FUR,20.0,9.0,180.0,Cash,Online,2023-09-29,True,1695945600
TXN_5270259,CUST_06,Food,Item_21_FOOD,35.0,9.0,315.0,Cash,In-store,2025-01-14,False,1736812800
TXN_4108031,CUST_22,Computers and electric accessories,Item_21_CEA,35.0,8.0,280.0,Digital Wallet,In-store,2024-07-01,False,1719792000
TXN_4231938,CUST_16,Beverages,Item_16_BEV,27.5,2.0,55.0,Digital Wallet,Online,2024-06-04,True,1717459200
TXN_8401176,CUST_17,Computers and electric accessories,Item_9_CEA,17.0,7.0,119.0,Digital Wallet,Online,2023-12-14,False,1702512000
TXN_3202495,CUST_08,Beverages,Item_7_BEV,14.0,10.0,140.0,Cash,In-store,2024-08-15,True,1723680000
TXN_8439426,CUST_19,Food,Item_5_FOOD,11.0,9.0,99.0,Digital Wallet,Online,2025-01-09,False,1736380800
TXN_7900727,CUST_07,Beverages,Item_23_BEV,38.0,1.0,38.0,Cash,Online,2023-07-03,False,1688342400
TXN_3188922,CUST_08,Milk Products,Item_24_MILK,39.5,5.0,197.5,Credit Card,Online,2023-05-31,False,1685491200
TXN_7949456,CUST_21,Electric household essentials,Item_15_EHE,26.0,4.0,104.0,Cash,Online,2023-05-09,False,1683590400
TXN_1432870,CUST_14,Milk Products,Item_5_MILK,11.0,6.0,66.0,Credit Card,In-store,2024-05-22,False,1716336000
TXN_4752744,CUST_20,Patisserie,Item_20_PAT,33.5,9.0,301.5,Cash,Online,2022-09-25,True,1664064000
TXN_4609121,CUST_05,Electric household essentials,Item_11_EHE,20.0,2.0,40.0,Credit Card,In-store,2024-11-13,False,1731456000
TXN_7792938,CUST_01,Patisserie,Item_14_PAT,24.5,2.0,49.0,Digital Wallet,In-store,2022-01-21,False,1642723200
TXN_6582263,CUST_12,Butchers,Item_16_BUT,27.5,3.0,82.5,Cash,Online,2022-04-03,True,1648944000
TXN_7929854,CUST_04,Patisserie,Item_8_PAT,15.5,1.0,15.5,Digital Wallet,Online,2023-09-13,False,1694563200
TXN_4465035,CUST_03,Beverages,Item_21_BEV,35.0,4.0,140.0,Digital Wallet,In-store,2025-01-01,True,1735689600
TXN_7384450,CUST_02,Food,Item_17_FOOD,29.0,4.0,116.0,Credit Card,In-store,2023-10-01,False,1696118400
TXN_3581677,CUST_11,Patisserie,Item_14_PAT,24.5,4.0,98.0,Cash,Online,2022-03-17,False,1647475200
TXN_5761932,CUST_09,Butchers,Item_12_BUT,21.5,10.0,215.0,Cash,Online,2024-10-18,False,1729209600
TXN_8598964,CUST_05,Furniture,Item_7_FUR,14.0,5.0,70.0,Credit Card,Online,2023-04-29,True,1682726400
TXN_9588085,CUST_08,Beverages,Item_12_BEV,21.5,1.0,21.5,Digital Wallet,In-store,2024-06-23,False,1719100800
TXN_8573044,CUST_23,Beverages,Item_21_BEV,35.0,8.0,280.0,Credit Card,In-store,2023-02-18,False,1676678400
TXN_3301515,CUST_17,Electric household essentials,Item_8_EHE,15.5,2.0,31.0,Credit Card,Online,2022-01-10,True,1641772800
TXN_3858239,CUST_23,Food,Item_25_FOOD,41.0,10.0,410.0,Cash,In-store,2022-09-08,True,1662595200
TXN_4847645,CUST_10,Beverages,Item_20_BEV,33.5,9.0,301.5,Digital Wallet,In-store,2022-01-31,True,1643587200
TXN_2995331,CUST_20,Milk Products,Item_7_MILK,14.0,9.0,126.0,Credit Card,Online,2022-09-25,False,1664064000
TXN_9706254,CUST_10,Food,Item_4_FOOD,9.5,10.0,95.0,Cash,Online,2023-08-09,True,1691539200
TXN_4049162,CUST_05,Computers and electric accessories,Item_16_CEA,27.5,9.0,247.5,Cash,In-store,2023-12-19,True,1702944000
TXN_5535762,CUST_18,Butchers,Item_1_BUT,5.0,7.0,35.0,Cash,In-store,2022-12-31,False,1672444800
TXN_3505141,CUST_15,Electric household essentials,Item_6_EHE,12.5,10.0,125.0,Credit Card,Online,2025-01-01,True,1735689600
TXN_2260411,CUST_12,Furniture,Item_1_FUR,5.0,9.0,45.0,Credit Card,In-store,2024-10-02,True,1727827200
TXN_4092805,CUST_08,Food,Item_20_FOOD,33.5,8.0,268.0,Digital Wallet,Online,2024-09-22,True,1726963200
TXN_8622563,CUST_18,Furniture,Item_1_FUR,5.0,7.0,35.0,Digital Wallet,Online,2024-12-06,True,1733443200
TXN_2618457,CUST_02,Food,Item_11_FOOD,20.0,6.0,120.0,Credit Card,In-store,2022-07-11,True,1657497600
TXN_2018154,CUST_21,Food,Item_13_FOOD,23.0,4.0,92.0,Credit Card,Online,2022-11-09,True,1667952000
TXN_5747284,CUST_07,Patisserie,Item_24_PAT,39.5,5.0,197.5,Digital Wallet,Online,2023-10-03,True,1696291200
TXN_3047391,CUST_20,Beverages,Item_14_BEV,24.5,7.0,171.5,Cash,In-store,2024-01-07,False,1704585600
TXN_9826370,CUST_25,Furniture,Item_6_FUR,12.5,4.0,50.0,Credit Card,In-store,2024-02-21,False,1708473600
TXN_1258675,CUST_06,Electric household essentials,Item_7_EHE,14.0,3.0,42.0,Digital Wallet,In-store,2023-08-01,False,1690848000
TXN_5179270,CUST_20,Patisserie,Item_24_PAT,39.5,2.0,79.0,Credit Card,Online,2024-02-15,False,1707955200
TXN_2300142,CUST_18,Patisserie,Item_4_PAT,9.5,9.0,85.5,Cash,Online,2024-07-16,False,1721088000
TXN_1545404,CUST_14,Beverages,Item_15_BEV,26.0,4.0,104.0,Cash,In-store,2024-05-19,True,1716076800
TXN_7006720,CUST_02,Butchers,Item_10_BUT,18.5,10.0,185.0,Cash,Online,2024-09-15,True,1726358400
TXN_6491775,CUST_06,Electric household essentials,Item_5_EHE,11.0,5.0,55.0,Digital Wallet,In-store,2023-06-29,False,1687996800
TXN_9386080,CUST_05,Computers and electric accessories,Item_2_CEA,6.5,3.0,19.5,Cash,In-store,2023-04-27,True,1682553600
TXN_8319396,CUST_05,Milk Products,Item_13_MILK,23.0,8.0,184.0,Cash,Online,2023-09-13,True,1694563200
TXN_9340241,CUST_21,Patisserie,Item_7_PAT,14.0,10.0,140.0,Digital Wallet,Online,2022-04-11,False,1649635200
TXN_1342283,CUST_06,Food,Item_25_FOOD,41.0,7.0,287.0,Cash,Online,2022-03-17,False,1647475200
TXN_5845226,CUST_08,Patisserie,Item_11_PAT,20.0,10.0,200.0,Credit Card,In-store,2023-07-24,True,1690156800
TXN_2069389,CUST_01,Beverages,Item_24_BEV,39.5,2.0,79.0,Cash,Online,2024-02-29,False,1709164800
TXN_5748429,CUST_24,Milk Products,Item_13_MILK,23.0,10.0,230.0,Digital Wallet,Online,2022-02-18,True,1645142400
TXN_4398638,CUST_07,Electric household essentials,Item_8_EHE,15.5,10.0,155.0,Digital Wallet,In-store,2022-11-18,True,1668729600
TXN_6947902,CUST_08,Food,Item_6_FOOD,12.5,9.0,112.5,Credit Card,In-store,2024-03-11,False,1710115200
TXN_3547918,CUST_09,Butchers,Item_9_BUT,17.0,1.0,17.0,Cash,Online,2022-07-16,False,1657929600
TXN_7118644,CUST_06,Computers and electric accessories,Item_17_CEA,29.0,4.0,116.0,Cash,Online,2023-01-12,True,1673481600
TXN_6897096,CUST_06,Furniture,Item_14_FUR,24.5,10.0,245.0,Credit Card,In-store,2022-06-25,True,1656115200
TXN_7504945,CUST_07,Computers and electric accessories,Item_21_CEA,35.0,10.0,350.0,Credit Card,Online,2022-12-25,True,1671926400
TXN_2690530,CUST_05,Beverages,Item_11_BEV,20.0,10.0,200.0,Digital Wallet,In-store,2022-02-14,True,1644796800
TXN_9178438,CUST_04,Beverages,Item_9_BEV,17.0,7.0,119.0,Credit Card,Online,2023-01-20,False,1674172800
TXN_1078382,CUST_15,Butchers,Item_23_BUT,38.0,6.0,228.0,Credit Card,Online,2022-07-08,False,1657238400
TXN_7362256,CUST_15,Food,Item_6_FOOD,12.5,5.0,62.5,Digital Wallet,In-store,2022-06-10,True,1654819200
TXN_2581258,CUST_14,Electric household essentials,Item_13_EHE,23.0,4.0,92.0,Credit Card,Online,2022-02-13,False,1644710400
TXN_6051216,CUST_07,Computers and electric accessories,Item_16_CEA,27.5,10.0,275.0,Credit Card,Online,2022-09-23,False,1663891200
TXN_9707301,CUST_07,Computers and electric accessories,Item_13_CEA,23.0,5.0,115.0,Digital Wallet,In-store,2022-09-17,True,1663372800
TXN_3883115,CUST_11,Electric household essentials,Item_23_EHE,38.0,3.0,114.0,Cash,In-store,2024-10-20,False,1729382400
TXN_8177813,CUST_03,Patisserie,Item_2_PAT,6.5,5.0,32.5,Credit Card,In-store,2023-12-01,False,1701388800
TXN_3070107,CUST_08,Patisserie,Item_4_PAT,9.5,10.0,95.0,Digital Wallet,Online,2024-03-14,True,1710374400
TXN_5873481,CUST_12,Computers and electric accessories,Item_25_CEA,41.0,1.0,41.0,Cash,In-store,2022-11-26,True,1669420800
TXN_9969255,CUST_10,Computers and electric accessories,Item_15_CEA,26.0,4.0,104.0,Credit Card,In-store,2024-06-11,True,1718064000
TXN_9514388,CUST_22,Food,Item_22_FOOD,36.5,5.0,182.5,Credit Card,Online,2023-01-31,True,1675123200
TXN_8466225,CUST_01,Electric household essentials,Item_19_EHE,32.0,10.0,320.0,Cash,Online,2022-06-06,False,1654473600
TXN_7340795,CUST_01,Electric household essentials,Item_12_EHE,21.5,10.0,215.0,Cash,Online,2023-06-03,False,1685750400
TXN_6136154,CUST_19,Furniture,Item_8_FUR,15.5,7.0,108.5,Digital Wallet,In-store,2024-07-02,True,1719878400
TXN_3713358,CUST_13,Patisserie,Item_7_PAT,14.0,10.0,140.0,Digital Wallet,In-store,2022-08-14,True,1660435200
TXN_2328560,CUST_16,Milk Products,Item_16_MILK,27.5,6.0,165.0,Digital Wallet,Online,2024-12-28,False,1735344000
TXN_3839216,CUST_04,Food,Item_8_FOOD,15.5,4.0,62.0,Credit Card,In-store,2024-07-11,True,1720656000
TXN_9302123,CUST_04,Food,Item_13_FOOD,23.0,3.0,69.0,Credit Card,Online,2022-11-26,False,1669420800
TXN_6346223,CUST_04,Patisserie,Item_4_PAT,9.5,2.0,19.0,Digital Wallet,In-store,2022-11-08,True,1667865600
TXN_5451832,CUST_06,Butchers,Item_6_BUT,12.5,7.0,87.5,Credit Card,Online,2024-07-12,False,1720742400
TXN_5498917,CUST_12,Electric household essentials,Item_5_EHE,11.0,3.0,33.0,Cash,In-store,2024-07-25,False,1721865600
TXN_7409573,CUST_09,Furniture,Item_25_FUR,41.0,9.0,369.0,Digital Wallet,Online,2022-07-11,True,1657497600
TXN_8793256,CUST_06,Beverages,Item_12_BEV,21.5,8.0,172.0,Digital Wallet,Online,2024-04-11,False,1712793600
TXN_4357861,CUST_22,Food,Item_20_FOOD,33.5,3.0,100.5,Cash,In-store,2025-01-15,False,1736899200
TXN_8296076,CUST_09,Patisserie,Item_11_PAT,20.0,10.0,200.0,Digital Wallet,Online,2024-04-18,False,1713398400
TXN_1198181,CUST_25,Food,Item_12_FOOD,21.5,5.0,107.5,Cash,Online,2024-04-28,True,1714262400
TXN_3286135,CUST_05,Beverages,Item_17_BEV,29.0,8.0,232.0,Cash,Online,2024-09-21,True,1726876800
TXN_7987242,CUST_10,Furniture,Item_3_FUR,8.0,4.0,32.0,Cash,Online,2023-11-05,True,1699142400
TXN_7782445,CUST_13,Patisserie,Item_24_PAT,39.5,9.0,355.5,Digital Wallet,In-store,2024-07-30,True,1722297600
TXN_6470413,CUST_11,Beverages,Item_2_BEV,6.5,5.0,32.5,Cash,In-store,2022-09-18,True,1663459200
TXN_5156632,CUST_23,Milk Products,Item_11_MILK,20.0,7.0,140.0,Digital Wallet,In-store,2024-07-04,False,1720051200
TXN_4053566,CUST_17,Food,Item_5_FOOD,11.0,4.0,44.0,Credit Card,In-store,2022-12-28,False,1672185600
TXN_2746396,CUST_11,Milk Products,Item_16_MILK,27.5,3.0,82.5,Cash,Online,2023-08-24,True,1692835200
TXN_8258782,CUST_10,Computers and electric accessories,Item_25_CEA,41.0,8.0,328.0,Cash,Online,2022-01-05,True,1641340800
TXN_3998952,CUST_18,Furniture,Item_14_FUR,24.5,2.0,49.0,Digital Wallet,In-store,2023-12-12,False,1702339200
TXN_8949319,CUST_20,Milk Products,Item_23_MILK,38.0,10.0,380.0,Credit Card,In-store,2022-12-31,False,1672444800
TXN_6179212,CUST_05,Milk Products,Item_17_MILK,29.0,3.0,87.0,Digital Wallet,Online,2022-01-08,False,1641600000
TXN_1519431,CUST_05,Electric household essentials,Item_12_EHE,21.5,2.0,43.0,Digital Wallet,In-store,2023-11-09,False,1699488000
TXN_4876845,CUST_12,Milk Products,Item_22_MILK,36.5,8.0,292.0,Credit Card,In-store,2022-01-29,True,1643414400
TXN_5288559,CUST_25,Beverages,Item_15_BEV,26.0,8.0,208.0,Digital Wallet,Online,2023-06-28,True,1687910400
TXN_5953662,CUST_10,Beverages,Item_12_BEV,21.5,2.0,43.0,Credit Card,In-store,2022-12-02,True,1669939200
TXN_1047304,CUST_08,Beverages,Item_5_BEV,11.0,1.0,11.0,Cash,In-store,2023-10-25,False,1698192000
TXN_9664075,CUST_20,Milk Products,Item_1_MILK,5.0,5.0,25.0,Cash,Online,2023-10-29,False,1698537600
TXN_9850952,CUST_06,Furniture,Item_2_FUR,6.5,1.0,6.5,Digital Wallet,In-store,2023-09-14,True,1694649600
TXN_2548154,CUST_09,Patisserie,Item_9_PAT,17.0,8.0,136.0,Credit Card,In-store,2023-05-18,True,1684368000
TXN_2194494,CUST_13,Food,Item_16_FOOD,27.5,3.0,82.5,Cash,Online,2024-05-05,False,1714867200
TXN_5016365,CUST_04,Food,Item_3_FOOD,8.0,2.0,16.0,Digital Wallet,Online,2025-01-08,False,1736294400
TXN_7531055,CUST_09,Patisserie,Item_15_PAT,26.0,7.0,182.0,Credit Card,In-store,2022-06-02,True,1654128000
TXN_6450172,CUST_06,Milk Products,Item_24_MILK,39.5,8.0,316.0,Cash,In-store,2022-08-09,False,1660003200
TXN_3961169,CUST_13,Furniture,Item_21_FUR,35.0,8.0,280.0,Cash,In-store,2022-11-16,True,1668556800
TXN_8824211,CUST_22,Patisserie,Item_9_PAT,17.0,8.0,136.0,Credit Card,In-store,2024-03-19,False,1710806400
TXN_9696371,CUST_14,Beverages,Item_16_BEV,27.5,10.0,275.0,Digital Wallet,Online,2024-09-22,False,1726963200
TXN_9386377,CUST_07,Butchers,Item_7_BUT,14.0,9.0,126.0,Cash,In-store,2024-02-27,False,1708992000
TXN_3432541,CUST_10,Furniture,Item_13_FUR,23.0,8.0,184.0,Cash,Online,2023-04-01,True,1680307200
TXN_4406496,CUST_18,Electric household essentials,Item_13_EHE,23.0,3.0,69.0,Credit Card,In-store,2024-09-16,False,1726444800
TXN_5839296,CUST_11,Beverages,Item_7_BEV,14.0,6.0,84.0,Cash,Online,2023-08-25,False,1692921600
TXN_5600766,CUST_21,Food,Item_14_FOOD,24.5,5.0,122.5,Credit Card,In-store,2022-04-10,False,1649548800
TXN_2442022,CUST_07,Milk Products,Item_12_MILK,21.5,8.0,172.0,Credit Card,Online,2023-09-03,True,1693699200
TXN_9053395,CUST_11,Electric household essentials,Item_13_EHE,23.0,10.0,230.0,Digital Wallet,Online,2022-08-27,True,1661558400
TXN_2223571,CUST_24,Patisserie,Item_19_PAT,32.0,9.0,288.0,Credit Card,In-store,2022-11-14,True,1668384000
TXN_3268265,CUST_24,Food,Item_14_FOOD,24.5,3.0,73.5,Credit Card,Online,2023-01-10,True,1673308800
TXN_3625744,CUST_23,Food,Item_11_FOOD,20.0,6.0,120.0,Credit Card,Online,2024-08-29,True,1724889600
TXN_9150818,CUST_22,Beverages,Item_25_BEV,41.0,9.0,369.0,Cash,In-store,2022-04-13,True,1649808000
TXN_5529274,CUST_17,Milk Products,Item_8_MILK,15.5,2.0,31.0,Digital Wallet,In-store,2024-05-28,False,1716854400
TXN_3070264,CUST_18,Electric household essentials,Item_4_EHE,9.5,1.0,9.5,Digital Wallet,Online,2024-11-27,True,1732665600
TXN_7199751,CUST_12,Butchers,Item_15_BUT,26.0,5.0,130.0,Credit Card,In-store,2024-11-18,False,1731888000
TXN_5942238,CUST_12,Beverages,Item_6_BEV,12.5,1.0,12.5,Cash,Online,2023-05-01,True,1682899200
TXN_4595269,CUST_14,Butchers,Item_19_BUT,32.0,3.0,96.0,Digital Wallet,In-store,2022-12-26,True,1672012800
TXN_1263895,CUST_15,Electric household essentials,Item_20_EHE,33.5,10.0,335.0,Credit Card,In-store,2024-03-16,True,1710547200
TXN_4469798,CUST_12,Furniture,Item_11_FUR,20.0,6.0,120.0,Digital Wallet,In-store,2022-05-04,True,1651622400
TXN_3603564,CUST_21,Electric household essentials,Item_19_EHE,32.0,6.0,192.0,Credit Card,In-store,2024-01-09,True,1704758400
TXN_4359913,CUST_23,Milk Products,Item_19_MILK,32.0,4.0,128.0,Cash,Online,2022-06-17,False,1655424000
TXN_4405059,CUST_21,Food,Item_7_FOOD,14.0,6.0,84.0,Digital Wallet,Online,2024-09-19,True,1726704000
TXN_2847928,CUST_20,Computers and electric accessories,Item_17_CEA,29.0,6.0,174.0,Digital Wallet,In-store,2022-05-11,True,1652227200
TXN_1666199,CUST_09,Electric household essentials,Item_12_EHE,21.5,7.0,150.5,Credit Card,Online,2023-02-24,True,1677196800
TXN_6001401,CUST_13,Butchers,Item_1_BUT,5.0,5.0,25.0,Cash,Online,2022-06-29,True,1656460800
TXN_6718947,CUST_16,Patisserie,Item_8_PAT,15.5,8.0,124.0,Credit Card,In-store,2024-04-07,False,1712448000
TXN_5985157,CUST_25,Butchers,Item_20_BUT,33.5,7.0,234.5,Digital Wallet,Online,2022-07-13,False,1657670400
TXN_1640857,CUST_10,Beverages,Item_25_BEV,41.0,4.0,164.0,Digital Wallet,In-store,2024-03-16,True,1710547200
TXN_5990910,CUST_05,Food,Item_23_FOOD,38.0,6.0,228.0,Cash,Online,2024-08-02,True,1722556800
TXN_8736586,CUST_10,Milk Products,Item_1_MILK,5.0,5.0,25.0,Credit Card,Online,2022-04-01,True,1648771200
TXN_1371395,CUST_19,Food,Item_25_FOOD,41.0,3.0,123.0,Credit Card,In-store,2024-07-12,True,1720742400
TXN_9813497,CUST_12,Butchers,Item_20_BUT,33.5,1.0,33.5,Digital Wallet,In-store,2023-04-12,True,1681257600
TXN_4747660,CUST_16,Food,Item_15_FOOD,26.0,9.0,234.0,Credit Card,In-store,2022-07-07,True,1657152000
TXN_1422139,CUST_12,Butchers,Item_4_BUT,9.5,6.0,57.0,Credit Card,Online,2023-02-01,True,1675209600
TXN_7138473,CUST_11,Butchers,Item_23_BUT,38.0,10.0,380.0,Digital Wallet,In-store,2023-04-07,True,1680825600
TXN_4882136,CUST_10,Computers and electric accessories,Item_5_CEA,11.0,9.0,99.0,Digital Wallet,Online,2024-12-09,True,1733702400
TXN_6170543,CUST_08,Furniture,Item_2_FUR,6.5,1.0,6.5,Credit Card,In-store,2024-11-13,True,1731456000
TXN_3747474,CUST_01,Electric household essentials,Item_7_EHE,14.0,10.0,140.0,Cash,In-store,2023-07-17,True,1689552000
TXN_2196056,CUST_02,Milk Products,Item_1_MILK,5.0,3.0,15.0,Credit Card,In-store,2024-02-09,True,1707436800
TXN_8748461,CUST_06,Beverages,Item_8_BEV,15.5,3.0,46.5,Credit Card,Online,2022-04-18,True,1650240000
TXN_4462629,CUST_06,Patisserie,Item_23_PAT,38.0,10.0,380.0,Credit Card,In-store,2023-11-05,True,1699142400
TXN_5442881,CUST_16,Patisserie,Item_17_PAT,29.0,6.0,174.0,Credit Card,Online,2022-01-16,True,1642291200
TXN_1448205,CUST_21,Electric household essentials,Item_1_EHE,5.0,5.0,25.0,Cash,Online,2024-12-08,False,1733616000
TXN_6329480,CUST_18,Food,Item_25_FOOD,41.0,3.0,123.0,Cash,In-store,2022-08-21,False,1661040000
TXN_2417956,CUST_18,Patisserie,Item_24_PAT,39.5,1.0,39.5,Cash,Online,2022-02-13,False,1644710400
TXN_2679675,CUST_13,Butchers,Item_2_BUT,6.5,6.0,39.0,Digital Wallet,In-store,2023-02-05,True,1675555200
TXN_9887558,CUST_13,Electric household essentials,Item_12_EHE,21.5,4.0,86.0,Digital Wallet,Online,2022-03-17,True,1647475200
TXN_7729843,CUST_23,Patisserie,Item_8_PAT,15.5,4.0,62.0,Cash,Online,2022-07-07,True,1657152000
TXN_4313655,CUST_25,Butchers,Item_16_BUT,27.5,7.0,192.5,Cash,Online,2022-02-18,True,1645142400
TXN_3902130,CUST_11,Food,Item_12_FOOD,21.5,7.0,150.5,Cash,In-store,2023-01-04,False,1672790400
TXN_7166728,CUST_18,Computers and electric accessories,Item_3_CEA,8.0,8.0,64.0,Credit Card,Online,2023-07-27,True,1690416000
TXN_7149456,CUST_05,Butchers,Item_21_BUT,35.0,5.0,175.0,Digital Wallet,In-store,2024-02-14,False,1707868800
TXN_6999998,CUST_11,Milk Products,Item_11_MILK,20.0,4.0,80.0,Credit Card,Online,2024-05-22,True,1716336000
TXN_3645379,CUST_05,Patisserie,Item_20_PAT,33.5,7.0,234.5,Digital Wallet,In-store,2022-04-27,False,1651017600
TXN_7175950,CUST_19,Electric household essentials,Item_17_EHE,29.0,2.0,58.0,Cash,Online,2022-03-20,False,1647734400
TXN_3993154,CUST_25,Computers and electric accessories,Item_12_CEA,21.5,7.0,150.5,Credit Card,In-store,2022-07-07,False,1657152000
TXN_4672987,CUST_19,Beverages,Item_12_BEV,21.5,9.0,193.5,Digital Wallet,Online,2023-12-05,False,1701734400
TXN_3754218,CUST_09,Electric household essentials,Item_5_EHE,11.0,10.0,110.0,Credit Card,In-store,2024-03-08,False,1709856000
TXN_7972595,CUST_04,Electric household essentials,Item_1_EHE,5.0,8.0,40.0,Digital Wallet,In-store,2024-11-29,True,1732838400
TXN_4554478,CUST_03,Butchers,Item_18_BUT,30.5,9.0,274.5,Credit Card,Online,2022-05-08,True,1651968000
TXN_8596731,CUST_18,Computers and electric accessories,Item_8_CEA,15.5,3.0,46.5,Credit Card,In-store,2023-04-09,True,1680998400
TXN_8571165,CUST_04,Butchers,Item_2_BUT,6.5,2.0,13.0,Digital Wallet,In-store,2023-05-14,False,1684022400
TXN_4239928,CUST_05,Furniture,Item_23_FUR,38.0,5.0,190.0,Cash,Online,2022-10-30,False,1667088000
TXN_7318897,CUST_05,Electric household essentials,Item_8_EHE,15.5,9.0,139.5,Cash,Online,2023-04-16,True,1681603200
TXN_2076721,CUST_09,Butchers,Item_3_BUT,8.0,9.0,72.0,Digital Wallet,Online,2023-11-14,False,1699920000
TXN_5115378,CUST_16,Butchers,Item_3_BUT,8.0,7.0,56.0,Cash,In-store,2022-11-15,True,1668470400
TXN_9391758,CUST_07,Furniture,Item_15_FUR,26.0,6.0,156.0,Credit Card,Online,2024-09-23,False,1727049600
TXN_7122930,CUST_21,Electric household essentials,Item_8_EHE,15.5,5.0,77.5,Cash,In-store,2023-03-26,True,1679788800
TXN_5482525,CUST_08,Milk Products,Item_3_MILK,8.0,8.0,64.0,Credit Card,Online,2022-08-09,True,1660003200
TXN_2007985,CUST_13,Patisserie,Item_25_PAT,41.0,6.0,246.0,Digital Wallet,In-store,2023-09-20,False,1695168000
TXN_1456329,CUST_01,Milk Products,Item_1_MILK,5.0,1.0,5.0,Credit Card,In-store,2023-12-21,False,1703116800
TXN_8481601,CUST_23,Furniture,Item_2_FUR,6.5,2.0,13.0,Digital Wallet,Online,2022-06-29,True,1656460800
TXN_3351830,CUST_20,Beverages,Item_11_BEV,20.0,9.0,180.0,Digital Wallet,In-store,2024-05-19,False,1716076800
TXN_2256322,CUST_09,Electric household essentials,Item_13_EHE,23.0,7.0,161.0,Credit Card,Online,2022-05-19,True,1652918400
TXN_4812459,CUST_13,Computers and electric accessories,Item_15_CEA,26.0,4.0,104.0,Digital Wallet,In-store,2023-11-29,False,1701216000
TXN_4106360,CUST_02,Computers and electric accessories,Item_17_CEA,29.0,6.0,174.0,Cash,Online,2022-09-19,True,1663545600
TXN_7144545,CUST_23,Food,Item_9_FOOD,17.0,4.0,68.0,Credit Card,Online,2024-05-08,True,1715126400
TXN_8348576,CUST_17,Patisserie,Item_11_PAT,20.0,3.0,60.0,Credit Card,In-store,2023-12-09,False,1702080000
TXN_3037819,CUST_23,Electric household essentials,Item_7_EHE,14.0,2.0,28.0,Cash,Online,2024-09-29,False,1727568000
TXN_1430909,CUST_20,Food,Item_3_FOOD,8.0,3.0,24.0,Digital Wallet,In-store,2023-02-23,True,1677110400
TXN_9565718,CUST_22,Computers and electric accessories,Item_22_CEA,36.5,4.0,146.0,Digital Wallet,In-store,2022-01-20,True,1642636800
TXN_2907353,CUST_09,Butchers,Item_19_BUT,32.0,7.0,224.0,Digital Wallet,In-store,2023-03-14,False,1678752000
TXN_8506371,CUST_10,Electric household essentials,Item_5_EHE,11.0,4.0,44.0,Credit Card,Online,2024-05-20,True,1716163200
TXN_4194209,CUST_01,Electric household essentials,Item_4_EHE,9.5,5.0,47.5,Digital Wallet,In-store,2023-02-24,False,1677196800
TXN_3435518,CUST_10,Food,Item_4_FOOD,9.5,8.0,76.0,Digital Wallet,Online,2024-01-27,False,1706313600
TXN_8944977,CUST_08,Furniture,Item_6_FUR,12.5,10.0,125.0,Digital Wallet,Online,2024-11-14,True,1731542400
TXN_5395629,CUST_14,Butchers,Item_12_BUT,21.5,7.0,150.5,Credit Card,Online,2022-08-24,True,1661299200
TXN_1091806,CUST_23,Computers and electric accessories,Item_9_CEA,17.0,7.0,119.0,Cash,Online,2024-11-04,True,1730678400
TXN_2991101,CUST_18,Electric household essentials,Item_12_EHE,21.5,3.0,64.5,Credit Card,Online,2023-09-09,False,1694217600
TXN_1474758,CUST_16,Furniture,Item_24_FUR,39.5,4.0,158.0,Credit Card,In-store,2023-04-08,True,1680912000
TXN_2107105,CUST_03,Food,Item_25_FOOD,41.0,5.0,205.0,Digital Wallet,In-store,2023-08-08,True,1691452800
TXN_3030324,CUST_04,Patisserie,Item_2_PAT,6.5,3.0,19.5,Cash,In-store,2024-08-18,True,1723939200
TXN_4273287,CUST_15,Patisserie,Item_25_PAT,41.0,4.0,164.0,Cash,In-store,2024-08-25,True,1724544000
TXN_5187397,CUST_11,Food,Item_15_FOOD,26.0,2.0,52.0,Digital Wallet,Online,2023-03-20,True,1679270400
TXN_1869028,CUST_09,Food,Item_5_FOOD,11.0,5.0,55.0,Cash,Online,2023-11-01,False,1698796800
TXN_5431135,CUST_14,Milk Products,Item_16_MILK,27.5,10.0,275.0,Credit Card,In-store,2022-07-02,False,1656720000
TXN_2626134,CUST_20,Electric household essentials,Item_17_EHE,29.0,5.0,145.0,Credit Card,In-store,2022-06-09,True,1654732800
TXN_6005962,CUST_22,Electric household essentials,Item_8_EHE,15.5,2.0,31.0,Cash,Online,2022-11-23,False,1669161600
TXN_5888872,CUST_04,Milk Products,Item_3_MILK,8.0,7.0,56.0,Digital Wallet,Online,2024-10-15,True,1728950400
TXN_3678974,CUST_25,Furniture,Item_5_FUR,11.0,2.0,22.0,Credit Card,In-store,2024-10-05,True,1728086400
TXN_4275306,CUST_23,Electric household essentials,Item_23_EHE,38.0,9.0,342.0,Digital Wallet,In-store,2022-03-19,True,1647648000
TXN_5436979,CUST_21,Beverages,Item_8_BEV,15.5,7.0,108.5,Digital Wallet,In-store,2022-05-30,True,1653868800
TXN_2528404,CUST_16,Beverages,Item_23_BEV,38.0,3.0,114.0,Cash,In-store,2024-06-22,False,1719014400
TXN_8666651,CUST_03,Furniture,Item_7_FUR,14.0,8.0,112.0,Credit Card,In-store,2023-08-02,True,1690934400
TXN_8571416,CUST_04,Electric household essentials,Item_23_EHE,38.0,4.0,152.0,Cash,In-store,2024-08-12,False,1723420800
TXN_7003448,CUST_02,Beverages,Item_21_BEV,35.0,3.0,105.0,Credit Card,In-store,2024-10-22,True,1729555200
TXN_7112844,CUST_15,Food,Item_18_FOOD,30.5,8.0,244.0,Cash,Online,2022-07-28,True,1658966400
TXN_3593226,CUST_13,Patisserie,Item_17_PAT,29.0,10.0,290.0,Credit Card,In-store,2022-01-18,True,1642464000
TXN_1543853,CUST_13,Patisserie,Item_17_PAT,29.0,1.0,29.0,Cash,In-store,2022-05-07,True,1651881600
TXN_3929635,CUST_19,Butchers,Item_20_BUT,33.5,10.0,335.0,Credit Card,Online,2025-01-11,False,1736553600
TXN_1981233,CUST_05,Furniture,Item_20_FUR,33.5,5.0,167.5,Digital Wallet,In-store,2023-08-06,True,1691280000
TXN_4159313,CUST_07,Computers and electric accessories,Item_5_CEA,11.0,9.0,99.0,Digital Wallet,Online,2024-11-29,True,1732838400
TXN_5518783,CUST_16,Computers and electric accessories,Item_15_CEA,26.0,6.0,156.0,Credit Card,In-store,2023-06-10,False,1686355200
TXN_2254730,CUST_17,Computers and electric accessories,Item_11_CEA,20.0,3.0,60.0,Credit Card,In-store,2023-09-16,True,1694822400
TXN_9885625,CUST_22,Beverages,Item_10_BEV,18.5,3.0,55.5,Cash,In-store,2024-03-23,False,1711152000
TXN_2913551,CUST_25,Computers and electric accessories,Item_12_CEA,21.5,3.0,64.5,Cash,In-store,2022-04-30,True,1651276800
TXN_8188147,CUST_19,Butchers,Item_25_BUT,41.0,5.0,205.0,Digital Wallet,Online,2023-06-11,True,1686441600
TXN_2596637,CUST_15,Patisserie,Item_20_PAT,33.5,1.0,33.5,Cash,In-store,2023-07-30,True,1690675200
TXN_4684679,CUST_20,Food,Item_13_FOOD,23.0,9.0,207.0,Credit Card,Online,2022-12-23,False,1671753600
TXN_3504901,CUST_01,Electric household essentials,Item_5_EHE,11.0,1.0,11.0,Digital Wallet,In-store,2022-12-06,False,1670284800
TXN_3513732,CUST_11,Butchers,Item_13_BUT,23.0,3.0,69.0,Credit Card,Online,2023-03-29,True,1680048000
TXN_7192799,CUST_24,Beverages,Item_2_BEV,6.5,9.0,58.5,Digital Wallet,In-store,2022-11-05,True,1667606400
TXN_8293749,CUST_13,Computers and electric accessories,Item_19_CEA,32.0,8.0,256.0,Cash,Online,2024-12-03,False,1733184000
TXN_7675840,CUST_19,Electric household essentials,Item_12_EHE,21.5,7.0,150.5,Cash,In-store,2023-02-25,True,1677283200
TXN_2017512,CUST_25,Computers and electric accessories,Item_14_CEA,24.5,4.0,98.0,Cash,Online,2023-09-07,True,1694044800
TXN_3927468,CUST_01,Milk Products,Item_16_MILK,27.5,5.0,137.5,Cash,Online,2022-06-03,False,1654214400
TXN_8363775,CUST_22,Computers and electric accessories,Item_4_CEA,9.5,9.0,85.5,Cash,Online,2023-08-17,False,1692230400
TXN_7180080,CUST_18,Butchers,Item_18_BUT,30.5,8.0,244.0,Cash,In-store,2024-12-13,False,1734048000
TXN_6334800,CUST_09,Furniture,Item_7_FUR,14.0,8.0,112.0,Digital Wallet,Online,2024-07-31,False,1722384000
TXN_4863868,CUST_14,Electric household essentials,Item_20_EHE,33.5,4.0,134.0,Credit Card,In-store,2022-09-19,False,1663545600
TXN_9945945,CUST_11,Patisserie,Item_24_PAT,39.5,3.0,118.5,Cash,Online,2023-09-17,True,1694908800
TXN_8536324,CUST_21,Beverages,Item_18_BEV,30.5,5.0,152.5,Cash,In-store,2023-11-09,True,1699488000
TXN_3122819,CUST_05,Electric household essentials,Item_24_EHE,39.5,6.0,237.0,Digital Wallet,Online,2023-05-04,False,1683158400
TXN_5620470,CUST_06,Food,Item_12_FOOD,21.5,5.0,107.5,Cash,Online,2022-07-19,False,1658188800
TXN_7593483,CUST_18,Furniture,Item_11_FUR,20.0,7.0,140.0,Cash,In-store,2023-07-26,False,1690329600
TXN_4259268,CUST_10,Electric household essentials,Item_21_EHE,35.0,6.0,210.0,Digital Wallet,In-store,2024-10-21,False,1729468800
TXN_1686913,CUST_05,Computers and electric accessories,Item_3_CEA,8.0,3.0,24.0,Digital Wallet,In-store,2023-07-02,False,1688256000
TXN_5221911,CUST_09,Beverages,Item_4_BEV,9.5,9.0,85.5,Credit Card,Online,2023-07-09,False,1688860800
TXN_1876426,CUST_09,Furniture,Item_2_FUR,6.5,1.0,6.5,Cash,Online,2022-05-27,True,1653609600
TXN_5060164,CUST_04,Butchers,Item_16_BUT,27.5,4.0,110.0,Credit Card,Online,2023-08-01,True,1690848000
TXN_1297128,CUST_12,Beverages,Item_12_BEV,21.5,7.0,150.5,Credit Card,Online,2024-03-26,False,1711411200
TXN_6657055,CUST_05,Butchers,Item_3_BUT,8.0,4.0,32.0,Cash,In-store,2022-12-02,False,1669939200
TXN_3599137,CUST_19,Milk Products,Item_22_MILK,36.5,10.0,365.0,Digital Wallet,In-store,2024-08-03,True,1722643200
TXN_2168164,CUST_05,Milk Products,Item_3_MILK,8.0,5.0,40.0,Credit Card,In-store,2024-08-26,True,1724630400
TXN_9109937,CUST_19,Milk Products,Item_17_MILK,29.0,6.0,174.0,Cash,Online,2022-09-23,True,1663891200
TXN_9311214,CUST_02,Electric household essentials,Item_12_EHE,21.5,5.0,107.5,Cash,In-store,2023-06-22,False,1687392000
TXN_8836430,CUST_08,Milk Products,Item_8_MILK,15.5,6.0,93.0,Digital Wallet,In-store,2025-01-01,False,1735689600
TXN_8207498,CUST_19,Furniture,Item_10_FUR,18.5,10.0,185.0,Cash,Online,2022-04-11,False,1649635200
TXN_5139260,CUST_16,Beverages,Item_16_BEV,27.5,2.0,55.0,Credit Card,In-store,2023-07-19,True,1689724800
TXN_5981197,CUST_11,Beverages,Item_10_BEV,18.5,10.0,185.0,Credit Card,In-store,2023-02-23,False,1677110400
TXN_6400580,CUST_07,Furniture,Item_20_FUR,33.5,9.0,301.5,Credit Card,Online,2023-09-11,False,1694390400
TXN_1923790,CUST_17,Patisserie,Item_8_PAT,15.5,7.0,108.5,Digital Wallet,Online,2024-07-25,True,1721865600
TXN_7764138,CUST_13,Butchers,Item_13_BUT,23.0,10.0,230.0,Credit Card,Online,2023-02-04,True,1675468800
TXN_3619946,CUST_18,Furniture,Item_5_FUR,11.0,9.0,99.0,Cash,In-store,2022-05-04,False,1651622400
TXN_2647450,CUST_22,Computers and electric accessories,Item_10_CEA,18.5,4.0,74.0,Credit Card,Online,2023-02-04,True,1675468800
TXN_9238218,CUST_08,Furniture,Item_10_FUR,18.5,1.0,18.5,Cash,In-store,2022-10-14,False,1665705600
TXN_1976524,CUST_05,Beverages,Item_12_BEV,21.5,6.0,129.0,Credit Card,In-store,2023-08-11,False,1691712000
TXN_7792504,CUST_14,Electric household essentials,Item_2_EHE,6.5,9.0,58.5,Credit Card,Online,2022-09-22,True,1663804800
TXN_8393572,CUST_05,Computers and electric accessories,Item_12_CEA,21.5,6.0,129.0,Cash,Online,2024-08-09,True,1723161600
TXN_1207317,CUST_21,Furniture,Item_24_FUR,39.5,3.0,118.5,Digital Wallet,Online,2024-09-13,True,1726185600
TXN_5497844,CUST_03,Milk Products,Item_17_MILK,29.0,1.0,29.0,Digital Wallet,In-store,2024-05-08,False,1715126400
TXN_1920349,CUST_22,Computers and electric accessories,Item_17_CEA,29.0,10.0,290.0,Digital Wallet,Online,2024-01-06,False,1704499200
TXN_1891321,CUST_09,Beverages,Item_2_BEV,6.5,4.0,26.0,Cash,In-store,2023-07-05,False,1688515200
TXN_8292411,CUST_10,Computers and electric accessories,Item_5_CEA,11.0,8.0,88.0,Cash,In-store,2024-05-29,True,1716940800
TXN_5123327,CUST_15,Computers and electric accessories,Item_15_CEA,26.0,7.0,182.0,Cash,Online,2024-03-03,True,1709424000
TXN_7816964,CUST_24,Food,Item_15_FOOD,26.0,2.0,52.0,Digital Wallet,In-store,2024-01-16,True,1705363200
TXN_3854878,CUST_22,Butchers,Item_17_BUT,29.0,10.0,290.0,Digital Wallet,Online,2023-04-14,False,1681430400
TXN_1003865,CUST_15,Furniture,Item_2_FUR,6.5,5.0,32.5,Cash,Online,2022-03-12,False,1647043200
TXN_6382732,CUST_05,Milk Products,Item_12_MILK,21.5,6.0,129.0,Cash,In-store,2024-02-23,True,1708646400
TXN_6782085,CUST_16,Electric household essentials,Item_23_EHE,38.0,10.0,380.0,Digital Wallet,In-store,2024-01-29,True,1706486400
TXN_4478162,CUST_25,Electric household essentials,Item_5_EHE,11.0,2.0,22.0,Credit Card,In-store,2023-10-05,False,1696464000
TXN_8036579,CUST_01,Food,Item_18_FOOD,30.5,2.0,61.0,Digital Wallet,Online,2024-05-23,True,1716422400
TXN_3008793,CUST_04,Electric household essentials,Item_5_EHE,11.0,2.0,22.0,Credit Card,In-store,2024-06-24,True,1719187200
TXN_8822985,CUST_18,Butchers,Item_7_BUT,14.0,1.0,14.0,Digital Wallet,Online,2024-08-22,False,1724284800
TXN_4191194,CUST_13,Furniture,Item_7_FUR,14.0,7.0,98.0,Digital Wallet,In-store,2023-04-01,True,1680307200
TXN_2455842,CUST_14,Electric household essentials,Item_8_EHE,15.5,3.0,46.5,Credit Card,In-store,2024-05-26,True,1716681600
TXN_9475395,CUST_08,Beverages,Item_14_BEV,24.5,6.0,147.0,Digital Wallet,Online,2024-11-30,True,1732924800
TXN_2659409,CUST_24,Food,Item_13_FOOD,23.0,3.0,69.0,Credit Card,Online,2024-07-10,False,1720569600
TXN_3329144,CUST_23,Food,Item_14_FOOD,24.5,3.0,73.5,Credit Card,In-store,2025-01-11,False,1736553600
TXN_3319577,CUST_12,Food,Item_18_FOOD,30.5,3.0,91.5,Cash,In-store,2024-11-26,False,1732579200
TXN_2190232,CUST_06,Furniture,Item_19_FUR,32.0,7.0,224.0,Digital Wallet,In-store,2024-02-16,False,1708041600
TXN_7405371,CUST_06,Food,Item_10_FOOD,18.5,4.0,74.0,Digital Wallet,In-store,2023-04-30,False,1682812800
TXN_5026476,CUST_11,Food,Item_24_FOOD,39.5,3.0,118.5,Digital Wallet,Online,2024-02-09,False,1707436800
TXN_3868370,CUST_10,Electric household essentials,Item_13_EHE,23.0,3.0,69.0,Credit Card,Online,2024-02-07,False,1707264000
TXN_4771109,CUST_21,Electric household essentials,Item_25_EHE,41.0,10.0,410.0,Digital Wallet,In-store,2022-07-03,True,1656806400
TXN_4730708,CUST_12,Furniture,Item_6_FUR,12.5,7.0,87.5,Digital Wallet,In-store,2024-08-09,False,1723161600
TXN_6681572,CUST_12,Electric household essentials,Item_4_EHE,9.5,9.0,85.5,Cash,In-store,2024-03-17,True,1710633600
TXN_8322513,CUST_12,Electric household essentials,Item_19_EHE,32.0,7.0,224.0,Cash,Online,2024-07-10,False,1720569600
TXN_9281229,CUST_07,Butchers,Item_12_BUT,21.5,6.0,129.0,Digital Wallet,In-store,2022-03-08,True,1646697600
TXN_9749228,CUST_03,Computers and electric accessories,Item_16_CEA,27.5,10.0,275.0,Credit Card,In-store,2024-12-26,False,1735171200
TXN_1315967,CUST_04,Beverages,Item_9_BEV,17.0,6.0,102.0,Credit Card,Online,2022-04-16,False,1650067200
TXN_4411366,CUST_09,Milk Products,Item_4_MILK,9.5,8.0,76.0,Credit Card,In-store,2023-01-04,True,1672790400
TXN_6992931,CUST_25,Patisserie,Item_14_PAT,24.5,7.0,171.5,Cash,Online,2024-06-20,True,1718841600
TXN_3040201,CUST_21,Beverages,Item_24_BEV,39.5,5.0,197.5,Credit Card,In-store,2024-07-28,True,1722124800
TXN_8502497,CUST_18,Beverages,Item_15_BEV,26.0,1.0,26.0,Cash,In-store,2022-12-08,False,1670457600
TXN_2038385,CUST_07,Milk Products,Item_23_MILK,38.0,9.0,342.0,Cash,Online,2023-05-25,True,1684972800
TXN_2196992,CUST_17,Electric household essentials,Item_1_EHE,5.0,10.0,50.0,Credit Card,Online,2024-08-24,True,1724457600
TXN_6272881,CUST_01,Electric household essentials,Item_6_EHE,12.5,8.0,100.0,Digital Wallet,Online,2022-04-29,False,1651190400
TXN_6162123,CUST_22,Food,Item_14_FOOD,24.5,3.0,73.5,Cash,In-store,2024-07-06,True,1720224000
TXN_8794922,CUST_06,Computers and electric accessories,Item_5_CEA,11.0,3.0,33.0,Digital Wallet,In-store,2024-05-28,False,1716854400
TXN_6834757,CUST_08,Milk Products,Item_16_MILK,27.5,7.0,192.5,Credit Card,In-store,2024-10-20,False,1729382400
TXN_8982011,CUST_23,Beverages,Item_23_BEV,38.0,10.0,380.0,Cash,In-store,2022-01-14,False,1642118400
TXN_6272697,CUST_16,Furniture,Item_6_FUR,12.5,4.0,50.0,Cash,Online,2022-06-21,False,1655769600
TXN_8426490,CUST_07,Patisserie,Item_24_PAT,39.5,7.0,276.5,Credit Card,Online,2023-04-07,True,1680825600
TXN_6271059,CUST_10,Furniture,Item_3_FUR,8.0,1.0,8.0,Digital Wallet,Online,2024-03-17,False,1710633600
TXN_2566721,CUST_09,Computers and electric accessories,Item_1_CEA,5.0,1.0,5.0,Cash,Online,2023-03-10,False,1678406400
TXN_7007814,CUST_16,Computers and electric accessories,Item_5_CEA,11.0,8.0,88.0,Digital Wallet,In-store,2023-03-25,True,1679702400
TXN_5913765,CUST_25,Furniture,Item_21_FUR,35.0,7.0,245.0,Cash,In-store,2024-01-28,True,1706400000
TXN_4502464,CUST_01,Food,Item_5_FOOD,11.0,9.0,99.0,Cash,In-store,2023-04-27,False,1682553600
TXN_6766170,CUST_04,Butchers,Item_10_BUT,18.5,6.0,111.0,Cash,In-store,2024-06-13,False,1718236800
TXN_4167160,CUST_01,Computers and electric accessories,Item_11_CEA,20.0,7.0,140.0,Digital Wallet,In-store,2023-05-21,False,1684627200
TXN_8362951,CUST_21,Furniture,Item_20_FUR,33.5,6.0,201.0,Credit Card,Online,2022-04-07,True,1649289600
TXN_5915197,CUST_25,Food,Item_20_FOOD,33.5,1.0,33.5,Credit Card,In-store,2022-10-16,False,1665878400
TXN_5903404,CUST_16,Furniture,Item_19_FUR,32.0,1.0,32.0,Digital Wallet,In-store,2024-08-08,False,1723075200
TXN_6730670,CUST_22,Milk Products,Item_17_MILK,29.0,3.0,87.0,Digital Wallet,Online,2022-09-28,False,1664323200
TXN_8562646,CUST_05,Beverages,Item_17_BEV,29.0,7.0,203.0,Digital Wallet,In-store,2024-09-06,False,1725580800
TXN_6107048,CUST_14,Milk Products,Item_13_MILK,23.0,10.0,230.0,Digital Wallet,In-store,2023-12-19,False,1702944000
TXN_7196079,CUST_01,Butchers,Item_16_BUT,27.5,9.0,247.5,Digital Wallet,In-store,2022-07-30,True,1659139200
TXN_9384430,CUST_21,Milk Products,Item_23_MILK,38.0,7.0,266.0,Digital Wallet,In-store,2022-04-27,False,1651017600
TXN_3020816,CUST_05,Butchers,Item_23_BUT,38.0,3.0,114.0,Digital Wallet,Online,2024-08-10,True,1723248000
TXN_1613779,CUST_25,Food,Item_22_FOOD,36.5,7.0,255.5,Credit Card,Online,2022-07-27,False,1658880000
TXN_6636773,CUST_05,Electric household essentials,Item_23_EHE,38.0,9.0,342.0,Digital Wallet,Online,2022-09-02,True,1662076800
TXN_2203983,CUST_18,Electric household essentials,Item_11_EHE,20.0,9.0,180.0,Digital Wallet,Online,2022-02-14,True,1644796800
TXN_8789017,CUST_13,Milk Products,Item_8_MILK,15.5,2.0,31.0,Cash,Online,2023-02-21,False,1676937600
TXN_8826475,CUST_07,Beverages,Item_21_BEV,35.0,1.0,35.0,Digital Wallet,In-store,2023-07-02,True,1688256000
TXN_4827125,CUST_03,Milk Products,Item_15_MILK,26.0,8.0,208.0,Credit Card,In-store,2023-10-27,False,1698364800
TXN_6995557,CUST_02,Milk Products,Item_7_MILK,14.0,4.0,56.0,Cash,Online,2023-07-13,True,1689206400
TXN_7822143,CUST_24,Butchers,Item_23_BUT,38.0,3.0,114.0,Cash,Online,2022-01-12,True,1641945600
TXN_8295200,CUST_23,Computers and electric accessories,Item_10_CEA,18.5,10.0,185.0,Digital Wallet,Online,2023-04-06,False,1680739200
TXN_1648427,CUST_04,Butchers,Item_21_BUT,35.0,7.0,245.0,Digital Wallet,In-store,2024-12-12,False,1733961600
TXN_9509705,CUST_20,Computers and electric accessories,Item_20_CEA,33.5,10.0,335.0,Cash,Online,2024-07-15,False,1721001600
TXN_9559442,CUST_20,Food,Item_17_FOOD,29.0,8.0,232.0,Credit Card,Online,2022-08-12,True,1660262400
TXN_9368743,CUST_24,Patisserie,Item_6_PAT,12.5,6.0,75.0,Digital Wallet,Online,2025-01-09,False,1736380800
TXN_8535621,CUST_25,Butchers,Item_5_BUT,11.0,9.0,99.0,Digital Wallet,In-store,2024-07-29,True,1722211200
TXN_4577781,CUST_17,Electric household essentials,Item_2_EHE,6.5,6.0,39.0,Digital Wallet,In-store,2024-01-22,False,1705881600
TXN_6968704,CUST_09,Furniture,Item_22_FUR,36.5,4.0,146.0,Credit Card,In-store,2024-12-20,False,1734652800
TXN_4732306,CUST_05,Food,Item_17_FOOD,29.0,1.0,29.0,Credit Card,In-store,2024-04-01,True,1711929600
TXN_8267402,CUST_16,Furniture,Item_20_FUR,33.5,5.0,167.5,Cash,Online,2023-01-24,True,1674518400
TXN_3392405,CUST_20,Patisserie,Item_12_PAT,21.5,3.0,64.5,Cash,Online,2024-10-03,False,1727913600
TXN_3169757,CUST_11,Beverages,Item_19_BEV,32.0,7.0,224.0,Digital Wallet,Online,2024-04-04,False,1712188800
TXN_1943582,CUST_04,Computers and electric accessories,Item_20_CEA,33.5,2.0,67.0,Cash,Online,2023-02-21,False,1676937600
TXN_8744270,CUST_03,Butchers,Item_2_BUT,6.5,8.0,52.0,Credit Card,Online,2024-06-11,True,1718064000
TXN_2288041,CUST_24,Food,Item_25_FOOD,41.0,10.0,410.0,Digital Wallet,In-store,2023-09-02,False,1693612800
TXN_3129751,CUST_17,Electric household essentials,Item_10_EHE,18.5,4.0,74.0,Credit Card,In-store,2023-04-08,False,1680912000
TXN_3111666,CUST_08,Patisserie,Item_7_PAT,14.0,8.0,112.0,Cash,Online,2023-01-12,True,1673481600
TXN_8131935,CUST_11,Butchers,Item_15_BUT,26.0,2.0,52.0,Digital Wallet,Online,2023-09-27,True,1695772800
TXN_1489487,CUST_09,Milk Products,Item_6_MILK,12.5,10.0,125.0,Credit Card,In-store,2023-08-09,True,1691539200
TXN_9845530,CUST_25,Electric household essentials,Item_15_EHE,26.0,4.0,104.0,Digital Wallet,In-store,2022-09-26,True,1664150400
TXN_9893886,CUST_17,Butchers,Item_13_BUT,23.0,2.0,46.0,Cash,In-store,2022-07-10,True,1657411200
TXN_5698793,CUST_13,Food,Item_5_FOOD,11.0,2.0,22.0,Credit Card,In-store,2024-03-18,False,1710720000
TXN_8155428,CUST_21,Electric household essentials,Item_13_EHE,23.0,9.0,207.0,Digital Wallet,In-store,2023-09-23,True,1695427200
TXN_5186312,CUST_01,Butchers,Item_9_BUT,17.0,5.0,85.0,Credit Card,In-store,2023-11-21,True,1700524800
TXN_3342443,CUST_08,Butchers,Item_25_BUT,41.0,10.0,410.0,Credit Card,In-store,2023-10-03,True,1696291200
TXN_2864845,CUST_16,Furniture,Item_5_FUR,11.0,1.0,11.0,Digital Wallet,Online,2024-07-01,True,1719792000
TXN_5291160,CUST_06,Electric household essentials,Item_8_EHE,15.5,7.0,108.5,Cash,Online,2022-09-12,True,1662940800
TXN_4431120,CUST_24,Food,Item_16_FOOD,27.5,3.0,82.5,Credit Card,In-store,2022-10-25,True,1666656000
TXN_3544848,CUST_12,Patisserie,Item_12_PAT,21.5,6.0,129.0,Cash,Online,2022-07-22,False,1658448000
TXN_5825215,CUST_07,Food,Item_9_FOOD,17.0,6.0,102.0,Digital Wallet,Online,2023-12-31,False,1703980800
TXN_2802887,CUST_24,Computers and electric accessories,Item_5_CEA,11.0,2.0,22.0,Digital Wallet,Online,2023-10-14,True,1697241600
TXN_5013447,CUST_21,Electric household essentials,Item_19_EHE,32.0,3.0,96.0,Credit Card,Online,2023-08-04,True,1691107200
TXN_8186546,CUST_14,Furniture,Item_25_FUR,41.0,1.0,41.0,Cash,In-store,2023-11-13,True,1699833600
TXN_7784402,CUST_20,Furniture,Item_2_FUR,6.5,10.0,65.0,Cash,In-store,2022-06-07,True,1654560000
TXN_9832001,CUST_05,Butchers,Item_25_BUT,41.0,9.0,369.0,Cash,In-store,2023-07-30,False,1690675200
TXN_5786843,CUST_17,Beverages,Item_18_BEV,30.5,2.0,61.0,Cash,Online,2024-05-05,True,1714867200
TXN_9929561,CUST_13,Furniture,Item_21_FUR,35.0,5.0,175.0,Credit Card,In-store,2024-02-28,True,1709078400
TXN_3202645,CUST_12,Computers and electric accessories,Item_23_CEA,38.0,9.0,342.0,Credit Card,Online,2022-09-25,False,1664064000
TXN_7864309,CUST_04,Patisserie,Item_25_PAT,41.0,1.0,41.0,Digital Wallet,In-store,2023-03-22,True,1679443200
TXN_2724532,CUST_24,Patisserie,Item_16_PAT,27.5,9.0,247.5,Digital Wallet,In-store,2024-04-20,False,1713571200
TXN_6927369,CUST_17,Electric household essentials,Item_12_EHE,21.5,7.0,150.5,Credit Card,Online,2023-12-29,True,1703808000
TXN_5647485,CUST_15,Food,Item_6_FOOD,12.5,9.0,112.5,Digital Wallet,In-store,2024-01-13,False,1705104000
TXN_2238366,CUST_03,Food,Item_17_FOOD,29.0,6.0,174.0,Digital Wallet,Online,2024-04-24,True,1713916800
TXN_2455053,CUST_12,Milk Products,Item_1_MILK,5.0,2.0,10.0,Cash,In-store,2022-04-14,False,1649894400
TXN_8143902,CUST_18,Electric household essentials,Item_15_EHE,26.0,10.0,260.0,Digital Wallet,Online,2024-02-07,False,1707264000
TXN_7729050,CUST_04,Butchers,Item_22_BUT,36.5,4.0,146.0,Cash,Online,2024-07-22,False,1721606400
TXN_3460199,CUST_23,Food,Item_14_FOOD,24.5,2.0,49.0,Digital Wallet,Online,2024-07-25,True,1721865600
TXN_1393018,CUST_01,Computers and electric accessories,Item_5_CEA,11.0,4.0,44.0,Credit Card,In-store,2023-02-20,False,1676851200
TXN_6100931,CUST_15,Electric household essentials,Item_17_EHE,29.0,1.0,29.0,Cash,Online,2022-04-28,True,1651104000
TXN_6091754,CUST_05,Computers and electric accessories,Item_12_CEA,21.5,3.0,64.5,Credit Card,In-store,2024-06-03,False,1717372800
TXN_5261605,CUST_02,Patisserie,Item_14_PAT,24.5,2.0,49.0,Cash,In-store,2023-12-15,True,1702598400
TXN_2126258,CUST_06,Milk Products,Item_19_MILK,32.0,9.0,288.0,Credit Card,In-store,2023-11-17,True,1700179200
TXN_6852237,CUST_02,Patisserie,Item_12_PAT,21.5,1.0,21.5,Credit Card,In-store,2023-08-29,True,1693267200
TXN_4452577,CUST_16,Electric household essentials,Item_19_EHE,32.0,4.0,128.0,Digital Wallet,Online,2022-02-13,True,1644710400
TXN_9248541,CUST_16,Furniture,Item_25_FUR,41.0,1.0,41.0,Credit Card,Online,2024-10-17,True,1729123200
TXN_8016362,CUST_03,Electric household essentials,Item_25_EHE,41.0,6.0,246.0,Cash,Online,2022-08-18,True,1660780800
TXN_9964153,CUST_07,Patisserie,Item_25_PAT,41.0,2.0,82.0,Cash,Online,2023-05-29,False,1685318400
TXN_1013045,CUST_11,Computers and electric accessories,Item_19_CEA,32.0,4.0,128.0,Cash,In-store,2023-07-11,True,1689033600
TXN_6514016,CUST_22,Electric household essentials,Item_15_EHE,26.0,6.0,156.0,Cash,Online,2023-12-16,True,1702684800
TXN_2645782,CUST_06,Patisserie,Item_1_PAT,5.0,10.0,50.0,Digital Wallet,Online,2023-05-17,False,1684281600
TXN_8585525,CUST_18,Food,Item_4_FOOD,9.5,6.0,57.0,Digital Wallet,In-store,2022-02-01,True,1643673600
TXN_9579985,CUST_11,Furniture,Item_11_FUR,20.0,8.0,160.0,Digital Wallet,In-store,2022-02-23,True,1645574400
TXN_8434417,CUST_03,Food,Item_20_FOOD,33.5,7.0,234.5,Credit Card,Online,2022-11-20,False,1668902400
TXN_6817577,CUST_08,Computers and electric accessories,Item_2_CEA,6.5,1.0,6.5,Credit Card,Online,2024-03-14,True,1710374400
TXN_9171710,CUST_23,Butchers,Item_4_BUT,9.5,10.0,95.0,Cash,Online,2024-07-02,False,1719878400
TXN_7844000,CUST_24,Butchers,Item_12_BUT,21.5,4.0,86.0,Digital Wallet,Online,2022-05-10,True,1652140800
TXN_3006943,CUST_10,Butchers,Item_5_BUT,11.0,3.0,33.0,Cash,Online,2023-07-17,False,1689552000
TXN_4327164,CUST_23,Computers and electric accessories,Item_13_CEA,23.0,9.0,207.0,Cash,In-store,2024-09-04,True,1725408000
TXN_8549366,CUST_03,Food,Item_14_FOOD,24.5,3.0,73.5,Digital Wallet,In-store,2023-08-03,False,1691020800
TXN_1448668,CUST_24,Milk Products,Item_9_MILK,17.0,4.0,68.0,Credit Card,In-store,2023-11-14,False,1699920000
TXN_9722290,CUST_19,Patisserie,Item_9_PAT,17.0,9.0,153.0,Cash,In-store,2024-12-05,False,1733356800
TXN_4559771,CUST_16,Electric household essentials,Item_23_EHE,38.0,5.0,190.0,Cash,In-store,2022-07-29,True,1659052800
TXN_4383123,CUST_13,Patisserie,Item_1_PAT,5.0,5.0,25.0,Digital Wallet,In-store,2022-04-17,False,1650153600
TXN_7384527,CUST_21,Food,Item_17_FOOD,29.0,2.0,58.0,Digital Wallet,Online,2023-06-08,False,1686182400
TXN_8987229,CUST_13,Patisserie,Item_8_PAT,15.5,7.0,108.5,Cash,Online,2022-11-05,True,1667606400
TXN_8756884,CUST_07,Patisserie,Item_5_PAT,11.0,7.0,77.0,Credit Card,In-store,2023-07-11,True,1689033600
TXN_5741074,CUST_11,Electric household essentials,Item_22_EHE,36.5,6.0,219.0,Cash,In-store,2023-01-31,True,1675123200
TXN_7156790,CUST_10,Food,Item_13_FOOD,23.0,4.0,92.0,Digital Wallet,Online,2022-11-24,True,1669248000
TXN_2029611,CUST_15,Patisserie,Item_13_PAT,23.0,8.0,184.0,Cash,In-store,2024-05-27,True,1716768000
TXN_7804471,CUST_22,Furniture,Item_2_FUR,6.5,6.0,39.0,Credit Card,In-store,2022-07-16,False,1657929600
TXN_1541024,CUST_22,Beverages,Item_11_BEV,20.0,5.0,100.0,Credit Card,In-store,2024-05-13,True,1715558400
TXN_9090898,CUST_15,Computers and electric accessories,Item_12_CEA,21.5,2.0,43.0,Credit Card,Online,2023-05-18,False,1684368000
TXN_1591772,CUST_18,Computers and electric accessories,Item_13_CEA,23.0,8.0,184.0,Cash,In-store,2024-06-09,True,1717891200
TXN_4787658,CUST_25,Food,Item_21_FOOD,35.0,9.0,315.0,Digital Wallet,In-store,2023-10-05,False,1696464000
TXN_8197313,CUST_22,Computers and electric accessories,Item_14_CEA,24.5,4.0,98.0,Digital Wallet,In-store,2022-11-20,False,1668902400
TXN_3599152,CUST_03,Furniture,Item_1_FUR,5.0,7.0,35.0,Digital Wallet,In-store,2022-03-29,False,1648512000
TXN_7026911,CUST_23,Patisserie,Item_20_PAT,33.5,8.0,268.0,Credit Card,In-store,2022-12-23,True,1671753600
TXN_1702959,CUST_03,Butchers,Item_23_BUT,38.0,10.0,380.0,Cash,In-store,2022-02-22,False,1645488000
TXN_4910983,CUST_13,Furniture,Item_25_FUR,41.0,9.0,369.0,Credit Card,In-store,2023-04-04,False,1680566400
TXN_6707919,CUST_04,Butchers,Item_2_BUT,6.5,10.0,65.0,Credit Card,In-store,2024-09-29,False,1727568000
TXN_9518234,CUST_12,Beverages,Item_20_BEV,33.5,5.0,167.5,Credit Card,In-store,2022-04-30,False,1651276800
TXN_3019755,CUST_05,Computers and electric accessories,Item_22_CEA,36.5,2.0,73.0,Credit Card,In-store,2022-05-01,False,1651363200
TXN_4473345,CUST_22,Milk Products,Item_19_MILK,32.0,9.0,288.0,Credit Card,Online,2023-01-15,False,1673740800
TXN_9265726,CUST_21,Food,Item_18_FOOD,30.5,3.0,91.5,Digital Wallet,In-store,2022-11-19,True,1668816000
TXN_3340219,CUST_13,Furniture,Item_9_FUR,17.0,4.0,68.0,Cash,Online,2023-05-09,False,1683590400
TXN_9699592,CUST_24,Furniture,Item_21_FUR,35.0,5.0,175.0,Credit Card,In-store,2023-04-02,False,1680393600
TXN_2034268,CUST_11,Computers and electric accessories,Item_2_CEA,6.5,1.0,6.5,Cash,Online,2024-11-28,False,1732752000
TXN_1456719,CUST_03,Furniture,Item_19_FUR,32.0,2.0,64.0,Cash,Online,2022-10-25,True,1666656000
TXN_8648358,CUST_16,Milk Products,Item_8_MILK,15.5,8.0,124.0,Digital Wallet,Online,2022-01-09,False,1641686400
TXN_9515774,CUST_15,Milk Products,Item_3_MILK,8.0,5.0,40.0,Credit Card,In-store,2024-09-20,True,1726790400
TXN_1495979,CUST_05,Patisserie,Item_12_PAT,21.5,3.0,64.5,Digital Wallet,In-store,2023-01-16,False,1673827200
TXN_5568041,CUST_13,Butchers,Item_16_BUT,27.5,10.0,275.0,Cash,In-store,2022-01-22,True,1642809600
TXN_1949455,CUST_25,Furniture,Item_25_FUR,41.0,3.0,123.0,Digital Wallet,Online,2022-01-23,True,1642896000
TXN_1732114,CUST_11,Milk Products,Item_13_MILK,23.0,5.0,115.0,Credit Card,Online,2022-06-14,False,1655164800
TXN_2171581,CUST_15,Electric household essentials,Item_20_EHE,33.5,1.0,33.5,Digital Wallet,In-store,2024-05-31,False,1717113600
TXN_1007510,CUST_14,Beverages,Item_21_BEV,35.0,5.0,175.0,Cash,In-store,2022-10-03,False,1664755200
TXN_3880353,CUST_10,Beverages,Item_2_BEV,6.5,8.0,52.0,Cash,Online,2024-06-06,True,1717632000
TXN_3409638,CUST_22,Computers and electric accessories,Item_7_CEA,14.0,1.0,14.0,Credit Card,In-store,2022-09-29,False,1664409600
TXN_4565043,CUST_09,Furniture,Item_24_FUR,39.5,1.0,39.5,Credit Card,Online,2023-08-29,True,1693267200
TXN_4399558,CUST_02,Milk Products,Item_23_MILK,38.0,5.0,190.0,Digital Wallet,In-store,2023-08-16,False,1692144000
TXN_3958510,CUST_10,Patisserie,Item_12_PAT,21.5,3.0,64.5,Credit Card,Online,2023-09-13,True,1694563200
TXN_9413220,CUST_09,Beverages,Item_9_BEV,17.0,7.0,119.0,Cash,Online,2022-02-16,False,1644969600
TXN_6798190,CUST_17,Food,Item_11_FOOD,20.0,6.0,120.0,Credit Card,In-store,2022-10-31,False,1667174400
TXN_2018105,CUST_13,Computers and electric accessories,Item_3_CEA,8.0,10.0,80.0,Credit Card,In-store,2023-10-07,False,1696636800
TXN_6403470,CUST_13,Computers and electric accessories,Item_12_CEA,21.5,1.0,21.5,Cash,In-store,2022-06-03,False,1654214400
TXN_2087965,CUST_25,Milk Products,Item_11_MILK,20.0,2.0,40.0,Digital Wallet,In-store,2022-06-15,False,1655251200
TXN_1058643,CUST_23,Food,Item_4_FOOD,9.5,2.0,19.0,Digital Wallet,In-store,2024-10-01,False,1727740800
TXN_6363608,CUST_15,Patisserie,Item_18_PAT,30.5,7.0,213.5,Credit Card,Online,2022-09-24,True,1663977600
TXN_6211037,CUST_20,Patisserie,Item_4_PAT,9.5,7.0,66.5,Digital Wallet,In-store,2024-07-24,False,1721779200
TXN_9856856,CUST_17,Furniture,Item_15_FUR,26.0,9.0,234.0,Digital Wallet,In-store,2024-04-25,True,1714003200
TXN_1746209,CUST_20,Furniture,Item_8_FUR,15.5,8.0,124.0,Cash,In-store,2022-08-18,False,1660780800
TXN_4129646,CUST_25,Beverages,Item_8_BEV,15.5,7.0,108.5,Cash,In-store,2022-08-30,True,1661817600
TXN_3079892,CUST_03,Food,Item_12_FOOD,21.5,8.0,172.0,Cash,In-store,2022-08-01,True,1659312000
TXN_2731981,CUST_05,Butchers,Item_3_BUT,8.0,8.0,64.0,Credit Card,Online,2024-10-06,True,1728172800
TXN_3388920,CUST_04,Patisserie,Item_1_PAT,5.0,4.0,20.0,Digital Wallet,Online,2022-12-25,False,1671926400
TXN_5308673,CUST_14,Butchers,Item_4_BUT,9.5,2.0,19.0,Credit Card,In-store,2022-03-21,True,1647820800
TXN_5672977,CUST_18,Milk Products,Item_6_MILK,12.5,9.0,112.5,Credit Card,In-store,2024-12-22,True,1734825600
TXN_4436938,CUST_12,Furniture,Item_15_FUR,26.0,9.0,234.0,Cash,In-store,2023-05-18,False,1684368000
TXN_2494353,CUST_14,Electric household essentials,Item_13_EHE,23.0,5.0,115.0,Credit Card,Online,2023-11-03,True,1698969600
TXN_1753755,CUST_04,Electric household essentials,Item_12_EHE,21.5,10.0,215.0,Cash,In-store,2022-11-22,False,1669075200
TXN_4704137,CUST_03,Food,Item_6_FOOD,12.5,6.0,75.0,Credit Card,In-store,2024-07-13,False,1720828800
TXN_6012297,CUST_18,Furniture,Item_6_FUR,12.5,5.0,62.5,Digital Wallet,Online,2024-08-26,False,1724630400
TXN_4522176,CUST_02,Butchers,Item_14_BUT,24.5,5.0,122.5,Cash,Online,2024-04-27,False,1714176000
TXN_9479679,CUST_22,Milk Products,Item_22_MILK,36.5,6.0,219.0,Cash,Online,2022-12-31,False,1672444800
TXN_3089375,CUST_17,Food,Item_17_FOOD,29.0,4.0,116.0,Digital Wallet,Online,2022-09-05,False,1662336000
TXN_7941679,CUST_12,Computers and electric accessories,Item_19_CEA,32.0,5.0,160.0,Credit Card,Online,2022-08-09,True,1660003200
TXN_4828565,CUST_25,Patisserie,Item_15_PAT,26.0,7.0,182.0,Digital Wallet,Online,2024-02-01,True,1706745600
TXN_3922646,CUST_08,Electric household essentials,Item_19_EHE,32.0,2.0,64.0,Cash,Online,2023-07-27,False,1690416000
TXN_9494162,CUST_11,Electric household essentials,Item_22_EHE,36.5,10.0,365.0,Cash,Online,2022-06-13,True,1655078400
TXN_1349740,CUST_24,Electric household essentials,Item_13_EHE,23.0,3.0,69.0,Cash,Online,2024-07-16,False,1721088000
TXN_9236082,CUST_19,Computers and electric accessories,Item_11_CEA,20.0,8.0,160.0,Cash,Online,2024-03-29,False,1711670400
TXN_5040605,CUST_01,Milk Products,Item_2_MILK,6.5,9.0,58.5,Cash,Online,2024-02-03,True,1706918400
TXN_7153317,CUST_25,Computers and electric accessories,Item_23_CEA,38.0,4.0,152.0,Digital Wallet,In-store,2023-12-03,False,1701561600
TXN_6666623,CUST_22,Milk Products,Item_11_MILK,20.0,8.0,160.0,Digital Wallet,Online,2022-09-28,False,1664323200
TXN_6771805,CUST_07,Electric household essentials,Item_7_EHE,14.0,1.0,14.0,Digital Wallet,In-store,2023-12-18,True,1702857600
TXN_7609763,CUST_02,Computers and electric accessories,Item_6_CEA,12.5,10.0,125.0,Credit Card,Online,2024-11-18,True,1731888000
TXN_4004830,CUST_24,Food,Item_5_FOOD,11.0,7.0,77.0,Cash,In-store,2024-06-09,True,1717891200
TXN_3583888,CUST_06,Food,Item_14_FOOD,24.5,8.0,196.0,Cash,Online,2023-10-23,False,1698019200
TXN_2379515,CUST_09,Computers and electric accessories,Item_14_CEA,24.5,1.0,24.5,Digital Wallet,In-store,2022-07-04,False,1656892800
TXN_5915154,CUST_15,Patisserie,Item_1_PAT,5.0,10.0,50.0,Credit Card,In-store,2023-04-07,False,1680825600
TXN_9180432,CUST_15,Food,Item_14_FOOD,24.5,1.0,24.5,Digital Wallet,In-store,2024-01-28,False,1706400000
TXN_5712926,CUST_05,Computers and electric accessories,Item_6_CEA,12.5,9.0,112.5,Cash,Online,2022-01-30,True,1643500800
TXN_5100476,CUST_08,Food,Item_4_FOOD,9.5,7.0,66.5,Cash,Online,2024-03-20,False,1710892800
TXN_9787092,CUST_16,Computers and electric accessories,Item_19_CEA,32.0,10.0,320.0,Credit Card,Online,2024-03-11,False,1710115200
TXN_9757864,CUST_24,Computers and electric accessories,Item_17_CEA,29.0,3.0,87.0,Cash,In-store,2022-02-10,True,1644451200
TXN_7525212,CUST_14,Electric household essentials,Item_8_EHE,15.5,6.0,93.0,Digital Wallet,Online,2022-01-24,True,1642982400
TXN_6308905,CUST_22,Furniture,Item_11_FUR,20.0,10.0,200.0,Cash,Online,2024-04-21,True,1713657600
TXN_5984226,CUST_12,Beverages,Item_15_BEV,26.0,10.0,260.0,Cash,Online,2024-10-11,True,1728604800
TXN_5866486,CUST_16,Patisserie,Item_1_PAT,5.0,4.0,20.0,Credit Card,In-store,2022-01-06,True,1641427200
TXN_8999132,CUST_15,Butchers,Item_10_BUT,18.5,9.0,166.5,Digital Wallet,In-store,2022-09-10,True,1662768000
TXN_2582450,CUST_03,Milk Products,Item_23_MILK,38.0,8.0,304.0,Credit Card,Online,2023-06-01,False,1685577600
TXN_9537013,CUST_21,Furniture,Item_15_FUR,26.0,10.0,260.0,Credit Card,Online,2024-07-10,True,1720569600
TXN_4208189,CUST_23,Butchers,Item_25_BUT,41.0,10.0,410.0,Cash,In-store,2022-06-07,False,1654560000
TXN_6774418,CUST_17,Furniture,Item_25_FUR,41.0,5.0,205.0,Digital Wallet,In-store,2023-04-07,True,1680825600
TXN_3031828,CUST_07,Furniture,Item_3_FUR,8.0,3.0,24.0,Digital Wallet,In-store,2025-01-02,True,1735776000
TXN_4387487,CUST_17,Computers and electric accessories,Item_25_CEA,41.0,9.0,369.0,Credit Card,In-store,2023-04-11,False,1681171200
TXN_3036586,CUST_19,Butchers,Item_20_BUT,33.5,6.0,201.0,Credit Card,Online,2022-10-21,True,1666310400
TXN_9745509,CUST_01,Patisserie,Item_25_PAT,41.0,10.0,410.0,Digital Wallet,In-store,2023-08-24,False,1692835200
TXN_6686319,CUST_04,Butchers,Item_21_BUT,35.0,7.0,245.0,Digital Wallet,Online,2023-12-02,False,1701475200
TXN_2035015,CUST_23,Butchers,Item_25_BUT,41.0,9.0,369.0,Cash,In-store,2022-12-08,False,1670457600
TXN_7818630,CUST_18,Beverages,Item_11_BEV,20.0,6.0,120.0,Digital Wallet,Online,2024-05-24,True,1716508800
TXN_1143548,CUST_12,Furniture,Item_21_FUR,35.0,4.0,140.0,Credit Card,In-store,2022-01-04,False,1641254400
TXN_4038490,CUST_19,Patisserie,Item_9_PAT,17.0,3.0,51.0,Digital Wallet,In-store,2024-06-11,True,1718064000
TXN_3923869,CUST_14,Furniture,Item_8_FUR,15.5,4.0,62.0,Cash,In-store,2022-08-30,False,1661817600
TXN_2605841,CUST_08,Computers and electric accessories,Item_18_CEA,30.5,5.0,152.5,Digital Wallet,Online,2022-01-24,False,1642982400
TXN_6818931,CUST_02,Electric household essentials,Item_1_EHE,5.0,2.0,10.0,Digital Wallet,Online,2024-12-07,False,1733529600
TXN_8261655,CUST_01,Computers and electric accessories,Item_24_CEA,39.5,4.0,158.0,Digital Wallet,Online,2023-05-03,False,1683072000
TXN_4123276,CUST_14,Food,Item_6_FOOD,12.5,5.0,62.5,Digital Wallet,Online,2023-07-09,False,1688860800
TXN_7575263,CUST_22,Electric household essentials,Item_2_EHE,6.5,1.0,6.5,Digital Wallet,In-store,2024-02-25,True,1708819200
TXN_9803107,CUST_24,Electric household essentials,Item_20_EHE,33.5,5.0,167.5,Credit Card,Online,2023-07-22,False,1689984000
TXN_2957368,CUST_23,Butchers,Item_23_BUT,38.0,2.0,76.0,Digital Wallet,Online,2022-01-16,True,1642291200
TXN_5413491,CUST_01,Patisserie,Item_12_PAT,21.5,9.0,193.5,Cash,In-store,2023-11-12,True,1699747200
TXN_3834203,CUST_22,Computers and electric accessories,Item_22_CEA,36.5,6.0,219.0,Digital Wallet,Online,2023-06-22,False,1687392000
TXN_1446414,CUST_10,Furniture,Item_20_FUR,33.5,7.0,234.5,Credit Card,In-store,2022-04-09,True,1649462400
TXN_6672762,CUST_05,Furniture,Item_25_FUR,41.0,4.0,164.0,Digital Wallet,Online,2022-09-30,True,1664496000
TXN_9155245,CUST_19,Milk Products,Item_18_MILK,30.5,4.0,122.0,Digital Wallet,In-store,2024-05-01,False,1714521600
TXN_9611416,CUST_19,Butchers,Item_3_BUT,8.0,3.0,24.0,Digital Wallet,Online,2022-09-02,True,1662076800
TXN_5212165,CUST_19,Computers and electric accessories,Item_5_CEA,11.0,5.0,55.0,Cash,Online,2023-08-06,True,1691280000
TXN_6442868,CUST_02,Food,Item_12_FOOD,21.5,3.0,64.5,Credit Card,In-store,2023-06-13,False,1686614400
TXN_1630509,CUST_22,Beverages,Item_17_BEV,29.0,8.0,232.0,Credit Card,In-store,2023-07-08,True,1688774400
TXN_7531099,CUST_14,Beverages,Item_1_BEV,5.0,7.0,35.0,Credit Card,Online,2022-09-01,False,1661990400
TXN_7007203,CUST_24,Computers and electric accessories,Item_22_CEA,36.5,8.0,292.0,Cash,Online,2024-08-08,False,1723075200
TXN_3993454,CUST_13,Beverages,Item_22_BEV,36.5,3.0,109.5,Cash,In-store,2023-08-02,False,1690934400
TXN_2558237,CUST_04,Milk Products,Item_13_MILK,23.0,5.0,115.0,Cash,Online,2024-01-12,False,1705017600
TXN_1673118,CUST_15,Patisserie,Item_24_PAT,39.5,9.0,355.5,Cash,Online,2024-12-24,True,1734998400
TXN_4433161,CUST_21,Milk Products,Item_11_MILK,20.0,4.0,80.0,Credit Card,In-store,2022-08-20,True,1660953600
TXN_2731024,CUST_01,Beverages,Item_12_BEV,21.5,4.0,86.0,Cash,Online,2022-11-17,False,1668643200
TXN_8536550,CUST_03,Beverages,Item_14_BEV,24.5,2.0,49.0,Digital Wallet,In-store,2023-01-11,False,1673395200
TXN_5571853,CUST_22,Milk Products,Item_16_MILK,27.5,4.0,110.0,Cash,Online,2024-04-02,True,1712016000
TXN_6867742,CUST_04,Furniture,Item_11_FUR,20.0,5.0,100.0,Cash,Online,2024-01-05,True,1704412800
TXN_1890352,CUST_25,Computers and electric accessories,Item_21_CEA,35.0,6.0,210.0,Digital Wallet,Online,2022-03-07,False,1646611200
TXN_1248451,CUST_06,Beverages,Item_24_BEV,39.5,2.0,79.0,Credit Card,Online,2024-11-26,True,1732579200
TXN_9424217,CUST_17,Furniture,Item_6_FUR,12.5,3.0,37.5,Cash,Online,2022-12-21,True,1671580800
TXN_5659844,CUST_14,Patisserie,Item_24_PAT,39.5,8.0,316.0,Credit Card,In-store,2022-10-01,True,1664582400
TXN_1431325,CUST_08,Electric household essentials,Item_23_EHE,38.0,10.0,380.0,Cash,Online,2024-04-16,True,1713225600
TXN_9445661,CUST_08,Food,Item_6_FOOD,12.5,7.0,87.5,Cash,Online,2022-01-20,False,1642636800
TXN_7474583,CUST_10,Computers and electric accessories,Item_19_CEA,32.0,6.0,192.0,Cash,In-store,2024-04-08,True,1712534400
TXN_5248200,CUST_19,Butchers,Item_19_BUT,32.0,4.0,128.0,Digital Wallet,Online,2024-07-24,True,1721779200
TXN_6393003,CUST_12,Furniture,Item_10_FUR,18.5,8.0,148.0,Credit Card,Online,2024-10-08,False,1728345600
TXN_5246659,CUST_25,Computers and electric accessories,Item_15_CEA,26.0,3.0,78.0,Digital Wallet,Online,2023-07-17,True,1689552000
TXN_6695324,CUST_01,Electric household essentials,Item_9_EHE,17.0,8.0,136.0,Credit Card,In-store,2023-04-23,True,1682208000
TXN_6368570,CUST_10,Food,Item_25_FOOD,41.0,4.0,164.0,Cash,Online,2024-11-22,False,1732233600
TXN_8031470,CUST_14,Electric household essentials,Item_23_EHE,38.0,9.0,342.0,Digital Wallet,In-store,2024-11-20,True,1732060800
TXN_2930732,CUST_04,Beverages,Item_9_BEV,17.0,8.0,136.0,Cash,In-store,2022-12-12,True,1670803200
TXN_8372883,CUST_07,Patisserie,Item_9_PAT,17.0,9.0,153.0,Digital Wallet,Online,2024-06-24,True,1719187200
TXN_4524628,CUST_11,Electric household essentials,Item_6_EHE,12.5,1.0,12.5,Credit Card,Online,2023-08-06,True,1691280000
TXN_6007030,CUST_10,Food,Item_24_FOOD,39.5,6.0,237.0,Credit Card,Online,2023-10-28,False,1698451200
TXN_2285948,CUST_19,Electric household essentials,Item_4_EHE,9.5,9.0,85.5,Cash,In-store,2022-07-02,False,1656720000
TXN_1809957,CUST_04,Milk Products,Item_24_MILK,39.5,9.0,355.5,Credit Card,Online,2022-10-12,True,1665532800
TXN_6022574,CUST_12,Electric household essentials,Item_11_EHE,20.0,5.0,100.0,Credit Card,In-store,2023-06-24,False,1687564800
TXN_7027530,CUST_17,Butchers,Item_12_BUT,21.5,10.0,215.0,Credit Card,Online,2024-07-14,True,1720915200
TXN_7060106,CUST_04,Furniture,Item_5_FUR,11.0,1.0,11.0,Digital Wallet,Online,2024-05-07,False,1715040000
TXN_7837658,CUST_12,Butchers,Item_15_BUT,26.0,2.0,52.0,Cash,Online,2022-09-16,True,1663286400
TXN_5867581,CUST_05,Beverages,Item_14_BEV,24.5,4.0,98.0,Credit Card,Online,2023-03-27,True,1679875200
TXN_7304590,CUST_19,Electric household essentials,Item_2_EHE,6.5,10.0,65.0,Cash,In-store,2022-05-14,False,1652486400
TXN_2796296,CUST_23,Furniture,Item_2_FUR,6.5,3.0,19.5,Digital Wallet,Online,2023-01-25,True,1674604800
TXN_5513008,CUST_11,Computers and electric accessories,Item_21_CEA,35.0,8.0,280.0,Credit Card,In-store,2023-09-07,False,1694044800
TXN_6553626,CUST_23,Computers and electric accessories,Item_1_CEA,5.0,3.0,15.0,Credit Card,Online,2022-05-19,True,1652918400
TXN_7911838,CUST_01,Butchers,Item_20_BUT,33.5,5.0,167.5,Digital Wallet,Online,2022-06-24,False,1656028800
TXN_8851575,CUST_02,Milk Products,Item_13_MILK,23.0,10.0,230.0,Cash,In-store,2024-04-30,False,1714435200
TXN_6138247,CUST_06,Milk Products,Item_6_MILK,12.5,3.0,37.5,Digital Wallet,Online,2024-12-07,True,1733529600
TXN_9423890,CUST_12,Furniture,Item_1_FUR,5.0,9.0,45.0,Cash,In-store,2022-04-05,False,1649116800
TXN_2112709,CUST_24,Beverages,Item_21_BEV,35.0,3.0,105.0,Cash,Online,2022-11-07,True,1667779200
TXN_1060478,CUST_06,Butchers,Item_23_BUT,38.0,3.0,114.0,Cash,In-store,2024-05-29,True,1716940800
TXN_2387294,CUST_16,Beverages,Item_15_BEV,26.0,3.0,78.0,Digital Wallet,Online,2023-05-01,True,1682899200
TXN_2725350,CUST_13,Electric household essentials,Item_18_EHE,30.5,8.0,244.0,Credit Card,Online,2022-11-28,True,1669593600
TXN_8583496,CUST_18,Butchers,Item_25_BUT,41.0,1.0,41.0,Credit Card,Online,2023-10-06,False,1696550400
TXN_5708335,CUST_21,Food,Item_3_FOOD,8.0,7.0,56.0,Credit Card,Online,2023-05-28,True,1685232000
TXN_3367358,CUST_25,Butchers,Item_21_BUT,35.0,1.0,35.0,Credit Card,Online,2024-08-25,True,1724544000
TXN_8600677,CUST_21,Computers and electric accessories,Item_19_CEA,32.0,1.0,32.0,Digital Wallet,In-store,2023-08-29,True,1693267200
TXN_6352458,CUST_01,Butchers,Item_16_BUT,27.5,1.0,27.5,Credit Card,Online,2022-07-21,True,1658361600
TXN_7424528,CUST_02,Electric household essentials,Item_5_EHE,11.0,10.0,110.0,Cash,Online,2024-08-26,True,1724630400
TXN_6390873,CUST_07,Electric household essentials,Item_5_EHE,11.0,1.0,11.0,Digital Wallet,In-store,2023-12-03,False,1701561600
TXN_7211010,CUST_11,Butchers,Item_11_BUT,20.0,6.0,120.0,Cash,Online,2023-06-13,True,1686614400
TXN_4586181,CUST_12,Food,Item_14_FOOD,24.5,10.0,245.0,Credit Card,In-store,2023-01-30,False,1675036800
TXN_6318554,CUST_17,Furniture,Item_15_FUR,26.0,6.0,156.0,Cash,Online,2024-04-23,True,1713830400
TXN_7928803,CUST_22,Patisserie,Item_11_PAT,20.0,10.0,200.0,Cash,In-store,2024-01-23,False,1705968000
TXN_6510355,CUST_13,Food,Item_11_FOOD,20.0,10.0,200.0,Credit Card,In-store,2023-06-15,True,1686787200
TXN_7108681,CUST_11,Furniture,Item_23_FUR,38.0,8.0,304.0,Cash,Online,2022-02-01,False,1643673600
TXN_2004814,CUST_16,Computers and electric accessories,Item_19_CEA,32.0,5.0,160.0,Credit Card,Online,2023-05-14,True,1684022400
TXN_3984894,CUST_02,Milk Products,Item_4_MILK,9.5,8.0,76.0,Digital Wallet,Online,2024-08-02,False,1722556800
TXN_5146966,CUST_25,Milk Products,Item_13_MILK,23.0,5.0,115.0,Cash,In-store,2022-10-19,True,1666137600
TXN_8631389,CUST_13,Computers and electric accessories,Item_17_CEA,29.0,6.0,174.0,Cash,Online,2024-12-09,False,1733702400
TXN_5069695,CUST_01,Milk Products,Item_3_MILK,8.0,1.0,8.0,Cash,In-store,2024-11-21,False,1732147200
TXN_1085751,CUST_06,Computers and electric accessories,Item_6_CEA,12.5,10.0,125.0,Digital Wallet,In-store,2024-08-27,False,1724716800
TXN_6572288,CUST_09,Butchers,Item_3_BUT,8.0,8.0,64.0,Credit Card,In-store,2023-03-01,True,1677628800
TXN_8826135,CUST_01,Milk Products,Item_12_MILK,21.5,5.0,107.5,Credit Card,Online,2024-05-25,False,1716595200
TXN_4586723,CUST_01,Computers and electric accessories,Item_12_CEA,21.5,5.0,107.5,Digital Wallet,In-store,2024-06-02,False,1717286400
TXN_5391293,CUST_07,Furniture,Item_11_FUR,20.0,8.0,160.0,Digital Wallet,Online,2024-12-29,False,1735430400
TXN_7667326,CUST_22,Milk Products,Item_17_MILK,29.0,2.0,58.0,Credit Card,In-store,2022-07-22,False,1658448000
TXN_1041912,CUST_18,Beverages,Item_12_BEV,21.5,4.0,86.0,Cash,In-store,2023-11-12,True,1699747200
TXN_8369234,CUST_24,Computers and electric accessories,Item_7_CEA,14.0,2.0,28.0,Cash,In-store,2022-11-22,True,1669075200
TXN_5358328,CUST_20,Furniture,Item_7_FUR,14.0,6.0,84.0,Cash,Online,2023-04-29,False,1682726400
TXN_4538212,CUST_11,Milk Products,Item_6_MILK,12.5,3.0,37.5,Credit Card,Online,2024-07-23,True,1721692800
TXN_7313687,CUST_23,Beverages,Item_14_BEV,24.5,7.0,171.5,Digital Wallet,Online,2022-05-30,False,1653868800
TXN_9753172,CUST_01,Computers and electric accessories,Item_9_CEA,17.0,9.0,153.0,Digital Wallet,In-store,2022-01-12,True,1641945600
TXN_8303338,CUST_04,Furniture,Item_2_FUR,6.5,7.0,45.5,Digital Wallet,Online,2022-02-27,True,1645920000
TXN_6334198,CUST_04,Milk Products,Item_23_MILK,38.0,6.0,228.0,Credit Card,In-store,2023-03-02,False,1677715200
TXN_1199408,CUST_05,Butchers,Item_5_BUT,11.0,6.0,66.0,Digital Wallet,Online,2024-03-24,True,1711238400
TXN_4694065,CUST_16,Furniture,Item_3_FUR,8.0,5.0,40.0,Digital Wallet,Online,2023-04-19,False,1681862400
TXN_1904948,CUST_18,Beverages,Item_11_BEV,20.0,4.0,80.0,Credit Card,In-store,2024-01-13,True,1705104000
TXN_4229762,CUST_20,Milk Products,Item_1_MILK,5.0,3.0,15.0,Cash,In-store,2023-05-20,False,1684540800
TXN_9087734,CUST_23,Beverages,Item_2_BEV,6.5,7.0,45.5,Cash,Online,2023-03-20,False,1679270400
TXN_8724047,CUST_05,Computers and electric accessories,Item_5_CEA,11.0,6.0,66.0,Credit Card,Online,2024-09-16,False,1726444800
TXN_5020329,CUST_05,Electric household essentials,Item_8_EHE,15.5,6.0,93.0,Digital Wallet,Online,2022-03-13,False,1647129600
TXN_3376746,CUST_07,Butchers,Item_4_BUT,9.5,6.0,57.0,Credit Card,In-store,2023-09-10,False,1694304000
TXN_7730094,CUST_24,Beverages,Item_19_BEV,32.0,6.0,192.0,Cash,Online,2022-12-15,True,1671062400
TXN_5537108,CUST_09,Furniture,Item_11_FUR,20.0,4.0,80.0,Credit Card,Online,2022-01-16,False,1642291200
TXN_7355536,CUST_22,Patisserie,Item_7_PAT,14.0,6.0,84.0,Digital Wallet,Online,2023-01-04,True,1672790400
TXN_1809602,CUST_21,Butchers,Item_13_BUT,23.0,2.0,46.0,Credit Card,In-store,2023-09-06,True,1693958400
TXN_1655146,CUST_09,Beverages,Item_16_BEV,27.5,10.0,275.0,Digital Wallet,In-store,2024-07-06,False,1720224000
TXN_1670050,CUST_05,Food,Item_22_FOOD,36.5,6.0,219.0,Cash,Online,2022-10-30,False,1667088000
TXN_3556254,CUST_04,Patisserie,Item_22_PAT,36.5,1.0,36.5,Credit Card,Online,2022-09-23,True,1663891200
TXN_5251547,CUST_20,Food,Item_18_FOOD,30.5,9.0,274.5,Cash,In-store,2022-06-19,False,1655596800
TXN_3005788,CUST_10,Computers and electric accessories,Item_23_CEA,38.0,10.0,380.0,Cash,In-store,2024-05-01,False,1714521600
TXN_5678133,CUST_04,Milk Products,Item_8_MILK,15.5,9.0,139.5,Cash,Online,2022-07-27,False,1658880000
TXN_7065534,CUST_21,Beverages,Item_25_BEV,41.0,9.0,369.0,Credit Card,Online,2024-09-01,True,1725148800
TXN_8175126,CUST_09,Food,Item_9_FOOD,17.0,7.0,119.0,Credit Card,In-store,2024-06-13,True,1718236800
TXN_9250095,CUST_10,Patisserie,Item_11_PAT,20.0,6.0,120.0,Credit Card,Online,2022-01-27,True,1643241600
TXN_4292471,CUST_20,Beverages,Item_7_BEV,14.0,3.0,42.0,Cash,In-store,2023-12-18,False,1702857600
TXN_7135060,CUST_14,Butchers,Item_16_BUT,27.5,7.0,192.5,Digital Wallet,In-store,2024-07-27,True,1722038400
TXN_5543825,CUST_18,Patisserie,Item_20_PAT,33.5,1.0,33.5,Cash,In-store,2024-05-17,False,1715904000
TXN_5189628,CUST_04,Milk Products,Item_1_MILK,5.0,9.0,45.0,Credit Card,In-store,2024-04-10,True,1712707200
TXN_7068871,CUST_11,Food,Item_9_FOOD,17.0,9.0,153.0,Cash,In-store,2023-02-18,False,1676678400
TXN_8640842,CUST_07,Furniture,Item_11_FUR,20.0,3.0,60.0,Cash,Online,2024-09-22,False,1726963200
TXN_3520780,CUST_03,Furniture,Item_10_FUR,18.5,3.0,55.5,Digital Wallet,In-store,2022-04-30,True,1651276800
TXN_8254168,CUST_18,Electric household essentials,Item_25_EHE,41.0,6.0,246.0,Cash,In-store,2024-02-18,False,1708214400
TXN_1028281,CUST_20,Beverages,Item_20_BEV,33.5,10.0,335.0,Cash,In-store,2022-02-27,True,1645920000
TXN_5929470,CUST_07,Beverages,Item_18_BEV,30.5,8.0,244.0,Cash,Online,2024-07-21,True,1721520000
TXN_4651759,CUST_06,Food,Item_17_FOOD,29.0,8.0,232.0,Credit Card,In-store,2024-12-19,False,1734566400
TXN_1814218,CUST_21,Beverages,Item_16_BEV,27.5,6.0,165.0,Credit Card,Online,2023-05-23,False,1684800000
TXN_4520102,CUST_12,Milk Products,Item_16_MILK,27.5,8.0,220.0,Digital Wallet,In-store,2024-11-17,False,1731801600
TXN_6008086,CUST_10,Patisserie,Item_11_PAT,20.0,1.0,20.0,Cash,In-store,2023-10-02,True,1696204800
TXN_1639005,CUST_07,Butchers,Item_22_BUT,36.5,10.0,365.0,Digital Wallet,Online,2022-04-19,True,1650326400
TXN_3206472,CUST_23,Milk Products,Item_17_MILK,29.0,7.0,203.0,Digital Wallet,In-store,2022-08-26,False,1661472000
TXN_4868756,CUST_17,Beverages,Item_16_BEV,27.5,5.0,137.5,Digital Wallet,In-store,2022-03-24,False,1648080000
TXN_8344839,CUST_02,Butchers,Item_13_BUT,23.0,7.0,161.0,Digital Wallet,Online,2023-09-26,False,1695686400
TXN_4192202,CUST_07,Milk Products,Item_24_MILK,39.5,2.0,79.0,Credit Card,In-store,2022-06-08,True,1654646400
TXN_4134539,CUST_18,Electric household essentials,Item_4_EHE,9.5,8.0,76.0,Credit Card,Online,2022-10-24,False,1666569600
TXN_8334303,CUST_07,Butchers,Item_13_BUT,23.0,4.0,92.0,Cash,Online,2024-10-13,True,1728777600
TXN_1284960,CUST_01,Furniture,Item_1_FUR,5.0,1.0,5.0,Cash,Online,2024-08-17,True,1723852800
TXN_1175373,CUST_13,Milk Products,Item_24_MILK,39.5,3.0,118.5,Credit Card,In-store,2024-04-09,True,1712620800
TXN_9863257,CUST_15,Milk Products,Item_16_MILK,27.5,4.0,110.0,Credit Card,In-store,2024-05-04,False,1714780800
TXN_8182802,CUST_03,Patisserie,Item_4_PAT,9.5,9.0,85.5,Credit Card,Online,2023-03-19,True,1679184000
TXN_1629752,CUST_17,Butchers,Item_15_BUT,26.0,10.0,260.0,Cash,Online,2024-01-01,True,1704067200
TXN_9657809,CUST_17,Beverages,Item_23_BEV,38.0,6.0,228.0,Digital Wallet,In-store,2022-04-25,True,1650844800
TXN_2784398,CUST_24,Butchers,Item_10_BUT,18.5,3.0,55.5,Digital Wallet,In-store,2023-03-09,False,1678320000
TXN_8754458,CUST_18,Food,Item_5_FOOD,11.0,8.0,88.0,Credit Card,In-store,2024-01-03,False,1704240000
TXN_6040270,CUST_02,Patisserie,Item_4_PAT,9.5,7.0,66.5,Credit Card,Online,2023-06-12,True,1686528000
TXN_1463899,CUST_01,Electric household essentials,Item_19_EHE,32.0,5.0,160.0,Cash,Online,2022-11-04,False,1667520000
TXN_5897477,CUST_05,Furniture,Item_24_FUR,39.5,9.0,355.5,Cash,In-store,2022-04-16,False,1650067200
TXN_1758528,CUST_21,Food,Item_25_FOOD,41.0,4.0,164.0,Digital Wallet,Online,2023-11-28,True,1701129600
TXN_8155874,CUST_08,Electric household essentials,Item_11_EHE,20.0,5.0,100.0,Digital Wallet,In-store,2024-04-03,False,1712102400
TXN_2871119,CUST_03,Electric household essentials,Item_12_EHE,21.5,5.0,107.5,Digital Wallet,Online,2023-09-19,True,1695081600
TXN_7774282,CUST_22,Milk Products,Item_11_MILK,20.0,7.0,140.0,Credit Card,In-store,2023-04-26,True,1682467200
TXN_4335485,CUST_25,Butchers,Item_13_BUT,23.0,5.0,115.0,Digital Wallet,In-store,2022-12-29,True,1672272000
TXN_2459842,CUST_12,Patisserie,Item_18_PAT,30.5,1.0,30.5,Digital Wallet,In-store,2024-07-29,True,1722211200
TXN_4985546,CUST_04,Furniture,Item_18_FUR,30.5,8.0,244.0,Credit Card,Online,2023-09-03,True,1693699200
TXN_6241154,CUST_10,Food,Item_14_FOOD,24.5,5.0,122.5,Cash,Online,2023-06-21,True,1687305600
TXN_5695976,CUST_09,Butchers,Item_3_BUT,8.0,10.0,80.0,Cash,In-store,2022-09-19,False,1663545600
TXN_2635591,CUST_24,Butchers,Item_13_BUT,23.0,8.0,184.0,Credit Card,Online,2022-10-11,True,1665446400
TXN_5781403,CUST_10,Beverages,Item_25_BEV,41.0,8.0,328.0,Credit Card,In-store,2024-12-10,True,1733788800
TXN_8702111,CUST_02,Computers and electric accessories,Item_13_CEA,23.0,7.0,161.0,Cash,Online,2024-02-03,False,1706918400
TXN_9947407,CUST_01,Computers and electric accessories,Item_12_CEA,21.5,3.0,64.5,Digital Wallet,Online,2024-09-24,False,1727136000
TXN_6808962,CUST_09,Electric household essentials,Item_20_EHE,33.5,9.0,301.5,Digital Wallet,In-store,2023-03-31,True,1680220800
TXN_4258190,CUST_14,Patisserie,Item_14_PAT,24.5,4.0,98.0,Credit Card,Online,2024-12-24,False,1734998400
TXN_2365702,CUST_14,Computers and electric accessories,Item_17_CEA,29.0,9.0,261.0,Cash,In-store,2022-02-28,True,1646006400
TXN_4157444,CUST_13,Electric household essentials,Item_18_EHE,30.5,2.0,61.0,Cash,In-store,2024-05-05,False,1714867200
TXN_8015744,CUST_23,Furniture,Item_10_FUR,18.5,7.0,129.5,Credit Card,In-store,2024-03-07,True,1709769600
TXN_5714071,CUST_23,Furniture,Item_6_FUR,12.5,6.0,75.0,Cash,Online,2023-02-12,True,1676160000
TXN_7630017,CUST_20,Beverages,Item_11_BEV,20.0,8.0,160.0,Cash,Online,2022-09-03,False,1662163200
TXN_5396093,CUST_18,Electric household essentials,Item_6_EHE,12.5,8.0,100.0,Cash,Online,2025-01-03,False,1735862400
TXN_7683478,CUST_06,Furniture,Item_8_FUR,15.5,5.0,77.5,Cash,In-store,2023-02-18,False,1676678400
TXN_8500248,CUST_12,Beverages,Item_17_BEV,29.0,5.0,145.0,Credit Card,Online,2022-08-10,False,1660089600
TXN_7015281,CUST_14,Patisserie,Item_15_PAT,26.0,6.0,156.0,Cash,Online,2022-04-15,True,1649980800
TXN_9026226,CUST_23,Electric household essentials,Item_11_EHE,20.0,9.0,180.0,Digital Wallet,In-store,2022-08-13,True,1660348800
TXN_8240954,CUST_24,Butchers,Item_18_BUT,30.5,3.0,91.5,Cash,Online,2022-04-05,False,1649116800
TXN_9410980,CUST_02,Milk Products,Item_6_MILK,12.5,9.0,112.5,Cash,Online,2022-06-30,False,1656547200
TXN_5080396,CUST_04,Butchers,Item_25_BUT,41.0,4.0,164.0,Digital Wallet,Online,2024-06-14,True,1718323200
TXN_1656528,CUST_12,Computers and electric accessories,Item_19_CEA,32.0,3.0,96.0,Cash,Online,2024-07-08,True,1720396800
TXN_9531173,CUST_21,Beverages,Item_22_BEV,36.5,8.0,292.0,Cash,In-store,2022-03-27,True,1648339200
TXN_1010570,CUST_08,Butchers,Item_15_BUT,26.0,7.0,182.0,Credit Card,Online,2023-04-24,True,1682294400
TXN_4070771,CUST_05,Patisserie,Item_9_PAT,17.0,3.0,51.0,Credit Card,Online,2022-05-03,False,1651536000
TXN_6358543,CUST_02,Computers and electric accessories,Item_18_CEA,30.5,5.0,152.5,Cash,In-store,2024-01-22,True,1705881600
TXN_8944875,CUST_15,Patisserie,Item_22_PAT,36.5,7.0,255.5,Digital Wallet,In-store,2023-06-12,True,1686528000
TXN_6300521,CUST_21,Beverages,Item_18_BEV,30.5,9.0,274.5,Credit Card,In-store,2022-11-21,True,1668988800
TXN_5362878,CUST_10,Computers and electric accessories,Item_13_CEA,23.0,3.0,69.0,Digital Wallet,In-store,2024-12-25,True,1735084800
TXN_2961597,CUST_23,Beverages,Item_23_BEV,38.0,10.0,380.0,Credit Card,Online,2024-04-02,True,1712016000
TXN_5957357,CUST_18,Electric household essentials,Item_25_EHE,41.0,3.0,123.0,Cash,Online,2023-08-10,True,1691625600
TXN_8386061,CUST_06,Food,Item_12_FOOD,21.5,9.0,193.5,Credit Card,Online,2023-12-16,True,1702684800
TXN_1928442,CUST_20,Patisserie,Item_13_PAT,23.0,8.0,184.0,Cash,In-store,2024-01-24,True,1706054400
TXN_7765835,CUST_07,Electric household essentials,Item_10_EHE,18.5,2.0,37.0,Cash,Online,2024-12-10,True,1733788800
TXN_7569671,CUST_23,Beverages,Item_16_BEV,27.5,10.0,275.0,Digital Wallet,Online,2022-11-17,False,1668643200
TXN_6186500,CUST_21,Food,Item_22_FOOD,36.5,9.0,328.5,Cash,Online,2023-07-04,False,1688428800
TXN_8796188,CUST_20,Electric household essentials,Item_5_EHE,11.0,7.0,77.0,Credit Card,In-store,2023-06-23,False,1687478400
TXN_2664061,CUST_17,Electric household essentials,Item_20_EHE,33.5,2.0,67.0,Credit Card,In-store,2023-04-06,False,1680739200
TXN_6755599,CUST_03,Milk Products,Item_17_MILK,29.0,1.0,29.0,Credit Card,Online,2022-04-10,False,1649548800
TXN_3413079,CUST_23,Beverages,Item_19_BEV,32.0,2.0,64.0,Cash,Online,2023-05-02,True,1682985600
TXN_1924304,CUST_09,Beverages,Item_10_BEV,18.5,6.0,111.0,Cash,In-store,2023-09-19,True,1695081600
TXN_8941913,CUST_24,Butchers,Item_20_BUT,33.5,8.0,268.0,Cash,Online,2022-11-20,False,1668902400
TXN_2547495,CUST_20,Computers and electric accessories,Item_13_CEA,23.0,6.0,138.0,Cash,In-store,2022-05-21,False,1653091200
TXN_5169916,CUST_19,Beverages,Item_16_BEV,27.5,10.0,275.0,Credit Card,In-store,2023-10-14,False,1697241600
TXN_7137586,CUST_05,Beverages,Item_2_BEV,6.5,1.0,6.5,Credit Card,Online,2024-08-31,False,1725062400
TXN_9458655,CUST_20,Food,Item_9_FOOD,17.0,3.0,51.0,Cash,In-store,2024-06-30,False,1719705600
TXN_7572090,CUST_09,Furniture,Item_2_FUR,6.5,5.0,32.5,Credit Card,Online,2023-01-18,False,1674000000
TXN_8061783,CUST_18,Butchers,Item_11_BUT,20.0,1.0,20.0,Credit Card,In-store,2022-07-18,True,1658102400
TXN_6409562,CUST_08,Beverages,Item_14_BEV,24.5,7.0,171.5,Cash,In-store,2024-12-16,True,1734307200
TXN_7580375,CUST_10,Furniture,Item_7_FUR,14.0,8.0,112.0,Digital Wallet,In-store,2023-10-17,False,1697500800
TXN_7295453,CUST_05,Milk Products,Item_19_MILK,32.0,8.0,256.0,Credit Card,Online,2022-01-09,True,1641686400
TXN_8831976,CUST_19,Furniture,Item_9_FUR,17.0,5.0,85.0,Cash,In-store,2022-07-15,False,1657843200
TXN_1752239,CUST_06,Furniture,Item_21_FUR,35.0,10.0,350.0,Cash,In-store,2023-12-05,True,1701734400
TXN_5976886,CUST_10,Furniture,Item_23_FUR,38.0,4.0,152.0,Credit Card,In-store,2022-07-11,False,1657497600
TXN_9754668,CUST_10,Food,Item_5_FOOD,11.0,2.0,22.0,Digital Wallet,Online,2023-02-24,False,1677196800
TXN_8047953,CUST_02,Electric household essentials,Item_9_EHE,17.0,8.0,136.0,Cash,Online,2022-11-07,False,1667779200
TXN_1851007,CUST_10,Computers and electric accessories,Item_18_CEA,30.5,8.0,244.0,Cash,Online,2022-11-20,True,1668902400
TXN_2432418,CUST_03,Computers and electric accessories,Item_20_CEA,33.5,9.0,301.5,Cash,In-store,2023-02-05,True,1675555200
TXN_7570716,CUST_22,Food,Item_6_FOOD,12.5,10.0,125.0,Cash,In-store,2022-04-15,True,1649980800
TXN_6837182,CUST_18,Computers and electric accessories,Item_3_CEA,8.0,3.0,24.0,Credit Card,Online,2022-06-26,False,1656201600
TXN_4321114,CUST_01,Milk Products,Item_16_MILK,27.5,8.0,220.0,Credit Card,In-store,2023-11-16,False,1700092800
TXN_1491959,CUST_09,Milk Products,Item_2_MILK,6.5,9.0,58.5,Credit Card,In-store,2024-08-09,True,1723161600
TXN_7580724,CUST_20,Patisserie,Item_19_PAT,32.0,8.0,256.0,Cash,Online,2024-09-02,True,1725235200
TXN_4366763,CUST_09,Furniture,Item_11_FUR,20.0,3.0,60.0,Credit Card,Online,2022-07-19,False,1658188800
TXN_8852168,CUST_16,Food,Item_17_FOOD,29.0,6.0,174.0,Credit Card,Online,2024-07-12,True,1720742400
TXN_1255024,CUST_09,Food,Item_3_FOOD,8.0,5.0,40.0,Cash,In-store,2024-05-27,True,1716768000
TXN_5016366,CUST_19,Butchers,Item_12_BUT,21.5,5.0,107.5,Credit Card,In-store,2022-08-04,False,1659571200
TXN_3875311,CUST_13,Food,Item_11_FOOD,20.0,2.0,40.0,Digital Wallet,In-store,2023-07-24,False,1690156800
TXN_3334456,CUST_02,Electric household essentials,Item_18_EHE,30.5,4.0,122.0,Cash,In-store,2024-10-31,False,1730332800
TXN_5841902,CUST_05,Milk Products,Item_6_MILK,12.5,1.0,12.5,Credit Card,Online,2023-07-10,True,1688947200
TXN_2971834,CUST_11,Butchers,Item_25_BUT,41.0,10.0,410.0,Credit Card,Online,2022-08-29,True,1661731200
TXN_6314933,CUST_13,Electric household essentials,Item_25_EHE,41.0,8.0,328.0,Credit Card,Online,2022-05-25,True,1653436800
TXN_3633144,CUST_24,Milk Products,Item_5_MILK,11.0,8.0,88.0,Cash,Online,2024-03-01,False,1709251200
TXN_9216601,CUST_05,Patisserie,Item_1_PAT,5.0,1.0,5.0,Cash,In-store,2024-08-02,False,1722556800
TXN_7695164,CUST_04,Computers and electric accessories,Item_19_CEA,32.0,9.0,288.0,Credit Card,Online,2024-09-03,True,1725321600
TXN_2256792,CUST_08,Furniture,Item_8_FUR,15.5,8.0,124.0,Digital Wallet,Online,2022-04-14,False,1649894400
TXN_5796230,CUST_03,Milk Products,Item_3_MILK,8.0,5.0,40.0,Digital Wallet,In-store,2022-05-30,False,1653868800
TXN_4205977,CUST_04,Food,Item_24_FOOD,39.5,5.0,197.5,Digital Wallet,In-store,2024-01-17,False,1705449600
TXN_6663151,CUST_20,Patisserie,Item_3_PAT,8.0,5.0,40.0,Digital Wallet,Online,2024-02-26,False,1708905600
TXN_2175264,CUST_19,Butchers,Item_15_BUT,26.0,3.0,78.0,Digital Wallet,In-store,2022-07-19,False,1658188800
TXN_6636272,CUST_14,Beverages,Item_7_BEV,14.0,5.0,70.0,Cash,In-store,2022-10-03,False,1664755200
TXN_2654084,CUST_23,Computers and electric accessories,Item_7_CEA,14.0,10.0,140.0,Digital Wallet,Online,2023-03-04,False,1677888000
TXN_1559058,CUST_24,Computers and electric accessories,Item_22_CEA,36.5,4.0,146.0,Credit Card,Online,2022-07-04,True,1656892800
TXN_5380026,CUST_08,Furniture,Item_2_FUR,6.5,10.0,65.0,Credit Card,Online,2022-07-08,False,1657238400
TXN_2487307,CUST_19,Electric household essentials,Item_20_EHE,33.5,7.0,234.5,Credit Card,Online,2022-04-18,False,1650240000
TXN_6988754,CUST_09,Furniture,Item_17_FUR,29.0,5.0,145.0,Credit Card,In-store,2024-03-15,False,1710460800
TXN_2826730,CUST_07,Food,Item_5_FOOD,11.0,4.0,44.0,Digital Wallet,Online,2022-09-09,True,1662681600
TXN_3873648,CUST_12,Butchers,Item_22_BUT,36.5,4.0,146.0,Credit Card,Online,2022-12-09,True,1670544000
TXN_6499936,CUST_12,Food,Item_18_FOOD,30.5,7.0,213.5,Credit Card,In-store,2023-02-16,False,1676505600
TXN_6842211,CUST_22,Food,Item_12_FOOD,21.5,9.0,193.5,Digital Wallet,Online,2024-08-16,False,1723766400
TXN_8959752,CUST_11,Patisserie,Item_20_PAT,33.5,7.0,234.5,Digital Wallet,In-store,2023-09-04,True,1693785600
TXN_2231855,CUST_07,Milk Products,Item_12_MILK,21.5,5.0,107.5,Cash,In-store,2024-04-01,False,1711929600
TXN_3366759,CUST_06,Beverages,Item_14_BEV,24.5,4.0,98.0,Digital Wallet,In-store,2022-05-31,True,1653955200
TXN_4237098,CUST_07,Electric household essentials,Item_6_EHE,12.5,2.0,25.0,Digital Wallet,Online,2023-09-16,True,1694822400
TXN_2270219,CUST_19,Milk Products,Item_8_MILK,15.5,4.0,62.0,Cash,In-store,2023-01-25,True,1674604800
TXN_2715374,CUST_12,Computers and electric accessories,Item_14_CEA,24.5,7.0,171.5,Credit Card,In-store,2023-03-15,True,1678838400
TXN_1310254,CUST_20,Milk Products,Item_17_MILK,29.0,8.0,232.0,Digital Wallet,Online,2022-03-16,True,1647388800
TXN_3577627,CUST_25,Beverages,Item_22_BEV,36.5,1.0,36.5,Digital Wallet,In-store,2024-06-24,True,1719187200
TXN_7659597,CUST_11,Patisserie,Item_8_PAT,15.5,3.0,46.5,Credit Card,Online,2024-08-17,True,1723852800
TXN_8528791,CUST_22,Butchers,Item_15_BUT,26.0,7.0,182.0,Cash,In-store,2022-10-28,False,1666915200
TXN_1422416,CUST_03,Furniture,Item_4_FUR,9.5,2.0,19.0,Credit Card,Online,2022-01-21,False,1642723200
TXN_1156192,CUST_07,Food,Item_11_FOOD,20.0,4.0,80.0,Credit Card,In-store,2024-02-17,True,1708128000
TXN_7177847,CUST_07,Patisserie,Item_1_PAT,5.0,4.0,20.0,Cash,In-store,2024-03-13,True,1710288000
TXN_1259242,CUST_24,Food,Item_17_FOOD,29.0,6.0,174.0,Digital Wallet,In-store,2023-08-11,False,1691712000
TXN_9860106,CUST_17,Butchers,Item_5_BUT,11.0,4.0,44.0,Digital Wallet,Online,2024-08-14,True,1723593600
TXN_9060698,CUST_02,Computers and electric accessories,Item_14_CEA,24.5,7.0,171.5,Digital Wallet,Online,2023-03-24,True,1679616000
TXN_4559367,CUST_06,Food,Item_5_FOOD,11.0,1.0,11.0,Digital Wallet,In-store,2022-04-15,True,1649980800
TXN_8233787,CUST_13,Food,Item_20_FOOD,33.5,10.0,335.0,Credit Card,In-store,2024-12-04,True,1733270400
TXN_2402093,CUST_24,Computers and electric accessories,Item_14_CEA,24.5,3.0,73.5,Cash,Online,2024-12-01,True,1733011200
TXN_9170078,CUST_01,Butchers,Item_17_BUT,29.0,6.0,174.0,Digital Wallet,In-store,2022-11-30,False,1669766400
TXN_2436348,CUST_23,Computers and electric accessories,Item_21_CEA,35.0,3.0,105.0,Digital Wallet,In-store,2024-11-27,True,1732665600
TXN_9864135,CUST_25,Electric household essentials,Item_11_EHE,20.0,1.0,20.0,Digital Wallet,Online,2023-08-17,False,1692230400
TXN_8881867,CUST_23,Computers and electric accessories,Item_2_CEA,6.5,7.0,45.5,Cash,In-store,2024-01-08,False,1704672000
TXN_8731910,CUST_01,Beverages,Item_20_BEV,33.5,6.0,201.0,Credit Card,In-store,2022-07-30,True,1659139200
TXN_6553826,CUST_14,Food,Item_13_FOOD,23.0,9.0,207.0,Credit Card,In-store,2023-01-21,True,1674259200
TXN_3602634,CUST_21,Food,Item_21_FOOD,35.0,6.0,210.0,Credit Card,In-store,2023-06-14,True,1686700800
TXN_6583535,CUST_24,Computers and electric accessories,Item_23_CEA,38.0,1.0,38.0,Credit Card,In-store,2023-12-07,True,1701907200
TXN_1326495,CUST_16,Furniture,Item_21_FUR,35.0,2.0,70.0,Cash,In-store,2024-06-26,True,1719360000
TXN_8477874,CUST_11,Electric household essentials,Item_10_EHE,18.5,10.0,185.0,Digital Wallet,Online,2022-04-22,False,1650585600
TXN_2722008,CUST_19,Food,Item_5_FOOD,11.0,2.0,22.0,Credit Card,Online,2023-11-05,False,1699142400
TXN_8736071,CUST_02,Butchers,Item_17_BUT,29.0,5.0,145.0,Credit Card,In-store,2023-02-14,True,1676332800
TXN_9480196,CUST_06,Butchers,Item_12_BUT,21.5,9.0,193.5,Cash,In-store,2022-01-05,False,1641340800
TXN_8773755,CUST_21,Furniture,Item_10_FUR,18.5,7.0,129.5,Digital Wallet,In-store,2024-08-09,False,1723161600
TXN_7827422,CUST_03,Patisserie,Item_13_PAT,23.0,3.0,69.0,Digital Wallet,In-store,2023-10-26,True,1698278400
TXN_7852595,CUST_21,Milk Products,Item_3_MILK,8.0,1.0,8.0,Cash,Online,2022-08-04,False,1659571200
TXN_2374522,CUST_16,Electric household essentials,Item_20_EHE,33.5,4.0,134.0,Digital Wallet,Online,2022-07-01,True,1656633600
TXN_7900359,CUST_12,Milk Products,Item_13_MILK,23.0,8.0,184.0,Cash,In-store,2024-10-07,True,1728259200
TXN_9777000,CUST_07,Beverages,Item_23_BEV,38.0,1.0,38.0,Cash,Online,2022-07-02,False,1656720000
TXN_8994229,CUST_07,Milk Products,Item_18_MILK,30.5,4.0,122.0,Credit Card,Online,2024-06-01,False,1717200000
TXN_9536237,CUST_20,Furniture,Item_11_FUR,20.0,9.0,180.0,Credit Card,Online,2023-09-12,True,1694476800
TXN_6172140,CUST_19,Furniture,Item_22_FUR,36.5,4.0,146.0,Cash,Online,2024-05-30,True,1717027200
TXN_6615544,CUST_07,Furniture,Item_5_FUR,11.0,1.0,11.0,Digital Wallet,Online,2024-09-01,False,1725148800
TXN_7840048,CUST_16,Beverages,Item_18_BEV,30.5,9.0,274.5,Cash,Online,2024-08-08,False,1723075200
TXN_1757347,CUST_06,Butchers,Item_25_BUT,41.0,3.0,123.0,Cash,Online,2022-02-21,False,1645401600
TXN_8072250,CUST_15,Patisserie,Item_4_PAT,9.5,6.0,57.0,Digital Wallet,Online,2024-08-31,True,1725062400
TXN_3717310,CUST_15,Milk Products,Item_19_MILK,32.0,4.0,128.0,Digital Wallet,In-store,2023-05-19,False,1684454400
TXN_9544902,CUST_25,Beverages,Item_24_BEV,39.5,9.0,355.5,Digital Wallet,In-store,2024-02-01,True,1706745600
TXN_2303813,CUST_16,Milk Products,Item_11_MILK,20.0,9.0,180.0,Cash,In-store,2022-12-08,False,1670457600
TXN_7760130,CUST_12,Patisserie,Item_11_PAT,20.0,4.0,80.0,Credit Card,Online,2024-01-25,True,1706140800
TXN_2899586,CUST_08,Patisserie,Item_10_PAT,18.5,3.0,55.5,Credit Card,In-store,2023-04-26,True,1682467200
TXN_8838987,CUST_25,Butchers,Item_16_BUT,27.5,3.0,82.5,Cash,In-store,2024-09-28,True,1727481600
TXN_4289411,CUST_10,Butchers,Item_25_BUT,41.0,7.0,287.0,Credit Card,In-store,2024-11-13,True,1731456000
TXN_5594869,CUST_17,Furniture,Item_11_FUR,20.0,4.0,80.0,Cash,Online,2023-04-07,True,1680825600
TXN_8020971,CUST_02,Beverages,Item_16_BEV,27.5,1.0,27.5,Cash,In-store,2022-05-05,False,1651708800
TXN_6257706,CUST_19,Beverages,Item_24_BEV,39.5,2.0,79.0,Cash,Online,2022-01-17,True,1642377600
TXN_5815128,CUST_01,Food,Item_6_FOOD,12.5,3.0,37.5,Digital Wallet,In-store,2024-11-01,False,1730419200
TXN_1900392,CUST_17,Electric household essentials,Item_3_EHE,8.0,1.0,8.0,Credit Card,In-store,2023-02-07,True,1675728000
TXN_3926641,CUST_08,Patisserie,Item_1_PAT,5.0,5.0,25.0,Credit Card,In-store,2024-06-07,True,1717718400
TXN_7851596,CUST_12,Electric household essentials,Item_20_EHE,33.5,2.0,67.0,Credit Card,In-store,2022-01-05,False,1641340800
TXN_6281965,CUST_19,Beverages,Item_24_BEV,39.5,1.0,39.5,Digital Wallet,In-store,2022-03-11,False,1646956800
TXN_8506676,CUST_18,Food,Item_10_FOOD,18.5,3.0,55.5,Credit Card,Online,2024-09-19,True,1726704000
TXN_1222397,CUST_01,Electric household essentials,Item_5_EHE,11.0,10.0,110.0,Cash,Online,2023-03-23,True,1679529600
TXN_1821104,CUST_22,Food,Item_3_FOOD,8.0,1.0,8.0,Credit Card,In-store,2024-06-08,True,1717804800
TXN_1189728,CUST_10,Food,Item_18_FOOD,30.5,4.0,122.0,Cash,Online,2023-11-25,True,1700870400
TXN_8852595,CUST_20,Butchers,Item_11_BUT,20.0,4.0,80.0,Digital Wallet,In-store,2022-04-19,False,1650326400
TXN_8411721,CUST_08,Food,Item_15_FOOD,26.0,7.0,182.0,Cash,Online,2024-09-15,False,1726358400
TXN_5595934,CUST_08,Milk Products,Item_1_MILK,5.0,6.0,30.0,Digital Wallet,Online,2023-02-20,True,1676851200
TXN_8321017,CUST_02,Electric household essentials,Item_23_EHE,38.0,2.0,76.0,Cash,In-store,2023-01-28,True,1674864000
TXN_9923886,CUST_08,Furniture,Item_11_FUR,20.0,7.0,140.0,Cash,Online,2024-08-08,False,1723075200
TXN_8919975,CUST_05,Milk Products,Item_3_MILK,8.0,6.0,48.0,Credit Card,Online,2023-01-04,True,1672790400
TXN_2085328,CUST_18,Patisserie,Item_16_PAT,27.5,2.0,55.0,Digital Wallet,In-store,2023-08-22,True,1692662400
TXN_1899145,CUST_11,Butchers,Item_15_BUT,26.0,8.0,208.0,Cash,Online,2022-01-11,True,1641859200
TXN_2761217,CUST_14,Beverages,Item_6_BEV,12.5,5.0,62.5,Cash,In-store,2023-01-30,True,1675036800
TXN_2854455,CUST_17,Food,Item_6_FOOD,12.5,1.0,12.5,Credit Card,Online,2024-08-02,True,1722556800
TXN_3687567,CUST_20,Electric household essentials,Item_2_EHE,6.5,3.0,19.5,Digital Wallet,In-store,2022-04-02,True,1648857600
TXN_6125814,CUST_14,Milk Products,Item_11_MILK,20.0,4.0,80.0,Cash,In-store,2023-05-28,True,1685232000
TXN_4093697,CUST_12,Beverages,Item_18_BEV,30.5,7.0,213.5,Credit Card,Online,2022-02-06,True,1644105600
TXN_4620050,CUST_17,Food,Item_8_FOOD,15.5,5.0,77.5,Credit Card,Online,2024-07-30,False,1722297600
TXN_6157163,CUST_08,Electric household essentials,Item_15_EHE,26.0,2.0,52.0,Credit Card,Online,2023-01-09,True,1673222400
TXN_9850035,CUST_21,Electric household essentials,Item_9_EHE,17.0,9.0,153.0,Cash,Online,2024-10-25,False,1729814400
TXN_4620016,CUST_05,Furniture,Item_12_FUR,21.5,7.0,150.5,Credit Card,In-store,2023-08-02,False,1690934400
TXN_8303713,CUST_14,Patisserie,Item_20_PAT,33.5,6.0,201.0,Cash,In-store,2022-10-09,True,1665273600
TXN_4215500,CUST_09,Furniture,Item_23_FUR,38.0,9.0,342.0,Digital Wallet,Online,2022-12-10,False,1670630400
TXN_1476186,CUST_21,Electric household essentials,Item_21_EHE,35.0,6.0,210.0,Digital Wallet,In-store,2022-11-18,False,1668729600
TXN_4445795,CUST_04,Milk Products,Item_16_MILK,27.5,6.0,165.0,Digital Wallet,In-store,2024-07-20,False,1721433600
TXN_3019852,CUST_24,Food,Item_20_FOOD,33.5,4.0,134.0,Credit Card,Online,2024-10-19,False,1729296000
TXN_9762811,CUST_12,Patisserie,Item_8_PAT,15.5,3.0,46.5,Digital Wallet,In-store,2023-09-11,True,1694390400
TXN_7099616,CUST_14,Butchers,Item_7_BUT,14.0,2.0,28.0,Credit Card,Online,2023-02-26,False,1677369600
TXN_5707886,CUST_06,Beverages,Item_2_BEV,6.5,10.0,65.0,Credit Card,Online,2022-05-12,False,1652313600
TXN_9750057,CUST_18,Patisserie,Item_1_PAT,5.0,10.0,50.0,Credit Card,In-store,2024-06-05,False,1717545600
TXN_3518477,CUST_20,Patisserie,Item_3_PAT,8.0,8.0,64.0,Cash,Online,2022-03-14,False,1647216000
TXN_2109847,CUST_21,Computers and electric accessories,Item_10_CEA,18.5,1.0,18.5,Digital Wallet,In-store,2024-12-25,True,1735084800
TXN_4393198,CUST_05,Electric household essentials,Item_6_EHE,12.5,5.0,62.5,Cash,Online,2023-08-02,False,1690934400
TXN_9735326,CUST_02,Food,Item_22_FOOD,36.5,4.0,146.0,Digital Wallet,In-store,2025-01-11,False,1736553600
TXN_7505689,CUST_12,Furniture,Item_5_FUR,11.0,4.0,44.0,Credit Card,Online,2023-04-15,False,1681516800
TXN_1854833,CUST_05,Computers and electric accessories,Item_15_CEA,26.0,9.0,234.0,Credit Card,In-store,2023-04-24,False,1682294400
TXN_7753152,CUST_10,Furniture,Item_25_FUR,41.0,8.0,328.0,Cash,In-store,2024-05-20,True,1716163200
TXN_5972272,CUST_09,Beverages,Item_2_BEV,6.5,6.0,39.0,Digital Wallet,In-store,2022-07-10,False,1657411200
TXN_3311484,CUST_16,Beverages,Item_8_BEV,15.5,3.0,46.5,Cash,Online,2022-08-13,False,1660348800
TXN_4004092,CUST_15,Milk Products,Item_4_MILK,9.5,3.0,28.5,Digital Wallet,Online,2022-10-07,True,1665100800
TXN_3676551,CUST_20,Furniture,Item_2_FUR,6.5,8.0,52.0,Digital Wallet,In-store,2022-10-02,True,1664668800
TXN_1767448,CUST_07,Beverages,Item_25_BEV,41.0,3.0,123.0,Cash,Online,2024-11-18,True,1731888000
TXN_7804296,CUST_09,Butchers,Item_20_BUT,33.5,3.0,100.5,Cash,Online,2024-07-11,False,1720656000
TXN_8024224,CUST_25,Electric household essentials,Item_8_EHE,15.5,6.0,93.0,Credit Card,In-store,2024-03-07,False,1709769600
TXN_5830623,CUST_03,Computers and electric accessories,Item_25_CEA,41.0,5.0,205.0,Digital Wallet,Online,2024-09-29,False,1727568000
TXN_6938910,CUST_06,Furniture,Item_7_FUR,14.0,4.0,56.0,Credit Card,In-store,2023-08-02,True,1690934400
TXN_5275219,CUST_06,Computers and electric accessories,Item_21_CEA,35.0,5.0,175.0,Digital Wallet,In-store,2024-08-26,True,1724630400
TXN_6342314,CUST_25,Patisserie,Item_19_PAT,32.0,7.0,224.0,Digital Wallet,Online,2023-05-27,True,1685145600
TXN_1502529,CUST_01,Milk Products,Item_20_MILK,33.5,2.0,67.0,Credit Card,Online,2024-02-24,True,1708732800
TXN_2388264,CUST_17,Milk Products,Item_16_MILK,27.5,10.0,275.0,Credit Card,In-store,2022-11-16,False,1668556800
TXN_4671556,CUST_06,Food,Item_9_FOOD,17.0,3.0,51.0,Cash,In-store,2022-09-13,False,1663027200
TXN_8454270,CUST_01,Computers and electric accessories,Item_5_CEA,11.0,10.0,110.0,Cash,Online,2024-09-13,False,1726185600
TXN_4036266,CUST_05,Butchers,Item_15_BUT,26.0,10.0,260.0,Credit Card,In-store,2024-06-27,False,1719446400
TXN_8199043,CUST_22,Beverages,Item_4_BEV,9.5,3.0,28.5,Credit Card,In-store,2024-02-11,False,1707609600
TXN_6474195,CUST_16,Electric household essentials,Item_4_EHE,9.5,1.0,9.5,Digital Wallet,Online,2024-07-16,False,1721088000
TXN_4689441,CUST_11,Butchers,Item_5_BUT,11.0,10.0,110.0,Digital Wallet,Online,2023-06-02,False,1685664000
TXN_2594117,CUST_10,Food,Item_17_FOOD,29.0,4.0,116.0,Credit Card,In-store,2024-08-31,True,1725062400
TXN_8961982,CUST_25,Butchers,Item_20_BUT,33.5,6.0,201.0,Credit Card,In-store,2022-11-02,False,1667347200
TXN_4351750,CUST_12,Food,Item_19_FOOD,32.0,4.0,128.0,Cash,In-store,2022-11-04,True,1667520000
TXN_8180871,CUST_20,Beverages,Item_12_BEV,21.5,3.0,64.5,Credit Card,Online,2023-02-01,True,1675209600
TXN_7079048,CUST_14,Food,Item_6_FOOD,12.5,10.0,125.0,Digital Wallet,In-store,2024-10-10,True,1728518400
TXN_8883302,CUST_23,Food,Item_23_FOOD,38.0,2.0,76.0,Cash,In-store,2023-08-06,False,1691280000
TXN_5837003,CUST_19,Milk Products,Item_22_MILK,36.5,2.0,73.0,Credit Card,Online,2024-07-19,True,1721347200
TXN_6181011,CUST_24,Milk Products,Item_17_MILK,29.0,8.0,232.0,Digital Wallet,Online,2022-09-27,False,1664236800
TXN_7162597,CUST_08,Butchers,Item_23_BUT,38.0,1.0,38.0,Digital Wallet,Online,2022-03-27,False,1648339200
TXN_9175988,CUST_15,Butchers,Item_7_BUT,14.0,5.0,70.0,Digital Wallet,Online,2023-06-02,True,1685664000
TXN_6730547,CUST_18,Butchers,Item_11_BUT,20.0,2.0,40.0,Credit Card,Online,2024-01-17,True,1705449600
TXN_6651579,CUST_02,Furniture,Item_5_FUR,11.0,8.0,88.0,Credit Card,Online,2024-10-16,True,1729036800
TXN_2848766,CUST_12,Butchers,Item_16_BUT,27.5,6.0,165.0,Digital Wallet,In-store,2022-05-02,True,1651449600
TXN_6213892,CUST_12,Food,Item_20_FOOD,33.5,8.0,268.0,Cash,In-store,2022-09-15,True,1663200000
TXN_2869481,CUST_18,Beverages,Item_9_BEV,17.0,2.0,34.0,Credit Card,In-store,2024-10-28,False,1730073600
TXN_7498911,CUST_08,Food,Item_4_FOOD,9.5,5.0,47.5,Digital Wallet,In-store,2022-02-11,True,1644537600
TXN_3792920,CUST_17,Computers and electric accessories,Item_8_CEA,15.5,5.0,77.5,Cash,In-store,2024-03-08,True,1709856000
TXN_5562705,CUST_02,Milk Products,Item_6_MILK,12.5,1.0,12.5,Cash,Online,2022-07-21,True,1658361600
TXN_8357441,CUST_12,Food,Item_4_FOOD,9.5,9.0,85.5,Cash,In-store,2022-06-12,True,1654992000
TXN_1795312,CUST_20,Electric household essentials,Item_6_EHE,12.5,7.0,87.5,Credit Card,Online,2024-01-13,True,1705104000
TXN_2326393,CUST_07,Food,Item_4_FOOD,9.5,6.0,57.0,Digital Wallet,Online,2022-02-24,True,1645660800
TXN_7110396,CUST_18,Butchers,Item_20_BUT,33.5,7.0,234.5,Cash,Online,2022-09-04,False,1662249600
TXN_8463040,CUST_16,Milk Products,Item_19_MILK,32.0,8.0,256.0,Digital Wallet,In-store,2022-12-11,True,1670716800
TXN_2536386,CUST_24,Patisserie,Item_11_PAT,20.0,3.0,60.0,Cash,In-store,2024-01-31,True,1706659200
TXN_6219185,CUST_10,Patisserie,Item_7_PAT,14.0,6.0,84.0,Cash,In-store,2022-12-03,False,1670025600
TXN_6414764,CUST_08,Electric household essentials,Item_8_EHE,15.5,3.0,46.5,Cash,Online,2022-09-08,False,1662595200
TXN_4492875,CUST_16,Milk Products,Item_19_MILK,32.0,10.0,320.0,Credit Card,In-store,2024-12-03,True,1733184000
TXN_6241258,CUST_19,Butchers,Item_3_BUT,8.0,4.0,32.0,Credit Card,In-store,2024-07-27,True,1722038400
TXN_9110626,CUST_25,Electric household essentials,Item_22_EHE,36.5,6.0,219.0,Cash,Online,2024-09-22,True,1726963200
TXN_2474922,CUST_17,Patisserie,Item_17_PAT,29.0,1.0,29.0,Digital Wallet,Online,2022-09-24,False,1663977600
TXN_8644182,CUST_09,Electric household essentials,Item_11_EHE,20.0,1.0,20.0,Credit Card,Online,2024-08-03,True,1722643200
TXN_4550414,CUST_05,Milk Products,Item_8_MILK,15.5,10.0,155.0,Cash,Online,2022-05-16,True,1652659200
TXN_5485829,CUST_17,Computers and electric accessories,Item_25_CEA,41.0,8.0,328.0,Digital Wallet,Online,2023-05-21,False,1684627200
TXN_9739067,CUST_20,Food,Item_18_FOOD,30.5,10.0,305.0,Cash,Online,2022-10-18,True,1666051200
TXN_9416158,CUST_24,Butchers,Item_6_BUT,12.5,2.0,25.0,Cash,In-store,2023-01-27,False,1674777600
TXN_4304514,CUST_10,Furniture,Item_3_FUR,8.0,8.0,64.0,Cash,Online,2022-03-31,False,1648684800
TXN_9008414,CUST_23,Electric household essentials,Item_19_EHE,32.0,2.0,64.0,Cash,Online,2022-06-05,True,1654387200
TXN_9911488,CUST_25,Electric household essentials,Item_1_EHE,5.0,1.0,5.0,Digital Wallet,Online,2024-09-02,False,1725235200
TXN_1881857,CUST_04,Milk Products,Item_3_MILK,8.0,5.0,40.0,Credit Card,Online,2024-12-20,True,1734652800
TXN_5744175,CUST_21,Electric household essentials,Item_25_EHE,41.0,8.0,328.0,Digital Wallet,In-store,2022-07-28,True,1658966400
TXN_2686357,CUST_07,Beverages,Item_4_BEV,9.5,3.0,28.5,Cash,In-store,2022-04-24,True,1650758400
TXN_9200603,CUST_08,Beverages,Item_21_BEV,35.0,8.0,280.0,Digital Wallet,In-store,2022-12-11,True,1670716800
TXN_1589489,CUST_01,Furniture,Item_11_FUR,20.0,3.0,60.0,Digital Wallet,In-store,2023-05-18,False,1684368000
TXN_4901231,CUST_13,Milk Products,Item_22_MILK,36.5,9.0,328.5,Cash,Online,2023-02-02,True,1675296000
TXN_8430438,CUST_18,Furniture,Item_15_FUR,26.0,1.0,26.0,Cash,In-store,2025-01-14,True,1736812800
TXN_9268865,CUST_10,Butchers,Item_15_BUT,26.0,10.0,260.0,Digital Wallet,In-store,2023-06-07,False,1686096000
TXN_6429558,CUST_05,Beverages,Item_5_BEV,11.0,8.0,88.0,Cash,Online,2024-02-18,True,1708214400
TXN_6156746,CUST_13,Patisserie,Item_22_PAT,36.5,3.0,109.5,Digital Wallet,In-store,2024-10-06,True,1728172800
TXN_8215023,CUST_23,Milk Products,Item_16_MILK,27.5,1.0,27.5,Credit Card,Online,2022-12-25,True,1671926400
TXN_9889424,CUST_04,Computers and electric accessories,Item_23_CEA,38.0,2.0,76.0,Credit Card,In-store,2025-01-04,False,1735948800
TXN_6876092,CUST_23,Patisserie,Item_10_PAT,18.5,8.0,148.0,Cash,Online,2022-12-31,True,1672444800
TXN_1917119,CUST_23,Computers and electric accessories,Item_12_CEA,21.5,9.0,193.5,Digital Wallet,In-store,2023-06-12,True,1686528000
TXN_6231912,CUST_05,Computers and electric accessories,Item_20_CEA,33.5,5.0,167.5,Cash,In-store,2024-12-06,True,1733443200
TXN_2920931,CUST_15,Butchers,Item_3_BUT,8.0,1.0,8.0,Cash,In-store,2022-08-18,True,1660780800
TXN_4599435,CUST_02,Food,Item_14_FOOD,24.5,4.0,98.0,Digital Wallet,Online,2022-03-18,False,1647561600
TXN_2243532,CUST_23,Food,Item_4_FOOD,9.5,3.0,28.5,Credit Card,In-store,2023-05-11,False,1683763200
TXN_8378538,CUST_06,Food,Item_24_FOOD,39.5,9.0,355.5,Credit Card,Online,2023-11-17,False,1700179200
TXN_9352732,CUST_05,Butchers,Item_4_BUT,9.5,4.0,38.0,Credit Card,In-store,2022-02-12,False,1644624000
TXN_8477564,CUST_23,Electric household essentials,Item_17_EHE,29.0,7.0,203.0,Cash,Online,2024-07-18,False,1721260800
TXN_3421464,CUST_07,Milk Products,Item_3_MILK,8.0,8.0,64.0,Digital Wallet,Online,2023-01-01,True,1672531200
TXN_9211823,CUST_08,Milk Products,Item_3_MILK,8.0,6.0,48.0,Cash,In-store,2022-07-29,True,1659052800
TXN_3609312,CUST_21,Milk Products,Item_20_MILK,33.5,5.0,167.5,Credit Card,Online,2024-11-03,True,1730592000
TXN_6752216,CUST_05,Computers and electric accessories,Item_17_CEA,29.0,5.0,145.0,Credit Card,In-store,2023-04-09,True,1680998400
TXN_9474347,CUST_11,Patisserie,Item_2_PAT,6.5,4.0,26.0,Digital Wallet,Online,2023-03-22,False,1679443200
TXN_1681078,CUST_19,Food,Item_13_FOOD,23.0,5.0,115.0,Credit Card,Online,2022-11-03,False,1667433600
TXN_7697657,CUST_11,Electric household essentials,Item_17_EHE,29.0,7.0,203.0,Credit Card,In-store,2024-10-30,True,1730246400
TXN_4532532,CUST_13,Furniture,Item_8_FUR,15.5,2.0,31.0,Cash,Online,2024-11-21,True,1732147200
TXN_8739719,CUST_15,Patisserie,Item_12_PAT,21.5,7.0,150.5,Digital Wallet,Online,2022-07-24,False,1658620800
TXN_1858867,CUST_16,Food,Item_4_FOOD,9.5,10.0,95.0,Digital Wallet,Online,2022-07-20,False,1658275200
TXN_7930277,CUST_11,Computers and electric accessories,Item_13_CEA,23.0,6.0,138.0,Cash,Online,2022-11-13,True,1668297600
TXN_5217730,CUST_16,Computers and electric accessories,Item_19_CEA,32.0,7.0,224.0,Credit Card,Online,2024-10-30,False,1730246400
TXN_6400472,CUST_24,Computers and electric accessories,Item_1_CEA,5.0,4.0,20.0,Cash,In-store,2024-12-29,False,1735430400
TXN_9958872,CUST_22,Patisserie,Item_2_PAT,6.5,7.0,45.5,Credit Card,In-store,2024-06-30,False,1719705600
TXN_7929084,CUST_15,Computers and electric accessories,Item_15_CEA,26.0,1.0,26.0,Cash,Online,2023-04-09,True,1680998400
TXN_6700560,CUST_12,Patisserie,Item_5_PAT,11.0,4.0,44.0,Digital Wallet,Online,2022-09-05,False,1662336000
TXN_3768715,CUST_12,Patisserie,Item_13_PAT,23.0,7.0,161.0,Cash,Online,2023-12-24,True,1703376000
TXN_7779819,CUST_08,Furniture,Item_17_FUR,29.0,3.0,87.0,Digital Wallet,Online,2024-10-30,True,1730246400
TXN_8160360,CUST_13,Furniture,Item_2_FUR,6.5,10.0,65.0,Digital Wallet,In-store,2023-06-14,True,1686700800
TXN_9173957,CUST_09,Furniture,Item_21_FUR,35.0,7.0,245.0,Digital Wallet,Online,2023-04-23,True,1682208000
TXN_7681375,CUST_02,Butchers,Item_13_BUT,23.0,8.0,184.0,Credit Card,Online,2022-07-09,False,1657324800
TXN_7663232,CUST_13,Patisserie,Item_17_PAT,29.0,9.0,261.0,Digital Wallet,Online,2022-12-27,True,1672099200
TXN_1197801,CUST_14,Patisserie,Item_17_PAT,29.0,3.0,87.0,Cash,In-store,2023-01-06,True,1672963200
TXN_2216840,CUST_25,Electric household essentials,Item_15_EHE,26.0,7.0,182.0,Credit Card,In-store,2024-05-15,True,1715731200
TXN_3033421,CUST_20,Electric household essentials,Item_18_EHE,30.5,10.0,305.0,Digital Wallet,In-store,2024-03-15,False,1710460800
TXN_8674510,CUST_17,Milk Products,Item_11_MILK,20.0,2.0,40.0,Credit Card,In-store,2023-11-22,False,1700611200
TXN_3811380,CUST_23,Milk Products,Item_19_MILK,32.0,9.0,288.0,Digital Wallet,Online,2024-04-24,True,1713916800
TXN_2513356,CUST_06,Computers and electric accessories,Item_16_CEA,27.5,3.0,82.5,Credit Card,In-store,2024-08-04,False,1722729600
TXN_9110304,CUST_01,Butchers,Item_3_BUT,8.0,2.0,16.0,Cash,Online,2022-01-31,False,1643587200
TXN_6672586,CUST_12,Computers and electric accessories,Item_23_CEA,38.0,4.0,152.0,Cash,Online,2023-06-10,False,1686355200
TXN_7070493,CUST_10,Computers and electric accessories,Item_5_CEA,11.0,6.0,66.0,Digital Wallet,In-store,2024-08-06,True,1722902400
TXN_2633088,CUST_12,Beverages,Item_2_BEV,6.5,7.0,45.5,Cash,In-store,2023-03-06,True,1678060800
TXN_6835888,CUST_05,Furniture,Item_20_FUR,33.5,6.0,201.0,Digital Wallet,Online,2022-10-04,True,1664841600
TXN_3271903,CUST_25,Food,Item_20_FOOD,33.5,3.0,100.5,Credit Card,In-store,2024-03-07,True,1709769600
TXN_2894385,CUST_19,Electric household essentials,Item_8_EHE,15.5,8.0,124.0,Digital Wallet,In-store,2024-04-28,False,1714262400
TXN_8328068,CUST_16,Milk Products,Item_6_MILK,12.5,1.0,12.5,Digital Wallet,In-store,2023-04-26,False,1682467200
TXN_8984050,CUST_10,Electric household essentials,Item_25_EHE,41.0,6.0,246.0,Digital Wallet,Online,2023-07-21,True,1689897600
TXN_9239185,CUST_13,Milk Products,Item_20_MILK,33.5,7.0,234.5,Cash,Online,2023-04-10,True,1681084800
TXN_5939026,CUST_01,Furniture,Item_6_FUR,12.5,6.0,75.0,Digital Wallet,In-store,2024-07-01,False,1719792000
TXN_6077319,CUST_12,Beverages,Item_11_BEV,20.0,3.0,60.0,Credit Card,Online,2024-06-05,False,1717545600
TXN_2459628,CUST_25,Food,Item_11_FOOD,20.0,8.0,160.0,Credit Card,In-store,2024-03-07,False,1709769600
TXN_5761154,CUST_25,Butchers,Item_8_BUT,15.5,3.0,46.5,Credit Card,Online,2023-02-26,True,1677369600
TXN_5106214,CUST_24,Food,Item_17_FOOD,29.0,9.0,261.0,Cash,In-store,2024-12-30,False,1735516800
TXN_1910146,CUST_02,Milk Products,Item_12_MILK,21.5,7.0,150.5,Credit Card,In-store,2022-12-03,True,1670025600
TXN_6287862,CUST_15,Food,Item_11_FOOD,20.0,1.0,20.0,Credit Card,In-store,2024-09-07,True,1725667200
TXN_1389066,CUST_01,Milk Products,Item_23_MILK,38.0,5.0,190.0,Digital Wallet,Online,2024-05-06,True,1714953600
TXN_6548842,CUST_06,Electric household essentials,Item_6_EHE,12.5,3.0,37.5,Cash,Online,2022-06-01,True,1654041600
TXN_1995025,CUST_18,Beverages,Item_17_BEV,29.0,9.0,261.0,Cash,Online,2022-07-10,True,1657411200
TXN_3226837,CUST_21,Milk Products,Item_6_MILK,12.5,7.0,87.5,Cash,In-store,2023-08-20,False,1692489600
TXN_8799154,CUST_07,Electric household essentials,Item_20_EHE,33.5,8.0,268.0,Cash,In-store,2023-10-10,True,1696896000
TXN_3175190,CUST_06,Milk Products,Item_22_MILK,36.5,7.0,255.5,Cash,In-store,2022-03-16,True,1647388800
TXN_3968183,CUST_09,Computers and electric accessories,Item_21_CEA,35.0,3.0,105.0,Credit Card,In-store,2022-04-10,True,1649548800
TXN_5410939,CUST_03,Food,Item_3_FOOD,8.0,7.0,56.0,Credit Card,In-store,2024-10-26,False,1729900800
TXN_4523627,CUST_23,Patisserie,Item_9_PAT,17.0,8.0,136.0,Credit Card,Online,2022-12-27,True,1672099200
TXN_2640121,CUST_06,Furniture,Item_21_FUR,35.0,6.0,210.0,Digital Wallet,Online,2022-12-10,False,1670630400
TXN_1869739,CUST_21,Computers and electric accessories,Item_15_CEA,26.0,8.0,208.0,Digital Wallet,In-store,2024-12-16,False,1734307200
TXN_5926411,CUST_06,Furniture,Item_25_FUR,41.0,3.0,123.0,Credit Card,In-store,2024-12-26,False,1735171200
TXN_8310973,CUST_10,Milk Products,Item_1_MILK,5.0,3.0,15.0,Credit Card,In-store,2024-04-22,True,1713744000
TXN_8095536,CUST_20,Computers and electric accessories,Item_11_CEA,20.0,4.0,80.0,Credit Card,Online,2024-08-28,False,1724803200
TXN_7487450,CUST_13,Computers and electric accessories,Item_17_CEA,29.0,3.0,87.0,Cash,In-store,2022-03-12,False,1647043200
TXN_4183289,CUST_12,Milk Products,Item_4_MILK,9.5,1.0,9.5,Credit Card,In-store,2022-11-22,True,1669075200
TXN_3047486,CUST_20,Milk Products,Item_7_MILK,14.0,3.0,42.0,Credit Card,Online,2025-01-13,False,1736726400
TXN_4726526,CUST_24,Food,Item_20_FOOD,33.5,8.0,268.0,Credit Card,Online,2024-05-02,False,1714608000
TXN_3555481,CUST_24,Butchers,Item_18_BUT,30.5,1.0,30.5,Digital Wallet,In-store,2024-03-09,False,1709942400
TXN_9595549,CUST_21,Butchers,Item_15_BUT,26.0,6.0,156.0,Digital Wallet,Online,2024-07-01,True,1719792000
TXN_8403668,CUST_22,Furniture,Item_23_FUR,38.0,3.0,114.0,Credit Card,In-store,2024-04-27,False,1714176000
TXN_5149243,CUST_07,Milk Products,Item_19_MILK,32.0,9.0,288.0,Cash,Online,2024-10-31,False,1730332800
TXN_1632221,CUST_18,Furniture,Item_4_FUR,9.5,1.0,9.5,Credit Card,Online,2022-09-04,True,1662249600
TXN_4684340,CUST_04,Butchers,Item_15_BUT,26.0,10.0,260.0,Credit Card,Online,2022-01-30,False,1643500800
TXN_4719168,CUST_01,Food,Item_19_FOOD,32.0,3.0,96.0,Credit Card,Online,2022-10-30,False,1667088000
TXN_2592374,CUST_21,Electric household essentials,Item_5_EHE,11.0,9.0,99.0,Cash,Online,2022-11-18,True,1668729600
TXN_7421983,CUST_05,Patisserie,Item_11_PAT,20.0,10.0,200.0,Credit Card,Online,2022-09-17,True,1663372800
TXN_5449047,CUST_18,Electric household essentials,Item_17_EHE,29.0,2.0,58.0,Digital Wallet,In-store,2023-06-23,True,1687478400
TXN_3445828,CUST_23,Milk Products,Item_16_MILK,27.5,9.0,247.5,Credit Card,In-store,2024-12-17,False,1734393600
TXN_8686018,CUST_07,Patisserie,Item_11_PAT,20.0,8.0,160.0,Credit Card,Online,2024-07-29,False,1722211200
TXN_1570444,CUST_11,Butchers,Item_18_BUT,30.5,7.0,213.5,Credit Card,In-store,2023-06-29,False,1687996800
TXN_4487199,CUST_25,Butchers,Item_2_BUT,6.5,5.0,32.5,Digital Wallet,In-store,2024-10-31,True,1730332800
TXN_8838487,CUST_13,Milk Products,Item_19_MILK,32.0,6.0,192.0,Cash,In-store,2024-12-30,False,1735516800
TXN_2727085,CUST_02,Food,Item_12_FOOD,21.5,3.0,64.5,Digital Wallet,In-store,2024-08-09,False,1723161600
TXN_6944260,CUST_25,Computers and electric accessories,Item_19_CEA,32.0,8.0,256.0,Cash,Online,2023-02-03,True,1675382400
TXN_5907338,CUST_25,Beverages,Item_23_BEV,38.0,9.0,342.0,Cash,In-store,2025-01-18,True,1737158400
TXN_9110765,CUST_19,Computers and electric accessories,Item_14_CEA,24.5,1.0,24.5,Cash,In-store,2023-08-14,True,1691971200
TXN_8831425,CUST_12,Butchers,Item_4_BUT,9.5,3.0,28.5,Credit Card,In-store,2023-09-08,True,1694131200
TXN_3501915,CUST_08,Electric household essentials,Item_8_EHE,15.5,9.0,139.5,Credit Card,In-store,2025-01-03,True,1735862400
TXN_2790270,CUST_24,Computers and electric accessories,Item_2_CEA,6.5,8.0,52.0,Credit Card,Online,2022-03-08,False,1646697600
TXN_1034189,CUST_25,Beverages,Item_16_BEV,27.5,2.0,55.0,Cash,In-store,2022-02-08,True,1644278400
TXN_6026881,CUST_18,Food,Item_12_FOOD,21.5,8.0,172.0,Cash,In-store,2024-06-02,False,1717286400
TXN_2705106,CUST_24,Food,Item_7_FOOD,14.0,10.0,140.0,Cash,In-store,2024-10-05,False,1728086400
TXN_5806795,CUST_16,Milk Products,Item_1_MILK,5.0,5.0,25.0,Cash,Online,2022-03-14,True,1647216000
TXN_9155538,CUST_05,Food,Item_8_FOOD,15.5,6.0,93.0,Credit Card,Online,2024-08-04,True,1722729600
TXN_2386101,CUST_14,Furniture,Item_25_FUR,41.0,10.0,410.0,Digital Wallet,In-store,2025-01-04,True,1735948800
TXN_6963310,CUST_01,Computers and electric accessories,Item_10_CEA,18.5,2.0,37.0,Digital Wallet,Online,2024-01-08,False,1704672000
TXN_2093784,CUST_13,Patisserie,Item_8_PAT,15.5,5.0,77.5,Digital Wallet,In-store,2023-06-13,True,1686614400
TXN_9499247,CUST_03,Computers and electric accessories,Item_20_CEA,33.5,8.0,268.0,Cash,In-store,2023-01-09,True,1673222400
TXN_4461081,CUST_04,Electric household essentials,Item_15_EHE,26.0,1.0,26.0,Digital Wallet,In-store,2022-07-31,False,1659225600
TXN_5231180,CUST_22,Beverages,Item_7_BEV,14.0,9.0,126.0,Cash,Online,2024-05-10,False,1715299200
TXN_7974643,CUST_04,Electric household essentials,Item_5_EHE,11.0,8.0,88.0,Cash,In-store,2023-06-27,False,1687824000
TXN_4783588,CUST_19,Food,Item_24_FOOD,39.5,1.0,39.5,Credit Card,In-store,2023-12-31,True,1703980800
TXN_1164547,CUST_10,Computers and electric accessories,Item_22_CEA,36.5,7.0,255.5,Cash,Online,2023-12-09,False,1702080000
TXN_6087379,CUST_24,Milk Products,Item_23_MILK,38.0,9.0,342.0,Cash,Online,2023-04-19,True,1681862400
TXN_7744516,CUST_04,Computers and electric accessories,Item_12_CEA,21.5,10.0,215.0,Credit Card,In-store,2023-09-19,False,1695081600
TXN_6214485,CUST_13,Computers and electric accessories,Item_23_CEA,38.0,8.0,304.0,Cash,Online,2023-12-03,False,1701561600
TXN_8912049,CUST_15,Butchers,Item_16_BUT,27.5,5.0,137.5,Cash,In-store,2024-08-07,True,1722988800
TXN_6263189,CUST_08,Milk Products,Item_11_MILK,20.0,10.0,200.0,Credit Card,In-store,2022-01-09,True,1641686400
TXN_8944954,CUST_14,Butchers,Item_15_BUT,26.0,1.0,26.0,Cash,Online,2023-10-27,False,1698364800
TXN_2119863,CUST_24,Patisserie,Item_22_PAT,36.5,10.0,365.0,Cash,Online,2024-12-24,True,1734998400
TXN_6562777,CUST_01,Butchers,Item_2_BUT,6.5,8.0,52.0,Credit Card,Online,2022-12-09,True,1670544000
TXN_4514680,CUST_21,Patisserie,Item_4_PAT,9.5,6.0,57.0,Digital Wallet,In-store,2022-12-05,True,1670198400
TXN_3414423,CUST_05,Patisserie,Item_9_PAT,17.0,1.0,17.0,Cash,Online,2022-12-02,True,1669939200
TXN_1806675,CUST_19,Food,Item_5_FOOD,11.0,3.0,33.0,Credit Card,Online,2022-01-09,False,1641686400
TXN_3133105,CUST_13,Electric household essentials,Item_9_EHE,17.0,4.0,68.0,Cash,In-store,2022-03-05,True,1646438400
TXN_9753727,CUST_09,Beverages,Item_21_BEV,35.0,10.0,350.0,Credit Card,Online,2024-12-27,False,1735257600
TXN_3175369,CUST_01,Butchers,Item_9_BUT,17.0,3.0,51.0,Cash,In-store,2022-04-05,True,1649116800
TXN_1291675,CUST_22,Computers and electric accessories,Item_21_CEA,35.0,8.0,280.0,Credit Card,Online,2022-04-12,False,1649721600
TXN_5584015,CUST_23,Computers and electric accessories,Item_1_CEA,5.0,6.0,30.0,Credit Card,In-store,2022-02-08,True,1644278400
TXN_2039959,CUST_05,Computers and electric accessories,Item_16_CEA,27.5,8.0,220.0,Credit Card,Online,2023-03-07,False,1678147200
TXN_8747203,CUST_17,Butchers,Item_4_BUT,9.5,6.0,57.0,Cash,Online,2022-10-16,False,1665878400
TXN_2412802,CUST_23,Milk Products,Item_16_MILK,27.5,3.0,82.5,Digital Wallet,Online,2023-05-20,True,1684540800
TXN_9401576,CUST_18,Furniture,Item_19_FUR,32.0,7.0,224.0,Credit Card,In-store,2023-01-01,True,1672531200
TXN_9584772,CUST_14,Computers and electric accessories,Item_2_CEA,6.5,3.0,19.5,Digital Wallet,Online,2023-12-03,False,1701561600
TXN_5675587,CUST_23,Food,Item_18_FOOD,30.5,10.0,305.0,Credit Card,Online,2022-12-13,False,1670889600
TXN_5250994,CUST_03,Food,Item_13_FOOD,23.0,3.0,69.0,Credit Card,Online,2022-08-28,False,1661644800
TXN_6162358,CUST_05,Butchers,Item_7_BUT,14.0,10.0,140.0,Cash,Online,2022-07-04,False,1656892800
TXN_2908355,CUST_16,Milk Products,Item_13_MILK,23.0,7.0,161.0,Digital Wallet,Online,2022-10-23,False,1666483200
TXN_3789480,CUST_10,Food,Item_25_FOOD,41.0,6.0,246.0,Cash,Online,2022-10-10,False,1665360000
TXN_4269120,CUST_06,Patisserie,Item_14_PAT,24.5,1.0,24.5,Credit Card,In-store,2023-02-13,True,1676246400
TXN_2893014,CUST_07,Furniture,Item_6_FUR,12.5,9.0,112.5,Digital Wallet,Online,2023-06-29,True,1687996800
TXN_9037382,CUST_05,Electric household essentials,Item_8_EHE,15.5,2.0,31.0,Digital Wallet,Online,2023-03-29,True,1680048000
TXN_2334719,CUST_18,Patisserie,Item_25_PAT,41.0,4.0,164.0,Credit Card,In-store,2024-05-19,False,1716076800
TXN_2406868,CUST_25,Furniture,Item_19_FUR,32.0,3.0,96.0,Digital Wallet,In-store,2023-07-12,False,1689120000
TXN_1511916,CUST_08,Furniture,Item_24_FUR,39.5,10.0,395.0,Credit Card,In-store,2023-01-19,False,1674086400
TXN_9759459,CUST_22,Patisserie,Item_13_PAT,23.0,2.0,46.0,Credit Card,In-store,2022-01-07,True,1641513600
TXN_7603860,CUST_11,Computers and electric accessories,Item_12_CEA,21.5,8.0,172.0,Digital Wallet,In-store,2025-01-16,True,1736985600
TXN_8994247,CUST_02,Patisserie,Item_15_PAT,26.0,3.0,78.0,Digital Wallet,Online,2024-09-09,False,1725840000
TXN_5849928,CUST_06,Electric household essentials,Item_25_EHE,41.0,1.0,41.0,Cash,In-store,2022-01-09,False,1641686400
TXN_8426341,CUST_05,Computers and electric accessories,Item_5_CEA,11.0,7.0,77.0,Credit Card,Online,2023-02-08,True,1675814400
TXN_4632830,CUST_09,Furniture,Item_4_FUR,9.5,6.0,57.0,Credit Card,In-store,2023-05-09,False,1683590400
TXN_6185003,CUST_20,Electric household essentials,Item_23_EHE,38.0,8.0,304.0,Digital Wallet,In-store,2023-06-30,True,1688083200
TXN_7326338,CUST_24,Food,Item_22_FOOD,36.5,4.0,146.0,Credit Card,In-store,2022-04-29,True,1651190400
TXN_7467487,CUST_07,Butchers,Item_13_BUT,23.0,1.0,23.0,Credit Card,Online,2022-04-04,True,1649030400
TXN_6946214,CUST_21,Butchers,Item_5_BUT,11.0,2.0,22.0,Cash,In-store,2024-02-16,True,1708041600
TXN_2839407,CUST_15,Food,Item_5_FOOD,11.0,7.0,77.0,Digital Wallet,Online,2022-01-12,False,1641945600
TXN_3634960,CUST_19,Food,Item_6_FOOD,12.5,6.0,75.0,Digital Wallet,Online,2023-07-29,False,1690588800
TXN_2443824,CUST_19,Beverages,Item_12_BEV,21.5,8.0,172.0,Cash,Online,2022-01-21,False,1642723200
TXN_4490143,CUST_09,Beverages,Item_11_BEV,20.0,2.0,40.0,Credit Card,In-store,2023-09-27,False,1695772800
TXN_1440593,CUST_07,Computers and electric accessories,Item_17_CEA,29.0,6.0,174.0,Digital Wallet,In-store,2022-05-09,True,1652054400
TXN_4325085,CUST_03,Computers and electric accessories,Item_6_CEA,12.5,5.0,62.5,Credit Card,Online,2023-09-19,True,1695081600
TXN_8003213,CUST_17,Butchers,Item_20_BUT,33.5,8.0,268.0,Credit Card,In-store,2023-11-04,True,1699056000
TXN_5597910,CUST_01,Computers and electric accessories,Item_19_CEA,32.0,5.0,160.0,Digital Wallet,In-store,2022-07-31,True,1659225600
TXN_3277863,CUST_17,Furniture,Item_19_FUR,32.0,7.0,224.0,Credit Card,Online,2022-12-16,False,1671148800
TXN_9139150,CUST_08,Beverages,Item_2_BEV,6.5,2.0,13.0,Digital Wallet,In-store,2024-03-05,True,1709596800
TXN_1310419,CUST_23,Food,Item_22_FOOD,36.5,1.0,36.5,Digital Wallet,Online,2024-10-09,False,1728432000
TXN_5373878,CUST_04,Butchers,Item_17_BUT,29.0,8.0,232.0,Cash,Online,2024-03-15,True,1710460800
TXN_6698554,CUST_21,Food,Item_8_FOOD,15.5,6.0,93.0,Credit Card,In-store,2023-12-06,True,1701820800
TXN_8080510,CUST_21,Patisserie,Item_9_PAT,17.0,5.0,85.0,Credit Card,Online,2022-04-22,False,1650585600
TXN_7979491,CUST_20,Furniture,Item_6_FUR,12.5,2.0,25.0,Digital Wallet,Online,2024-08-29,True,1724889600
TXN_3089083,CUST_17,Food,Item_12_FOOD,21.5,7.0,150.5,Credit Card,Online,2024-07-04,False,1720051200
TXN_7515623,CUST_22,Food,Item_1_FOOD,5.0,7.0,35.0,Cash,In-store,2024-07-13,False,1720828800
TXN_3290344,CUST_09,Beverages,Item_21_BEV,35.0,3.0,105.0,Cash,In-store,2023-11-10,True,1699574400
TXN_9017500,CUST_09,Furniture,Item_11_FUR,20.0,3.0,60.0,Credit Card,In-store,2022-12-03,False,1670025600
TXN_4824819,CUST_01,Computers and electric accessories,Item_20_CEA,33.5,5.0,167.5,Digital Wallet,Online,2022-06-27,False,1656288000
TXN_1657303,CUST_16,Beverages,Item_16_BEV,27.5,5.0,137.5,Cash,In-store,2022-11-25,True,1669334400
TXN_9610510,CUST_11,Butchers,Item_15_BUT,26.0,9.0,234.0,Credit Card,In-store,2022-01-26,True,1643155200
TXN_6187845,CUST_21,Computers and electric accessories,Item_6_CEA,12.5,3.0,37.5,Digital Wallet,In-store,2023-07-11,True,1689033600
TXN_1712389,CUST_16,Beverages,Item_21_BEV,35.0,8.0,280.0,Credit Card,Online,2022-10-27,True,1666828800
TXN_9066614,CUST_18,Computers and electric accessories,Item_13_CEA,23.0,3.0,69.0,Cash,In-store,2023-12-19,True,1702944000
TXN_4743953,CUST_01,Beverages,Item_25_BEV,41.0,1.0,41.0,Digital Wallet,Online,2022-04-27,False,1651017600
TXN_2759881,CUST_12,Furniture,Item_24_FUR,39.5,3.0,118.5,Digital Wallet,In-store,2024-11-16,True,1731715200
TXN_6665991,CUST_08,Patisserie,Item_17_PAT,29.0,1.0,29.0,Cash,Online,2024-06-27,True,1719446400
TXN_7586036,CUST_16,Furniture,Item_8_FUR,15.5,1.0,15.5,Cash,In-store,2024-05-23,False,1716422400
TXN_4956593,CUST_21,Butchers,Item_16_BUT,27.5,6.0,165.0,Digital Wallet,Online,2023-10-06,True,1696550400
TXN_2595449,CUST_02,Furniture,Item_4_FUR,9.5,10.0,95.0,Cash,Online,2024-07-08,True,1720396800
TXN_3922319,CUST_17,Milk Products,Item_5_MILK,11.0,8.0,88.0,Credit Card,In-store,2023-04-07,False,1680825600
TXN_4573687,CUST_01,Patisserie,Item_14_PAT,24.5,2.0,49.0,Credit Card,In-store,2024-09-02,True,1725235200
TXN_3048452,CUST_12,Food,Item_14_FOOD,24.5,8.0,196.0,Cash,Online,2024-11-22,False,1732233600
TXN_6953040,CUST_07,Electric household essentials,Item_5_EHE,11.0,9.0,99.0,Credit Card,In-store,2022-12-07,False,1670371200
TXN_7254589,CUST_03,Butchers,Item_25_BUT,41.0,10.0,410.0,Cash,Online,2022-09-24,False,1663977600
TXN_6959290,CUST_04,Patisserie,Item_23_PAT,38.0,5.0,190.0,Digital Wallet,Online,2023-04-24,True,1682294400
TXN_2630398,CUST_20,Milk Products,Item_6_MILK,12.5,9.0,112.5,Cash,Online,2024-07-26,True,1721952000
TXN_9587075,CUST_03,Computers and electric accessories,Item_7_CEA,14.0,3.0,42.0,Cash,In-store,2023-09-13,True,1694563200
TXN_3425468,CUST_15,Food,Item_25_FOOD,41.0,5.0,205.0,Digital Wallet,Online,2023-03-12,True,1678579200
TXN_7246599,CUST_17,Beverages,Item_22_BEV,36.5,7.0,255.5,Cash,In-store,2022-05-10,False,1652140800
TXN_8027476,CUST_09,Milk Products,Item_17_MILK,29.0,2.0,58.0,Cash,Online,2024-06-28,True,1719532800
TXN_5491571,CUST_02,Computers and electric accessories,Item_9_CEA,17.0,7.0,119.0,Cash,In-store,2024-03-10,True,1710028800
TXN_1374547,CUST_22,Furniture,Item_1_FUR,5.0,6.0,30.0,Credit Card,Online,2022-04-13,True,1649808000
TXN_1411456,CUST_23,Computers and electric accessories,Item_18_CEA,30.5,1.0,30.5,Cash,In-store,2022-11-30,True,1669766400
TXN_8802193,CUST_02,Milk Products,Item_12_MILK,21.5,2.0,43.0,Digital Wallet,Online,2022-08-05,True,1659657600
TXN_8310704,CUST_18,Food,Item_1_FOOD,5.0,4.0,20.0,Digital Wallet,Online,2023-12-16,True,1702684800
TXN_4525407,CUST_19,Milk Products,Item_24_MILK,39.5,8.0,316.0,Cash,In-store,2022-03-02,True,1646179200
TXN_1821468,CUST_14,Electric household essentials,Item_7_EHE,14.0,5.0,70.0,Digital Wallet,Online,2023-04-15,False,1681516800
TXN_7697701,CUST_16,Food,Item_14_FOOD,24.5,2.0,49.0,Credit Card,Online,2022-03-04,False,1646352000
TXN_1545490,CUST_08,Patisserie,Item_7_PAT,14.0,8.0,112.0,Cash,Online,2023-05-26,True,1685059200
TXN_6571048,CUST_07,Food,Item_1_FOOD,5.0,1.0,5.0,Digital Wallet,In-store,2023-08-31,False,1693440000
TXN_4111338,CUST_22,Butchers,Item_25_BUT,41.0,7.0,287.0,Cash,In-store,2024-09-04,False,1725408000
TXN_6970868,CUST_20,Computers and electric accessories,Item_15_CEA,26.0,9.0,234.0,Cash,Online,2023-12-17,True,1702771200
TXN_2381503,CUST_21,Food,Item_9_FOOD,17.0,9.0,153.0,Digital Wallet,In-store,2023-06-09,False,1686268800
TXN_3358757,CUST_19,Butchers,Item_12_BUT,21.5,3.0,64.5,Digital Wallet,Online,2023-08-27,True,1693094400
TXN_4637114,CUST_09,Milk Products,Item_19_MILK,32.0,9.0,288.0,Credit Card,Online,2022-03-08,True,1646697600
TXN_7684251,CUST_23,Food,Item_5_FOOD,11.0,8.0,88.0,Digital Wallet,In-store,2023-09-21,True,1695254400
TXN_2315468,CUST_24,Furniture,Item_24_FUR,39.5,2.0,79.0,Cash,In-store,2023-06-23,True,1687478400
TXN_2409097,CUST_25,Electric household essentials,Item_24_EHE,39.5,1.0,39.5,Digital Wallet,In-store,2023-01-01,False,1672531200
TXN_9417468,CUST_20,Food,Item_17_FOOD,29.0,2.0,58.0,Digital Wallet,Online,2023-08-29,False,1693267200
TXN_9892104,CUST_22,Butchers,Item_12_BUT,21.5,10.0,215.0,Credit Card,Online,2022-10-21,True,1666310400
TXN_6175706,CUST_19,Patisserie,Item_5_PAT,11.0,7.0,77.0,Digital Wallet,Online,2022-04-18,False,1650240000
TXN_2523425,CUST_04,Electric household essentials,Item_19_EHE,32.0,10.0,320.0,Digital Wallet,In-store,2022-12-16,True,1671148800
TXN_8580799,CUST_05,Food,Item_14_FOOD,24.5,5.0,122.5,Cash,In-store,2024-10-28,True,1730073600
TXN_6852192,CUST_11,Patisserie,Item_16_PAT,27.5,4.0,110.0,Credit Card,In-store,2023-12-12,True,1702339200
TXN_2660160,CUST_04,Computers and electric accessories,Item_22_CEA,36.5,10.0,365.0,Credit Card,Online,2023-05-15,False,1684108800
TXN_2266891,CUST_09,Electric household essentials,Item_21_EHE,35.0,1.0,35.0,Credit Card,In-store,2023-12-31,True,1703980800
TXN_7717273,CUST_10,Patisserie,Item_12_PAT,21.5,8.0,172.0,Cash,In-store,2022-12-25,True,1671926400
TXN_1116351,CUST_13,Computers and electric accessories,Item_23_CEA,38.0,3.0,114.0,Digital Wallet,Online,2024-08-26,True,1724630400
TXN_8912384,CUST_05,Electric household essentials,Item_25_EHE,41.0,9.0,369.0,Digital Wallet,Online,2022-07-18,True,1658102400
TXN_4576812,CUST_19,Butchers,Item_12_BUT,21.5,2.0,43.0,Cash,Online,2023-06-17,False,1686960000
TXN_8845175,CUST_06,Food,Item_19_FOOD,32.0,7.0,224.0,Digital Wallet,In-store,2023-10-05,False,1696464000
TXN_4974375,CUST_18,Butchers,Item_6_BUT,12.5,7.0,87.5,Cash,In-store,2022-03-19,True,1647648000
TXN_6838499,CUST_10,Patisserie,Item_14_PAT,24.5,1.0,24.5,Digital Wallet,In-store,2022-08-14,True,1660435200
TXN_6276845,CUST_17,Computers and electric accessories,Item_7_CEA,14.0,9.0,126.0,Credit Card,Online,2023-12-22,False,1703203200
TXN_9471173,CUST_05,Furniture,Item_25_FUR,41.0,3.0,123.0,Digital Wallet,Online,2023-02-27,True,1677456000
TXN_4915355,CUST_14,Electric household essentials,Item_6_EHE,12.5,7.0,87.5,Cash,Online,2022-12-13,True,1670889600
TXN_4130550,CUST_14,Patisserie,Item_12_PAT,21.5,5.0,107.5,Credit Card,Online,2023-04-28,False,1682640000
TXN_3584985,CUST_02,Computers and electric accessories,Item_16_CEA,27.5,2.0,55.0,Cash,Online,2024-11-22,False,1732233600
TXN_4006298,CUST_15,Milk Products,Item_22_MILK,36.5,8.0,292.0,Digital Wallet,In-store,2024-02-28,False,1709078400
TXN_6647013,CUST_02,Butchers,Item_5_BUT,11.0,7.0,77.0,Credit Card,In-store,2024-05-30,True,1717027200
TXN_3526562,CUST_24,Butchers,Item_17_BUT,29.0,1.0,29.0,Credit Card,Online,2024-10-27,True,1729987200
TXN_2774995,CUST_24,Food,Item_5_FOOD,11.0,4.0,44.0,Digital Wallet,In-store,2024-01-29,False,1706486400
TXN_4144026,CUST_01,Butchers,Item_17_BUT,29.0,6.0,174.0,Digital Wallet,Online,2023-11-16,True,1700092800
TXN_1688534,CUST_22,Beverages,Item_12_BEV,21.5,9.0,193.5,Digital Wallet,Online,2022-03-20,False,1647734400
TXN_2215668,CUST_03,Food,Item_25_FOOD,41.0,3.0,123.0,Credit Card,In-store,2023-06-28,False,1687910400
TXN_4961109,CUST_10,Butchers,Item_15_BUT,26.0,5.0,130.0,Digital Wallet,In-store,2024-09-27,False,1727395200
TXN_3278728,CUST_19,Food,Item_5_FOOD,11.0,4.0,44.0,Cash,Online,2023-02-03,True,1675382400
TXN_7139710,CUST_11,Butchers,Item_21_BUT,35.0,3.0,105.0,Credit Card,In-store,2022-10-10,True,1665360000
TXN_3249244,CUST_20,Food,Item_22_FOOD,36.5,4.0,146.0,Digital Wallet,In-store,2022-07-16,False,1657929600
TXN_6036689,CUST_18,Beverages,Item_2_BEV,6.5,6.0,39.0,Digital Wallet,In-store,2024-07-15,False,1721001600
TXN_7350390,CUST_09,Milk Products,Item_1_MILK,5.0,1.0,5.0,Credit Card,Online,2022-06-20,False,1655683200
TXN_7378382,CUST_15,Food,Item_21_FOOD,35.0,5.0,175.0,Credit Card,Online,2022-04-09,False,1649462400
TXN_8250681,CUST_20,Furniture,Item_11_FUR,20.0,5.0,100.0,Cash,Online,2024-03-07,False,1709769600
TXN_8037528,CUST_15,Beverages,Item_2_BEV,6.5,5.0,32.5,Digital Wallet,Online,2023-03-03,False,1677801600
TXN_3689417,CUST_10,Butchers,Item_18_BUT,30.5,10.0,305.0,Credit Card,In-store,2023-04-02,False,1680393600
TXN_1199362,CUST_23,Beverages,Item_2_BEV,6.5,3.0,19.5,Credit Card,In-store,2022-09-26,False,1664150400
TXN_4545143,CUST_19,Butchers,Item_1_BUT,5.0,4.0,20.0,Digital Wallet,Online,2024-07-15,True,1721001600
TXN_6360517,CUST_16,Furniture,Item_17_FUR,29.0,8.0,232.0,Credit Card,Online,2023-08-11,True,1691712000
TXN_7394333,CUST_13,Patisserie,Item_4_PAT,9.5,8.0,76.0,Digital Wallet,Online,2022-10-18,True,1666051200
TXN_2902480,CUST_18,Food,Item_25_FOOD,41.0,6.0,246.0,Digital Wallet,In-store,2023-01-02,True,1672617600
TXN_2357597,CUST_21,Computers and electric accessories,Item_1_CEA,5.0,3.0,15.0,Cash,Online,2024-04-17,True,1713312000
TXN_6787087,CUST_22,Beverages,Item_14_BEV,24.5,10.0,245.0,Credit Card,Online,2022-10-06,False,1665014400
TXN_8640039,CUST_12,Milk Products,Item_22_MILK,36.5,5.0,182.5,Cash,Online,2024-10-26,False,1729900800
TXN_4069953,CUST_25,Beverages,Item_25_BEV,41.0,4.0,164.0,Credit Card,Online,2023-01-01,False,1672531200
TXN_8766170,CUST_04,Patisserie,Item_10_PAT,18.5,8.0,148.0,Credit Card,In-store,2024-09-28,True,1727481600
TXN_3788122,CUST_24,Milk Products,Item_19_MILK,32.0,7.0,224.0,Cash,Online,2024-12-24,False,1734998400
TXN_4148681,CUST_23,Furniture,Item_11_FUR,20.0,3.0,60.0,Cash,In-store,2024-04-27,False,1714176000
TXN_3839676,CUST_09,Milk Products,Item_13_MILK,23.0,7.0,161.0,Credit Card,In-store,2024-11-06,False,1730851200
TXN_8044366,CUST_22,Food,Item_9_FOOD,17.0,5.0,85.0,Digital Wallet,Online,2023-02-02,False,1675296000
TXN_9152328,CUST_06,Food,Item_13_FOOD,23.0,10.0,230.0,Digital Wallet,In-store,2022-03-30,False,1648598400
TXN_1586746,CUST_01,Furniture,Item_14_FUR,24.5,3.0,73.5,Credit Card,Online,2022-08-06,True,1659744000
TXN_3480703,CUST_25,Milk Products,Item_16_MILK,27.5,5.0,137.5,Credit Card,Online,2022-06-26,False,1656201600
TXN_7218983,CUST_09,Milk Products,Item_21_MILK,35.0,6.0,210.0,Digital Wallet,In-store,2022-09-02,True,1662076800
TXN_4106679,CUST_05,Butchers,Item_20_BUT,33.5,5.0,167.5,Cash,In-store,2022-11-25,False,1669334400
TXN_4525013,CUST_06,Milk Products,Item_11_MILK,20.0,7.0,140.0,Digital Wallet,In-store,2024-11-05,True,1730764800
TXN_8716794,CUST_13,Food,Item_25_FOOD,41.0,10.0,410.0,Cash,Online,2024-05-29,False,1716940800
TXN_1986874,CUST_09,Milk Products,Item_8_MILK,15.5,3.0,46.5,Digital Wallet,In-store,2022-11-03,False,1667433600
TXN_9414771,CUST_07,Butchers,Item_4_BUT,9.5,9.0,85.5,Cash,In-store,2023-06-16,False,1686873600
TXN_3466324,CUST_02,Beverages,Item_15_BEV,26.0,4.0,104.0,Digital Wallet,Online,2022-09-05,False,1662336000
TXN_3342588,CUST_04,Milk Products,Item_22_MILK,36.5,3.0,109.5,Digital Wallet,Online,2024-11-03,True,1730592000
TXN_9655455,CUST_02,Butchers,Item_22_BUT,36.5,2.0,73.0,Digital Wallet,In-store,2022-03-31,False,1648684800
TXN_3851282,CUST_23,Milk Products,Item_16_MILK,27.5,3.0,82.5,Cash,Online,2023-08-13,True,1691884800
TXN_7338102,CUST_14,Food,Item_14_FOOD,24.5,10.0,245.0,Digital Wallet,In-store,2024-04-30,False,1714435200
TXN_1884089,CUST_14,Butchers,Item_6_BUT,12.5,5.0,62.5,Digital Wallet,In-store,2025-01-03,False,1735862400
TXN_6004811,CUST_18,Electric household essentials,Item_18_EHE,30.5,6.0,183.0,Digital Wallet,In-store,2023-07-08,False,1688774400
TXN_7086312,CUST_24,Butchers,Item_11_BUT,20.0,2.0,40.0,Credit Card,In-store,2022-03-21,True,1647820800
TXN_6152767,CUST_03,Electric household essentials,Item_15_EHE,26.0,4.0,104.0,Credit Card,In-store,2024-10-14,True,1728864000
TXN_7991727,CUST_09,Electric household essentials,Item_20_EHE,33.5,2.0,67.0,Credit Card,In-store,2022-07-08,True,1657238400
TXN_1738321,CUST_07,Electric household essentials,Item_20_EHE,33.5,7.0,234.5,Credit Card,Online,2024-08-04,True,1722729600
TXN_7451771,CUST_04,Electric household essentials,Item_6_EHE,12.5,3.0,37.5,Cash,Online,2024-11-03,False,1730592000
TXN_4020246,CUST_18,Patisserie,Item_16_PAT,27.5,9.0,247.5,Digital Wallet,In-store,2024-03-22,True,1711065600
TXN_1283354,CUST_06,Furniture,Item_15_FUR,26.0,10.0,260.0,Digital Wallet,In-store,2023-08-17,False,1692230400
TXN_8334867,CUST_24,Butchers,Item_3_BUT,8.0,6.0,48.0,Cash,In-store,2022-01-11,True,1641859200
TXN_6926177,CUST_04,Milk Products,Item_1_MILK,5.0,9.0,45.0,Credit Card,Online,2022-02-22,False,1645488000
TXN_4684828,CUST_06,Patisserie,Item_7_PAT,14.0,4.0,56.0,Credit Card,In-store,2023-06-04,True,1685836800
TXN_7634319,CUST_05,Furniture,Item_8_FUR,15.5,4.0,62.0,Digital Wallet,In-store,2023-10-10,False,1696896000
TXN_8278381,CUST_25,Computers and electric accessories,Item_22_CEA,36.5,2.0,73.0,Cash,Online,2023-08-30,True,1693353600
TXN_2294115,CUST_05,Beverages,Item_12_BEV,21.5,10.0,215.0,Credit Card,In-store,2024-01-07,True,1704585600
TXN_6866882,CUST_15,Computers and electric accessories,Item_2_CEA,6.5,4.0,26.0,Digital Wallet,Online,2023-05-05,True,1683244800
TXN_1009738,CUST_06,Computers and electric accessories,Item_25_CEA,41.0,2.0,82.0,Digital Wallet,In-store,2023-04-23,False,1682208000
TXN_3435040,CUST_12,Patisserie,Item_1_PAT,5.0,6.0,30.0,Digital Wallet,In-store,2024-04-26,False,1714089600
TXN_9140667,CUST_15,Computers and electric accessories,Item_13_CEA,23.0,10.0,230.0,Credit Card,In-store,2023-06-26,True,1687737600
TXN_9748964,CUST_24,Furniture,Item_7_FUR,14.0,2.0,28.0,Cash,In-store,2024-02-21,False,1708473600
TXN_8757431,CUST_14,Electric household essentials,Item_9_EHE,17.0,9.0,153.0,Cash,In-store,2024-10-23,False,1729641600
TXN_3262408,CUST_09,Computers and electric accessories,Item_20_CEA,33.5,3.0,100.5,Cash,Online,2024-02-17,True,1708128000
TXN_6104935,CUST_18,Beverages,Item_17_BEV,29.0,3.0,87.0,Cash,Online,2022-05-06,True,1651795200
TXN_4792614,CUST_19,Beverages,Item_3_BEV,8.0,10.0,80.0,Digital Wallet,Online,2022-04-22,False,1650585600
TXN_6990280,CUST_15,Patisserie,Item_1_PAT,5.0,8.0,40.0,Cash,In-store,2024-09-18,True,1726617600
TXN_6287586,CUST_15,Patisserie,Item_2_PAT,6.5,5.0,32.5,Digital Wallet,In-store,2022-03-25,False,1648166400
TXN_3465412,CUST_16,Patisserie,Item_22_PAT,36.5,7.0,255.5,Cash,Online,2023-06-11,False,1686441600
TXN_8243127,CUST_15,Beverages,Item_11_BEV,20.0,7.0,140.0,Cash,Online,2024-06-27,False,1719446400
TXN_6632197,CUST_07,Computers and electric accessories,Item_10_CEA,18.5,4.0,74.0,Cash,Online,2022-09-15,True,1663200000
TXN_1676610,CUST_03,Patisserie,Item_16_PAT,27.5,10.0,275.0,Digital Wallet,Online,2022-05-02,True,1651449600
TXN_2610553,CUST_20,Computers and electric accessories,Item_12_CEA,21.5,2.0,43.0,Cash,Online,2024-11-30,False,1732924800
TXN_2039131,CUST_15,Furniture,Item_6_FUR,12.5,3.0,37.5,Cash,In-store,2024-11-04,True,1730678400
TXN_9980622,CUST_06,Food,Item_11_FOOD,20.0,4.0,80.0,Digital Wallet,In-store,2023-02-20,True,1676851200
TXN_1384717,CUST_07,Computers and electric accessories,Item_12_CEA,21.5,6.0,129.0,Digital Wallet,In-store,2024-05-10,False,1715299200
TXN_3465568,CUST_06,Computers and electric accessories,Item_9_CEA,17.0,9.0,153.0,Digital Wallet,In-store,2024-12-21,True,1734739200
TXN_4859949,CUST_16,Butchers,Item_16_BUT,27.5,3.0,82.5,Credit Card,In-store,2024-09-06,True,1725580800
TXN_8227754,CUST_11,Patisserie,Item_8_PAT,15.5,8.0,124.0,Credit Card,Online,2022-08-24,False,1661299200
TXN_9233461,CUST_07,Beverages,Item_16_BEV,27.5,3.0,82.5,Digital Wallet,Online,2024-03-15,True,1710460800
TXN_2205807,CUST_13,Electric household essentials,Item_4_EHE,9.5,2.0,19.0,Digital Wallet,In-store,2022-08-13,True,1660348800
TXN_2375037,CUST_02,Butchers,Item_12_BUT,21.5,8.0,172.0,Credit Card,In-store,2024-01-04,False,1704326400
TXN_6931270,CUST_01,Food,Item_20_FOOD,33.5,6.0,201.0,Digital Wallet,Online,2024-09-16,True,1726444800
TXN_6778962,CUST_24,Patisserie,Item_12_PAT,21.5,1.0,21.5,Cash,Online,2022-07-16,True,1657929600
TXN_8251002,CUST_08,Butchers,Item_15_BUT,26.0,6.0,156.0,Credit Card,Online,2022-06-10,True,1654819200
TXN_1681837,CUST_13,Patisserie,Item_8_PAT,15.5,5.0,77.5,Credit Card,In-store,2024-02-08,False,1707350400
TXN_8684883,CUST_01,Computers and electric accessories,Item_6_CEA,12.5,6.0,75.0,Cash,Online,2022-11-15,True,1668470400
TXN_1107138,CUST_16,Beverages,Item_10_BEV,18.5,2.0,37.0,Cash,Online,2023-07-08,True,1688774400
TXN_4104983,CUST_09,Computers and electric accessories,Item_20_CEA,33.5,10.0,335.0,Cash,In-store,2024-11-07,False,1730937600
TXN_4257383,CUST_10,Electric household essentials,Item_1_EHE,5.0,4.0,20.0,Digital Wallet,Online,2024-05-12,True,1715472000
TXN_5326091,CUST_05,Computers and electric accessories,Item_20_CEA,33.5,10.0,335.0,Cash,Online,2023-02-21,True,1676937600
TXN_6093600,CUST_09,Electric household essentials,Item_17_EHE,29.0,3.0,87.0,Credit Card,Online,2024-09-21,False,1726876800
TXN_4695478,CUST_09,Beverages,Item_15_BEV,26.0,1.0,26.0,Credit Card,In-store,2024-06-11,False,1718064000
TXN_5412766,CUST_20,Furniture,Item_24_FUR,39.5,10.0,395.0,Credit Card,In-store,2022-10-02,False,1664668800
TXN_3023847,CUST_12,Milk Products,Item_1_MILK,5.0,1.0,5.0,Cash,In-store,2022-04-04,True,1649030400
TXN_2841599,CUST_13,Patisserie,Item_2_PAT,6.5,9.0,58.5,Digital Wallet,In-store,2024-07-05,True,1720137600
TXN_8768337,CUST_06,Beverages,Item_18_BEV,30.5,6.0,183.0,Digital Wallet,Online,2022-06-15,False,1655251200
TXN_3888332,CUST_09,Computers and electric accessories,Item_25_CEA,41.0,3.0,123.0,Cash,In-store,2024-08-07,False,1722988800
TXN_5569617,CUST_16,Milk Products,Item_5_MILK,11.0,7.0,77.0,Digital Wallet,In-store,2022-07-03,False,1656806400
TXN_2696370,CUST_22,Furniture,Item_5_FUR,11.0,3.0,33.0,Credit Card,In-store,2024-08-03,False,1722643200
TXN_1027353,CUST_06,Beverages,Item_16_BEV,27.5,8.0,220.0,Credit Card,In-store,2024-05-04,True,1714780800
TXN_1916761,CUST_16,Electric household essentials,Item_8_EHE,15.5,3.0,46.5,Credit Card,Online,2022-08-26,False,1661472000
TXN_8244589,CUST_02,Butchers,Item_24_BUT,39.5,6.0,237.0,Digital Wallet,In-store,2022-04-04,True,1649030400
TXN_9777724,CUST_21,Food,Item_11_FOOD,20.0,9.0,180.0,Digital Wallet,Online,2024-05-22,False,1716336000
TXN_8316905,CUST_09,Patisserie,Item_15_PAT,26.0,2.0,52.0,Digital Wallet,Online,2024-08-27,True,1724716800
TXN_7733378,CUST_10,Computers and electric accessories,Item_19_CEA,32.0,9.0,288.0,Credit Card,In-store,2024-04-04,False,1712188800
TXN_5156689,CUST_04,Computers and electric accessories,Item_5_CEA,11.0,8.0,88.0,Digital Wallet,Online,2023-01-31,False,1675123200
TXN_1073711,CUST_24,Furniture,Item_2_FUR,6.5,6.0,39.0,Digital Wallet,In-store,2024-01-02,True,1704153600
TXN_8888063,CUST_10,Patisserie,Item_23_PAT,38.0,8.0,304.0,Cash,In-store,2024-02-22,True,1708560000
TXN_5804265,CUST_11,Computers and electric accessories,Item_20_CEA,33.5,2.0,67.0,Digital Wallet,Online,2025-01-18,True,1737158400
TXN_1806496,CUST_23,Furniture,Item_15_FUR,26.0,8.0,208.0,Digital Wallet,Online,2024-05-09,False,1715212800
TXN_1862964,CUST_01,Computers and electric accessories,Item_16_CEA,27.5,3.0,82.5,Cash,In-store,2023-02-23,False,1677110400
TXN_4062280,CUST_01,Computers and electric accessories,Item_22_CEA,36.5,6.0,219.0,Digital Wallet,In-store,2023-06-16,True,1686873600
TXN_5701600,CUST_18,Computers and electric accessories,Item_1_CEA,5.0,5.0,25.0,Credit Card,In-store,2022-06-01,True,1654041600
TXN_2261622,CUST_02,Beverages,Item_11_BEV,20.0,9.0,180.0,Cash,In-store,2022-09-27,True,1664236800
TXN_9333110,CUST_15,Computers and electric accessories,Item_5_CEA,11.0,2.0,22.0,Cash,In-store,2024-07-03,False,1719964800
TXN_1181808,CUST_23,Furniture,Item_7_FUR,14.0,4.0,56.0,Cash,Online,2023-09-21,True,1695254400
TXN_7761566,CUST_10,Food,Item_12_FOOD,21.5,2.0,43.0,Cash,In-store,2022-04-19,False,1650326400
TXN_7439699,CUST_05,Patisserie,Item_11_PAT,20.0,2.0,40.0,Cash,Online,2023-11-01,True,1698796800
TXN_8964634,CUST_02,Food,Item_21_FOOD,35.0,5.0,175.0,Cash,In-store,2022-10-22,False,1666396800
TXN_3125291,CUST_14,Computers and electric accessories,Item_5_CEA,11.0,9.0,99.0,Credit Card,Online,2023-11-01,False,1698796800
TXN_8666705,CUST_06,Food,Item_20_FOOD,33.5,3.0,100.5,Credit Card,Online,2023-03-02,True,1677715200
TXN_4886619,CUST_16,Patisserie,Item_14_PAT,24.5,8.0,196.0,Credit Card,In-store,2023-05-23,True,1684800000
TXN_9641889,CUST_03,Patisserie,Item_17_PAT,29.0,3.0,87.0,Credit Card,Online,2022-10-17,True,1665964800
TXN_5445578,CUST_11,Furniture,Item_2_FUR,6.5,8.0,52.0,Credit Card,In-store,2023-04-11,True,1681171200
TXN_6989369,CUST_12,Electric household essentials,Item_19_EHE,32.0,2.0,64.0,Digital Wallet,In-store,2022-04-16,False,1650067200
TXN_3096751,CUST_20,Butchers,Item_25_BUT,41.0,3.0,123.0,Credit Card,In-store,2023-03-09,True,1678320000
TXN_9698787,CUST_09,Beverages,Item_4_BEV,9.5,3.0,28.5,Cash,Online,2024-11-13,False,1731456000
TXN_2031274,CUST_05,Electric household essentials,Item_20_EHE,33.5,7.0,234.5,Digital Wallet,In-store,2023-07-12,True,1689120000
TXN_1178538,CUST_22,Milk Products,Item_6_MILK,12.5,8.0,100.0,Digital Wallet,Online,2022-06-08,False,1654646400
TXN_9312548,CUST_11,Computers and electric accessories,Item_15_CEA,26.0,4.0,104.0,Credit Card,In-store,2022-01-28,False,1643328000
TXN_4636705,CUST_16,Milk Products,Item_4_MILK,9.5,5.0,47.5,Cash,Online,2023-03-13,False,1678665600
TXN_3574025,CUST_18,Milk Products,Item_1_MILK,5.0,8.0,40.0,Cash,In-store,2024-10-06,False,1728172800
TXN_5577538,CUST_08,Food,Item_14_FOOD,24.5,8.0,196.0,Credit Card,Online,2023-01-28,True,1674864000
TXN_8887105,CUST_15,Electric household essentials,Item_2_EHE,6.5,9.0,58.5,Digital Wallet,Online,2024-11-14,False,1731542400
TXN_9290887,CUST_21,Milk Products,Item_11_MILK,20.0,1.0,20.0,Digital Wallet,In-store,2023-04-13,False,1681344000
TXN_9740238,CUST_20,Computers and electric accessories,Item_7_CEA,14.0,7.0,98.0,Cash,In-store,2022-01-14,False,1642118400
TXN_8393896,CUST_06,Computers and electric accessories,Item_15_CEA,26.0,8.0,208.0,Cash,In-store,2022-05-26,False,1653523200
TXN_2883620,CUST_01,Butchers,Item_16_BUT,27.5,5.0,137.5,Cash,In-store,2022-08-03,False,1659484800
TXN_6764729,CUST_24,Butchers,Item_6_BUT,12.5,9.0,112.5,Credit Card,In-store,2022-03-08,True,1646697600
TXN_3843142,CUST_09,Furniture,Item_5_FUR,11.0,5.0,55.0,Digital Wallet,In-store,2022-02-04,True,1643932800
TXN_1221943,CUST_12,Furniture,Item_10_FUR,18.5,10.0,185.0,Digital Wallet,Online,2024-10-02,False,1727827200
TXN_5782507,CUST_21,Milk Products,Item_16_MILK,27.5,3.0,82.5,Digital Wallet,In-store,2024-10-02,True,1727827200
TXN_5659774,CUST_25,Butchers,Item_1_BUT,5.0,10.0,50.0,Credit Card,In-store,2025-01-04,False,1735948800
TXN_2299437,CUST_10,Computers and electric accessories,Item_5_CEA,11.0,10.0,110.0,Credit Card,In-store,2023-12-16,True,1702684800
TXN_8242300,CUST_16,Furniture,Item_4_FUR,9.5,7.0,66.5,Cash,Online,2022-01-10,False,1641772800
TXN_8355945,CUST_24,Computers and electric accessories,Item_12_CEA,21.5,6.0,129.0,Cash,Online,2024-03-10,True,1710028800
TXN_1266935,CUST_05,Computers and electric accessories,Item_19_CEA,32.0,1.0,32.0,Cash,Online,2023-10-26,False,1698278400
TXN_4634440,CUST_18,Patisserie,Item_9_PAT,17.0,8.0,136.0,Credit Card,In-store,2023-03-03,False,1677801600
TXN_7841888,CUST_25,Food,Item_4_FOOD,9.5,5.0,47.5,Credit Card,In-store,2023-06-01,True,1685577600
TXN_8332438,CUST_12,Butchers,Item_3_BUT,8.0,2.0,16.0,Credit Card,Online,2024-04-19,True,1713484800
TXN_2897744,CUST_07,Butchers,Item_13_BUT,23.0,9.0,207.0,Credit Card,In-store,2022-12-30,True,1672358400
TXN_6909418,CUST_08,Electric household essentials,Item_23_EHE,38.0,1.0,38.0,Credit Card,In-store,2024-11-11,True,1731283200
TXN_7688827,CUST_18,Electric household essentials,Item_19_EHE,32.0,3.0,96.0,Credit Card,In-store,2023-01-15,False,1673740800
TXN_2756377,CUST_15,Food,Item_25_FOOD,41.0,7.0,287.0,Cash,In-store,2024-06-26,False,1719360000
TXN_4976644,CUST_16,Beverages,Item_1_BEV,5.0,5.0,25.0,Digital Wallet,In-store,2023-02-17,True,1676592000
TXN_4327045,CUST_08,Electric household essentials,Item_25_EHE,41.0,9.0,369.0,Cash,Online,2024-08-11,False,1723334400
TXN_4923784,CUST_16,Patisserie,Item_11_PAT,20.0,9.0,180.0,Credit Card,In-store,2022-09-20,True,1663632000
TXN_6366734,CUST_17,Food,Item_18_FOOD,30.5,4.0,122.0,Digital Wallet,In-store,2024-04-29,False,1714348800
TXN_2866599,CUST_14,Food,Item_21_FOOD,35.0,9.0,315.0,Credit Card,In-store,2023-10-13,True,1697155200
TXN_9180837,CUST_24,Milk Products,Item_7_MILK,14.0,3.0,42.0,Digital Wallet,In-store,2025-01-06,False,1736121600
TXN_4251687,CUST_25,Computers and electric accessories,Item_6_CEA,12.5,7.0,87.5,Cash,In-store,2022-07-19,False,1658188800
TXN_2582569,CUST_13,Furniture,Item_20_FUR,33.5,3.0,100.5,Cash,In-store,2022-06-24,False,1656028800
TXN_3829639,CUST_20,Furniture,Item_5_FUR,11.0,2.0,22.0,Digital Wallet,In-store,2022-03-29,False,1648512000
TXN_5639217,CUST_16,Computers and electric accessories,Item_23_CEA,38.0,2.0,76.0,Credit Card,In-store,2022-07-05,False,1656979200
TXN_7034182,CUST_04,Beverages,Item_17_BEV,29.0,4.0,116.0,Cash,In-store,2022-05-09,False,1652054400
TXN_5867303,CUST_08,Milk Products,Item_16_MILK,27.5,1.0,27.5,Credit Card,Online,2024-08-27,True,1724716800
TXN_9644977,CUST_17,Butchers,Item_8_BUT,15.5,8.0,124.0,Credit Card,In-store,2022-02-18,False,1645142400
TXN_6008262,CUST_11,Furniture,Item_6_FUR,12.5,2.0,25.0,Credit Card,In-store,2022-11-24,False,1669248000
TXN_1654267,CUST_03,Milk Products,Item_25_MILK,41.0,10.0,410.0,Cash,Online,2024-03-23,False,1711152000
TXN_6118838,CUST_14,Beverages,Item_7_BEV,14.0,7.0,98.0,Digital Wallet,Online,2022-09-28,False,1664323200
TXN_3515984,CUST_22,Milk Products,Item_2_MILK,6.5,8.0,52.0,Credit Card,In-store,2022-10-02,False,1664668800
TXN_5621708,CUST_04,Butchers,Item_16_BUT,27.5,2.0,55.0,Digital Wallet,Online,2023-11-29,False,1701216000
TXN_6161257,CUST_02,Milk Products,Item_11_MILK,20.0,4.0,80.0,Digital Wallet,Online,2024-03-16,False,1710547200
TXN_8741691,CUST_19,Beverages,Item_2_BEV,6.5,1.0,6.5,Digital Wallet,Online,2024-05-24,False,1716508800
TXN_3841423,CUST_22,Food,Item_10_FOOD,18.5,4.0,74.0,Cash,Online,2023-07-03,True,1688342400
TXN_4989586,CUST_01,Food,Item_25_FOOD,41.0,2.0,82.0,Cash,Online,2023-02-24,True,1677196800
TXN_9504371,CUST_22,Butchers,Item_1_BUT,5.0,3.0,15.0,Credit Card,Online,2024-06-14,False,1718323200
TXN_9825203,CUST_20,Furniture,Item_15_FUR,26.0,3.0,78.0,Digital Wallet,In-store,2023-04-16,False,1681603200
TXN_3427189,CUST_09,Food,Item_14_FOOD,24.5,9.0,220.5,Cash,In-store,2024-04-10,True,1712707200
TXN_6798539,CUST_23,Beverages,Item_24_BEV,39.5,9.0,355.5,Cash,Online,2024-06-01,True,1717200000
TXN_6310599,CUST_04,Electric household essentials,Item_16_EHE,27.5,6.0,165.0,Cash,Online,2024-09-22,False,1726963200
TXN_8470431,CUST_15,Patisserie,Item_5_PAT,11.0,9.0,99.0,Credit Card,In-store,2023-08-19,True,1692403200
TXN_8787072,CUST_25,Beverages,Item_7_BEV,14.0,9.0,126.0,Credit Card,Online,2024-08-14,True,1723593600
TXN_9183177,CUST_24,Beverages,Item_8_BEV,15.5,5.0,77.5,Cash,In-store,2024-07-09,True,1720483200
TXN_8223363,CUST_03,Furniture,Item_12_FUR,21.5,10.0,215.0,Cash,In-store,2022-08-01,False,1659312000
TXN_1408645,CUST_18,Beverages,Item_8_BEV,15.5,5.0,77.5,Cash,In-store,2024-07-19,True,1721347200
TXN_9460439,CUST_09,Butchers,Item_18_BUT,30.5,5.0,152.5,Cash,Online,2022-04-26,False,1650931200
TXN_8650516,CUST_17,Furniture,Item_25_FUR,41.0,8.0,328.0,Digital Wallet,In-store,2023-06-22,True,1687392000
TXN_7652286,CUST_17,Beverages,Item_15_BEV,26.0,5.0,130.0,Cash,Online,2023-09-10,False,1694304000
TXN_2664086,CUST_15,Electric household essentials,Item_7_EHE,14.0,5.0,70.0,Credit Card,Online,2022-04-30,True,1651276800
TXN_4501999,CUST_10,Beverages,Item_23_BEV,38.0,5.0,190.0,Cash,In-store,2024-05-12,False,1715472000
TXN_1366514,CUST_18,Patisserie,Item_20_PAT,33.5,3.0,100.5,Digital Wallet,In-store,2024-06-21,True,1718928000
TXN_3460796,CUST_17,Milk Products,Item_17_MILK,29.0,5.0,145.0,Digital Wallet,Online,2022-03-22,True,1647907200
TXN_7356793,CUST_18,Beverages,Item_17_BEV,29.0,3.0,87.0,Credit Card,In-store,2022-01-20,False,1642636800
TXN_3651170,CUST_25,Patisserie,Item_7_PAT,14.0,3.0,42.0,Digital Wallet,In-store,2022-06-21,True,1655769600
TXN_9016705,CUST_25,Patisserie,Item_6_PAT,12.5,5.0,62.5,Digital Wallet,In-store,2022-10-24,True,1666569600
TXN_8370135,CUST_25,Electric household essentials,Item_13_EHE,23.0,4.0,92.0,Credit Card,Online,2024-01-30,False,1706572800
TXN_3758485,CUST_04,Electric household essentials,Item_5_EHE,11.0,2.0,22.0,Credit Card,In-store,2024-10-26,True,1729900800
TXN_4743265,CUST_14,Milk Products,Item_6_MILK,12.5,6.0,75.0,Cash,Online,2022-11-17,True,1668643200
TXN_5225733,CUST_02,Patisserie,Item_8_PAT,15.5,8.0,124.0,Cash,Online,2023-04-08,True,1680912000
TXN_4955403,CUST_21,Electric household essentials,Item_20_EHE,33.5,6.0,201.0,Cash,In-store,2023-01-05,False,1672876800
TXN_6910697,CUST_05,Milk Products,Item_3_MILK,8.0,3.0,24.0,Credit Card,In-store,2022-04-01,False,1648771200
TXN_7006360,CUST_09,Beverages,Item_14_BEV,24.5,5.0,122.5,Credit Card,Online,2022-04-17,True,1650153600
TXN_8257770,CUST_15,Butchers,Item_19_BUT,32.0,4.0,128.0,Credit Card,Online,2024-09-20,False,1726790400
TXN_4675937,CUST_06,Milk Products,Item_3_MILK,8.0,8.0,64.0,Cash,In-store,2024-11-16,False,1731715200
TXN_3144117,CUST_12,Food,Item_10_FOOD,18.5,6.0,111.0,Credit Card,Online,2023-02-24,False,1677196800
TXN_1370678,CUST_17,Butchers,Item_3_BUT,8.0,5.0,40.0,Cash,Online,2023-02-14,False,1676332800
TXN_3478143,CUST_08,Patisserie,Item_20_PAT,33.5,9.0,301.5,Cash,Online,2022-08-12,False,1660262400
TXN_1446635,CUST_01,Furniture,Item_23_FUR,38.0,1.0,38.0,Digital Wallet,Online,2023-02-09,True,1675900800
TXN_4347787,CUST_15,Electric household essentials,Item_21_EHE,35.0,3.0,105.0,Digital Wallet,Online,2022-12-09,True,1670544000
TXN_7592178,CUST_13,Furniture,Item_5_FUR,11.0,9.0,99.0,Cash,Online,2022-08-19,True,1660867200
TXN_1245154,CUST_13,Furniture,Item_1_FUR,5.0,2.0,10.0,Cash,In-store,2024-12-09,True,1733702400
TXN_6636511,CUST_06,Computers and electric accessories,Item_20_CEA,33.5,6.0,201.0,Cash,In-store,2024-04-23,True,1713830400
TXN_4004492,CUST_03,Milk Products,Item_2_MILK,6.5,2.0,13.0,Digital Wallet,In-store,2025-01-15,True,1736899200
TXN_9995715,CUST_11,Computers and electric accessories,Item_8_CEA,15.5,8.0,124.0,Cash,Online,2022-01-20,True,1642636800
TXN_8145370,CUST_12,Butchers,Item_16_BUT,27.5,10.0,275.0,Cash,In-store,2022-12-13,True,1670889600
TXN_3924468,CUST_10,Milk Products,Item_11_MILK,20.0,3.0,60.0,Cash,Online,2024-09-21,False,1726876800
TXN_1428733,CUST_08,Milk Products,Item_22_MILK,36.5,10.0,365.0,Cash,In-store,2024-08-21,True,1724198400
TXN_6293942,CUST_13,Beverages,Item_8_BEV,15.5,3.0,46.5,Digital Wallet,In-store,2022-04-05,False,1649116800
TXN_9705595,CUST_11,Patisserie,Item_19_PAT,32.0,10.0,320.0,Cash,In-store,2022-01-15,True,1642204800
TXN_2023468,CUST_07,Electric household essentials,Item_15_EHE,26.0,2.0,52.0,Cash,In-store,2022-08-15,True,1660521600
TXN_7366186,CUST_19,Beverages,Item_12_BEV,21.5,2.0,43.0,Cash,In-store,2023-07-14,False,1689292800
TXN_5958952,CUST_22,Milk Products,Item_22_MILK,36.5,10.0,365.0,Credit Card,In-store,2022-07-07,False,1657152000
TXN_8032133,CUST_03,Butchers,Item_23_BUT,38.0,1.0,38.0,Cash,Online,2024-05-05,True,1714867200
TXN_2202231,CUST_05,Electric household essentials,Item_8_EHE,15.5,1.0,15.5,Credit Card,Online,2024-03-19,False,1710806400
TXN_7694552,CUST_20,Furniture,Item_23_FUR,38.0,9.0,342.0,Credit Card,In-store,2024-05-01,False,1714521600
TXN_6474835,CUST_19,Butchers,Item_6_BUT,12.5,10.0,125.0,Cash,Online,2024-07-26,True,1721952000
TXN_9263121,CUST_20,Food,Item_18_FOOD,30.5,7.0,213.5,Credit Card,In-store,2024-10-07,False,1728259200
TXN_2417746,CUST_11,Milk Products,Item_11_MILK,20.0,5.0,100.0,Digital Wallet,Online,2023-10-29,True,1698537600
TXN_4011164,CUST_08,Food,Item_20_FOOD,33.5,2.0,67.0,Credit Card,In-store,2022-10-13,False,1665619200
TXN_5289749,CUST_18,Beverages,Item_7_BEV,14.0,4.0,56.0,Digital Wallet,In-store,2023-04-02,True,1680393600
TXN_9896688,CUST_12,Furniture,Item_21_FUR,35.0,10.0,350.0,Cash,Online,2022-01-29,True,1643414400
TXN_8036462,CUST_23,Computers and electric accessories,Item_11_CEA,20.0,7.0,140.0,Credit Card,Online,2022-11-17,False,1668643200
TXN_7614413,CUST_12,Computers and electric accessories,Item_14_CEA,24.5,8.0,196.0,Credit Card,In-store,2022-05-17,False,1652745600
TXN_1321193,CUST_01,Milk Products,Item_19_MILK,32.0,5.0,160.0,Cash,Online,2022-03-17,True,1647475200
TXN_5404376,CUST_02,Furniture,Item_11_FUR,20.0,4.0,80.0,Credit Card,Online,2024-01-22,False,1705881600
TXN_5630495,CUST_12,Patisserie,Item_15_PAT,26.0,8.0,208.0,Credit Card,Online,2023-01-09,True,1673222400
TXN_3961088,CUST_04,Furniture,Item_9_FUR,17.0,2.0,34.0,Digital Wallet,In-store,2023-03-23,True,1679529600
TXN_8928987,CUST_16,Computers and electric accessories,Item_6_CEA,12.5,6.0,75.0,Cash,Online,2022-03-01,True,1646092800
TXN_6204154,CUST_18,Electric household essentials,Item_19_EHE,32.0,10.0,320.0,Digital Wallet,In-store,2022-03-05,True,1646438400
TXN_8111132,CUST_12,Patisserie,Item_12_PAT,21.5,4.0,86.0,Digital Wallet,Online,2022-06-16,True,1655337600
TXN_6659981,CUST_17,Beverages,Item_9_BEV,17.0,9.0,153.0,Credit Card,Online,2023-06-19,True,1687132800
TXN_6087492,CUST_24,Patisserie,Item_1_PAT,5.0,3.0,15.0,Credit Card,In-store,2023-12-14,True,1702512000
TXN_4865362,CUST_18,Butchers,Item_2_BUT,6.5,5.0,32.5,Credit Card,Online,2022-01-30,True,1643500800
TXN_2828079,CUST_24,Food,Item_25_FOOD,41.0,7.0,287.0,Cash,In-store,2023-01-05,True,1672876800
TXN_9413455,CUST_21,Butchers,Item_23_BUT,38.0,9.0,342.0,Credit Card,In-store,2023-03-26,True,1679788800
TXN_7856927,CUST_10,Patisserie,Item_6_PAT,12.5,6.0,75.0,Digital Wallet,Online,2022-02-19,True,1645228800
TXN_1175726,CUST_01,Milk Products,Item_11_MILK,20.0,2.0,40.0,Digital Wallet,Online,2024-07-08,False,1720396800
TXN_1929355,CUST_14,Patisserie,Item_23_PAT,38.0,5.0,190.0,Cash,Online,2024-10-22,False,1729555200
TXN_3915802,CUST_04,Electric household essentials,Item_23_EHE,38.0,2.0,76.0,Cash,Online,2023-01-12,True,1673481600
TXN_4380075,CUST_25,Furniture,Item_16_FUR,27.5,10.0,275.0,Cash,Online,2023-07-17,True,1689552000
TXN_6002055,CUST_16,Milk Products,Item_9_MILK,17.0,1.0,17.0,Digital Wallet,In-store,2022-03-20,True,1647734400
TXN_6330122,CUST_10,Butchers,Item_12_BUT,21.5,9.0,193.5,Cash,Online,2022-01-20,False,1642636800
TXN_4515512,CUST_11,Electric household essentials,Item_20_EHE,33.5,5.0,167.5,Credit Card,Online,2024-09-25,False,1727222400
TXN_3513914,CUST_20,Computers and electric accessories,Item_12_CEA,21.5,6.0,129.0,Digital Wallet,Online,2025-01-11,False,1736553600
TXN_4703736,CUST_16,Milk Products,Item_8_MILK,15.5,4.0,62.0,Digital Wallet,Online,2023-05-27,False,1685145600
TXN_4683473,CUST_10,Patisserie,Item_15_PAT,26.0,9.0,234.0,Credit Card,Online,2023-04-08,False,1680912000
TXN_7283902,CUST_23,Beverages,Item_21_BEV,35.0,5.0,175.0,Cash,In-store,2024-06-28,False,1719532800
TXN_3968072,CUST_07,Patisserie,Item_12_PAT,21.5,6.0,129.0,Cash,Online,2024-11-19,False,1731974400
TXN_9571910,CUST_07,Electric household essentials,Item_8_EHE,15.5,6.0,93.0,Cash,In-store,2023-10-24,True,1698105600
TXN_5744845,CUST_18,Milk Products,Item_6_MILK,12.5,3.0,37.5,Credit Card,In-store,2024-11-14,False,1731542400
TXN_4691472,CUST_07,Computers and electric accessories,Item_20_CEA,33.5,10.0,335.0,Digital Wallet,Online,2022-07-23,True,1658534400
TXN_9896775,CUST_10,Food,Item_3_FOOD,8.0,3.0,24.0,Cash,Online,2022-08-16,False,1660608000
TXN_9696593,CUST_02,Beverages,Item_2_BEV,6.5,4.0,26.0,Cash,Online,2022-03-22,True,1647907200
TXN_1157208,CUST_04,Butchers,Item_25_BUT,41.0,5.0,205.0,Cash,Online,2022-07-07,False,1657152000
TXN_5520149,CUST_13,Patisserie,Item_4_PAT,9.5,7.0,66.5,Digital Wallet,Online,2023-12-18,True,1702857600
TXN_1045345,CUST_24,Electric household essentials,Item_4_EHE,9.5,4.0,38.0,Credit Card,Online,2023-12-18,False,1702857600
TXN_8294650,CUST_08,Computers and electric accessories,Item_13_CEA,23.0,8.0,184.0,Cash,Online,2023-11-18,False,1700265600
TXN_7179907,CUST_22,Food,Item_14_FOOD,24.5,10.0,245.0,Cash,Online,2022-07-23,False,1658534400
TXN_9587085,CUST_15,Furniture,Item_1_FUR,5.0,5.0,25.0,Cash,In-store,2023-12-01,True,1701388800
TXN_3106778,CUST_17,Food,Item_15_FOOD,26.0,1.0,26.0,Credit Card,In-store,2024-09-06,True,1725580800
TXN_1334624,CUST_19,Patisserie,Item_12_PAT,21.5,2.0,43.0,Cash,Online,2022-05-21,False,1653091200
TXN_1403662,CUST_13,Food,Item_20_FOOD,33.5,8.0,268.0,Cash,In-store,2024-11-16,False,1731715200
TXN_5962064,CUST_21,Food,Item_2_FOOD,6.5,1.0,6.5,Digital Wallet,In-store,2022-11-08,False,1667865600
TXN_9167311,CUST_01,Computers and electric accessories,Item_5_CEA,11.0,4.0,44.0,Cash,In-store,2024-10-03,False,1727913600
TXN_3225013,CUST_13,Butchers,Item_2_BUT,6.5,6.0,39.0,Digital Wallet,In-store,2023-07-10,True,1688947200
TXN_9120971,CUST_08,Butchers,Item_6_BUT,12.5,9.0,112.5,Cash,In-store,2022-07-25,True,1658707200
TXN_5501865,CUST_21,Beverages,Item_10_BEV,18.5,10.0,185.0,Digital Wallet,In-store,2022-02-20,False,1645315200
TXN_4699940,CUST_17,Electric household essentials,Item_25_EHE,41.0,4.0,164.0,Cash,In-store,2022-01-19,True,1642550400
TXN_1674512,CUST_21,Electric household essentials,Item_23_EHE,38.0,1.0,38.0,Cash,Online,2024-01-04,True,1704326400
TXN_8628417,CUST_09,Furniture,Item_4_FUR,9.5,5.0,47.5,Digital Wallet,In-store,2022-10-09,True,1665273600
TXN_8105362,CUST_15,Furniture,Item_25_FUR,41.0,9.0,369.0,Digital Wallet,Online,2022-06-05,True,1654387200
TXN_7636962,CUST_07,Patisserie,Item_20_PAT,33.5,9.0,301.5,Credit Card,Online,2022-08-24,False,1661299200
TXN_8596178,CUST_04,Furniture,Item_8_FUR,15.5,2.0,31.0,Digital Wallet,In-store,2022-10-25,True,1666656000
TXN_3480896,CUST_11,Beverages,Item_17_BEV,29.0,4.0,116.0,Digital Wallet,Online,2024-09-17,True,1726531200
TXN_8155856,CUST_02,Furniture,Item_20_FUR,33.5,8.0,268.0,Cash,Online,2024-11-20,False,1732060800
TXN_5138320,CUST_21,Butchers,Item_19_BUT,32.0,8.0,256.0,Credit Card,In-store,2024-08-19,False,1724025600
TXN_8291928,CUST_02,Food,Item_9_FOOD,17.0,10.0,170.0,Credit Card,In-store,2024-09-18,False,1726617600
TXN_2578245,CUST_22,Electric household essentials,Item_22_EHE,36.5,6.0,219.0,Cash,In-store,2022-09-05,True,1662336000
TXN_8552795,CUST_06,Beverages,Item_25_BEV,41.0,6.0,246.0,Digital Wallet,Online,2022-02-21,True,1645401600
TXN_1701594,CUST_01,Milk Products,Item_6_MILK,12.5,6.0,75.0,Credit Card,Online,2022-01-15,True,1642204800
TXN_9301691,CUST_12,Furniture,Item_23_FUR,38.0,4.0,152.0,Cash,Online,2023-04-29,False,1682726400
TXN_7051038,CUST_25,Patisserie,Item_18_PAT,30.5,4.0,122.0,Cash,In-store,2023-01-19,False,1674086400
TXN_5452486,CUST_13,Electric household essentials,Item_23_EHE,38.0,2.0,76.0,Credit Card,In-store,2023-10-22,True,1697932800
TXN_6871367,CUST_08,Electric household essentials,Item_6_EHE,12.5,3.0,37.5,Cash,Online,2023-09-02,False,1693612800
TXN_5532395,CUST_21,Food,Item_14_FOOD,24.5,7.0,171.5,Cash,Online,2024-12-21,False,1734739200
TXN_8750639,CUST_21,Computers and electric accessories,Item_2_CEA,6.5,10.0,65.0,Credit Card,Online,2024-06-14,False,1718323200
TXN_3639113,CUST_12,Electric household essentials,Item_10_EHE,18.5,1.0,18.5,Digital Wallet,Online,2023-04-19,True,1681862400
TXN_2496499,CUST_06,Patisserie,Item_3_PAT,8.0,2.0,16.0,Credit Card,In-store,2023-12-25,True,1703462400
TXN_9261462,CUST_16,Patisserie,Item_24_PAT,39.5,6.0,237.0,Credit Card,In-store,2022-02-01,False,1643673600
TXN_3845008,CUST_16,Electric household essentials,Item_20_EHE,33.5,3.0,100.5,Cash,Online,2024-06-05,False,1717545600
TXN_4852804,CUST_02,Electric household essentials,Item_25_EHE,41.0,8.0,328.0,Credit Card,Online,2022-04-15,True,1649980800
TXN_9861694,CUST_10,Beverages,Item_20_BEV,33.5,2.0,67.0,Digital Wallet,In-store,2023-08-01,False,1690848000
TXN_5651502,CUST_05,Milk Products,Item_13_MILK,23.0,6.0,138.0,Cash,In-store,2024-04-20,True,1713571200
TXN_4611340,CUST_21,Furniture,Item_12_FUR,21.5,1.0,21.5,Cash,In-store,2023-06-08,True,1686182400
TXN_2619807,CUST_21,Butchers,Item_13_BUT,23.0,8.0,184.0,Cash,In-store,2024-03-21,True,1710979200
TXN_7472702,CUST_08,Food,Item_3_FOOD,8.0,6.0,48.0,Cash,Online,2024-07-14,True,1720915200
TXN_5486882,CUST_01,Milk Products,Item_19_MILK,32.0,7.0,224.0,Cash,In-store,2022-05-06,False,1651795200
TXN_6932205,CUST_07,Computers and electric accessories,Item_14_CEA,24.5,6.0,147.0,Credit Card,Online,2022-03-15,False,1647302400
TXN_7898832,CUST_13,Milk Products,Item_17_MILK,29.0,6.0,174.0,Cash,Online,2022-01-04,True,1641254400
TXN_7194488,CUST_13,Butchers,Item_21_BUT,35.0,1.0,35.0,Credit Card,In-store,2023-05-13,True,1683936000
TXN_5465898,CUST_14,Computers and electric accessories,Item_8_CEA,15.5,9.0,139.5,Cash,Online,2024-12-26,False,1735171200
TXN_8878406,CUST_12,Patisserie,Item_17_PAT,29.0,9.0,261.0,Digital Wallet,Online,2022-12-18,True,1671321600
TXN_8890901,CUST_17,Furniture,Item_2_FUR,6.5,6.0,39.0,Credit Card,Online,2023-09-07,True,1694044800
TXN_1440274,CUST_01,Furniture,Item_20_FUR,33.5,6.0,201.0,Digital Wallet,In-store,2023-11-24,False,1700784000
TXN_4721081,CUST_22,Beverages,Item_12_BEV,21.5,6.0,129.0,Cash,In-store,2024-01-08,False,1704672000
TXN_5387960,CUST_13,Patisserie,Item_8_PAT,15.5,6.0,93.0,Digital Wallet,Online,2022-04-26,True,1650931200
TXN_1230793,CUST_10,Computers and electric accessories,Item_7_CEA,14.0,4.0,56.0,Credit Card,In-store,2024-06-28,False,1719532800
TXN_7689893,CUST_10,Butchers,Item_7_BUT,14.0,4.0,56.0,Digital Wallet,In-store,2022-03-08,False,1646697600
TXN_8771271,CUST_15,Computers and electric accessories,Item_19_CEA,32.0,8.0,256.0,Credit Card,Online,2023-01-26,False,1674691200
TXN_7119526,CUST_06,Beverages,Item_16_BEV,27.5,10.0,275.0,Credit Card,Online,2024-11-15,True,1731628800
TXN_8866842,CUST_11,Computers and electric accessories,Item_14_CEA,24.5,10.0,245.0,Cash,In-store,2023-04-01,True,1680307200
TXN_1742095,CUST_13,Patisserie,Item_13_PAT,23.0,5.0,115.0,Credit Card,Online,2024-08-22,True,1724284800
TXN_7866322,CUST_20,Beverages,Item_9_BEV,17.0,9.0,153.0,Cash,Online,2022-09-11,True,1662854400
TXN_1738985,CUST_22,Food,Item_5_FOOD,11.0,5.0,55.0,Cash,In-store,2022-01-14,True,1642118400
TXN_8738852,CUST_22,Beverages,Item_8_BEV,15.5,8.0,124.0,Digital Wallet,In-store,2022-03-30,True,1648598400
TXN_6657037,CUST_08,Food,Item_20_FOOD,33.5,2.0,67.0,Cash,Online,2022-04-14,True,1649894400
TXN_4249164,CUST_09,Electric household essentials,Item_2_EHE,6.5,8.0,52.0,Digital Wallet,In-store,2024-06-07,False,1717718400
TXN_5557970,CUST_11,Food,Item_13_FOOD,23.0,10.0,230.0,Cash,Online,2024-08-16,False,1723766400
TXN_8501609,CUST_16,Milk Products,Item_22_MILK,36.5,9.0,328.5,Credit Card,Online,2022-11-29,True,1669680000
TXN_3471235,CUST_07,Food,Item_22_FOOD,36.5,6.0,219.0,Cash,In-store,2023-01-26,False,1674691200
TXN_4430201,CUST_25,Furniture,Item_12_FUR,21.5,4.0,86.0,Credit Card,In-store,2023-11-03,True,1698969600
TXN_9938453,CUST_21,Butchers,Item_8_BUT,15.5,4.0,62.0,Cash,Online,2022-09-09,False,1662681600
TXN_3455359,CUST_06,Patisserie,Item_14_PAT,24.5,10.0,245.0,Cash,Online,2023-10-01,False,1696118400
TXN_9017855,CUST_09,Milk Products,Item_4_MILK,9.5,6.0,57.0,Credit Card,Online,2023-09-10,False,1694304000
TXN_3935581,CUST_07,Food,Item_3_FOOD,8.0,10.0,80.0,Digital Wallet,In-store,2024-05-13,True,1715558400
TXN_3216677,CUST_17,Computers and electric accessories,Item_11_CEA,20.0,9.0,180.0,Credit Card,In-store,2022-06-21,True,1655769600
TXN_6968520,CUST_21,Electric household essentials,Item_20_EHE,33.5,7.0,234.5,Credit Card,Online,2024-01-27,True,1706313600
TXN_3774181,CUST_13,Furniture,Item_8_FUR,15.5,2.0,31.0,Digital Wallet,In-store,2022-05-01,False,1651363200
TXN_3394209,CUST_07,Furniture,Item_8_FUR,15.5,3.0,46.5,Digital Wallet,Online,2024-07-09,True,1720483200
TXN_3422782,CUST_24,Computers and electric accessories,Item_5_CEA,11.0,1.0,11.0,Cash,In-store,2022-07-18,True,1658102400
TXN_5612604,CUST_03,Beverages,Item_7_BEV,14.0,5.0,70.0,Digital Wallet,Online,2024-08-23,False,1724371200
TXN_7186220,CUST_17,Furniture,Item_7_FUR,14.0,5.0,70.0,Cash,Online,2024-07-18,True,1721260800
TXN_9964258,CUST_23,Electric household essentials,Item_6_EHE,12.5,7.0,87.5,Digital Wallet,Online,2022-09-17,False,1663372800
TXN_6315393,CUST_04,Furniture,Item_15_FUR,26.0,9.0,234.0,Credit Card,In-store,2022-08-10,False,1660089600
TXN_5728893,CUST_23,Patisserie,Item_23_PAT,38.0,10.0,380.0,Cash,Online,2023-09-01,True,1693526400
TXN_4603497,CUST_04,Milk Products,Item_23_MILK,38.0,8.0,304.0,Digital Wallet,In-store,2022-10-28,False,1666915200
TXN_3088457,CUST_16,Patisserie,Item_11_PAT,20.0,8.0,160.0,Digital Wallet,In-store,2023-04-27,False,1682553600
TXN_4581110,CUST_25,Food,Item_22_FOOD,36.5,9.0,328.5,Digital Wallet,Online,2024-06-16,False,1718496000
TXN_2298172,CUST_23,Computers and electric accessories,Item_2_CEA,6.5,9.0,58.5,Credit Card,Online,2023-11-10,False,1699574400
TXN_8389190,CUST_12,Furniture,Item_4_FUR,9.5,10.0,95.0,Cash,In-store,2024-09-28,False,1727481600
TXN_1543500,CUST_20,Patisserie,Item_23_PAT,38.0,1.0,38.0,Credit Card,In-store,2022-10-17,True,1665964800
TXN_8921373,CUST_23,Butchers,Item_21_BUT,35.0,9.0,315.0,Digital Wallet,Online,2022-08-24,True,1661299200
TXN_6614992,CUST_21,Furniture,Item_16_FUR,27.5,6.0,165.0,Cash,Online,2023-12-20,False,1703030400
TXN_8540228,CUST_11,Patisserie,Item_13_PAT,23.0,4.0,92.0,Digital Wallet,In-store,2024-05-12,False,1715472000
TXN_2956326,CUST_09,Computers and electric accessories,Item_7_CEA,14.0,7.0,98.0,Cash,In-store,2024-03-25,False,1711324800
TXN_7622517,CUST_02,Electric household essentials,Item_8_EHE,15.5,1.0,15.5,Credit Card,In-store,2022-04-15,True,1649980800
TXN_4452945,CUST_13,Electric household essentials,Item_13_EHE,23.0,7.0,161.0,Digital Wallet,Online,2024-11-20,False,1732060800
TXN_8929732,CUST_17,Furniture,Item_5_FUR,11.0,9.0,99.0,Credit Card,In-store,2022-05-30,False,1653868800
TXN_7872818,CUST_25,Patisserie,Item_8_PAT,15.5,8.0,124.0,Credit Card,In-store,2024-12-21,True,1734739200
TXN_4786065,CUST_16,Patisserie,Item_12_PAT,21.5,5.0,107.5,Credit Card,In-store,2023-10-24,False,1698105600
TXN_3794764,CUST_17,Butchers,Item_21_BUT,35.0,8.0,280.0,Credit Card,Online,2023-09-14,True,1694649600
TXN_7160397,CUST_21,Patisserie,Item_19_PAT,32.0,6.0,192.0,Cash,In-store,2024-01-23,True,1705968000
TXN_9344133,CUST_13,Beverages,Item_15_BEV,26.0,2.0,52.0,Cash,Online,2024-03-27,False,1711497600
TXN_5500210,CUST_14,Electric household essentials,Item_16_EHE,27.5,9.0,247.5,Credit Card,Online,2022-01-23,False,1642896000
TXN_6622369,CUST_04,Butchers,Item_5_BUT,11.0,7.0,77.0,Credit Card,Online,2023-10-08,False,1696723200
TXN_8746397,CUST_09,Milk Products,Item_11_MILK,20.0,3.0,60.0,Digital Wallet,Online,2022-11-14,True,1668384000
TXN_8332750,CUST_12,Computers and electric accessories,Item_12_CEA,21.5,1.0,21.5,Digital Wallet,In-store,2022-12-27,True,1672099200
TXN_3666421,CUST_10,Butchers,Item_6_BUT,12.5,4.0,50.0,Digital Wallet,In-store,2024-03-17,False,1710633600
TXN_8839212,CUST_22,Beverages,Item_23_BEV,38.0,3.0,114.0,Cash,Online,2023-01-10,True,1673308800
TXN_2561337,CUST_20,Furniture,Item_25_FUR,41.0,3.0,123.0,Credit Card,Online,2024-03-27,True,1711497600
TXN_1202968,CUST_11,Electric household essentials,Item_7_EHE,14.0,8.0,112.0,Digital Wallet,Online,2022-09-03,True,1662163200
TXN_3638356,CUST_08,Milk Products,Item_13_MILK,23.0,1.0,23.0,Cash,In-store,2022-05-10,False,1652140800
TXN_9102833,CUST_18,Beverages,Item_11_BEV,20.0,3.0,60.0,Cash,In-store,2024-05-08,True,1715126400
TXN_2885766,CUST_02,Patisserie,Item_15_PAT,26.0,5.0,130.0,Digital Wallet,Online,2022-04-28,False,1651104000
TXN_8974716,CUST_13,Milk Products,Item_6_MILK,12.5,9.0,112.5,Cash,Online,2024-09-29,False,1727568000
TXN_2168513,CUST_07,Furniture,Item_16_FUR,27.5,7.0,192.5,Digital Wallet,In-store,2025-01-04,False,1735948800
TXN_2603033,CUST_18,Milk Products,Item_16_MILK,27.5,7.0,192.5,Credit Card,Online,2022-11-01,False,1667260800
TXN_1535436,CUST_12,Computers and electric accessories,Item_25_CEA,41.0,8.0,328.0,Credit Card,In-store,2022-07-09,False,1657324800
TXN_3316842,CUST_03,Butchers,Item_3_BUT,8.0,9.0,72.0,Digital Wallet,Online,2022-06-27,False,1656288000
TXN_9558785,CUST_05,Furniture,Item_12_FUR,21.5,4.0,86.0,Cash,Online,2022-01-17,True,1642377600
TXN_2456641,CUST_15,Beverages,Item_25_BEV,41.0,2.0,82.0,Cash,Online,2022-05-04,False,1651622400
TXN_5828470,CUST_09,Butchers,Item_20_BUT,33.5,2.0,67.0,Credit Card,Online,2022-11-17,False,1668643200
TXN_7894785,CUST_24,Milk Products,Item_23_MILK,38.0,10.0,380.0,Credit Card,Online,2022-04-26,False,1650931200
TXN_4781872,CUST_22,Food,Item_6_FOOD,12.5,8.0,100.0,Digital Wallet,Online,2023-12-16,True,1702684800
TXN_1667308,CUST_04,Patisserie,Item_19_PAT,32.0,1.0,32.0,Cash,In-store,2024-12-26,True,1735171200
TXN_6162855,CUST_09,Electric household essentials,Item_21_EHE,35.0,2.0,70.0,Cash,Online,2023-06-29,True,1687996800
TXN_4551815,CUST_25,Computers and electric accessories,Item_10_CEA,18.5,10.0,185.0,Cash,Online,2024-01-19,True,1705622400
TXN_1967870,CUST_20,Food,Item_7_FOOD,14.0,8.0,112.0,Credit Card,In-store,2024-07-25,False,1721865600
TXN_9186802,CUST_11,Computers and electric accessories,Item_15_CEA,26.0,6.0,156.0,Credit Card,Online,2022-06-26,False,1656201600
TXN_6564279,CUST_25,Computers and electric accessories,Item_13_CEA,23.0,3.0,69.0,Credit Card,Online,2022-02-02,False,1643760000
TXN_9466601,CUST_01,Food,Item_20_FOOD,33.5,4.0,134.0,Cash,Online,2022-02-15,True,1644883200
TXN_1661883,CUST_04,Beverages,Item_17_BEV,29.0,9.0,261.0,Cash,In-store,2025-01-18,False,1737158400
TXN_8315216,CUST_16,Milk Products,Item_22_MILK,36.5,3.0,109.5,Digital Wallet,In-store,2024-08-25,False,1724544000
TXN_1407421,CUST_15,Electric household essentials,Item_8_EHE,15.5,1.0,15.5,Cash,In-store,2023-05-14,False,1684022400
TXN_1892062,CUST_25,Patisserie,Item_15_PAT,26.0,5.0,130.0,Digital Wallet,Online,2024-03-15,False,1710460800
TXN_3303658,CUST_13,Patisserie,Item_25_PAT,41.0,6.0,246.0,Cash,Online,2022-10-14,False,1665705600
TXN_2733999,CUST_09,Beverages,Item_10_BEV,18.5,2.0,37.0,Credit Card,Online,2022-10-23,False,1666483200
TXN_7297135,CUST_10,Beverages,Item_16_BEV,27.5,2.0,55.0,Credit Card,In-store,2024-08-06,False,1722902400
TXN_9509818,CUST_13,Furniture,Item_14_FUR,24.5,6.0,147.0,Digital Wallet,Online,2022-01-11,True,1641859200
TXN_5613119,CUST_24,Patisserie,Item_16_PAT,27.5,9.0,247.5,Credit Card,In-store,2024-02-07,True,1707264000
TXN_7718157,CUST_01,Butchers,Item_20_BUT,33.5,8.0,268.0,Cash,In-store,2023-07-12,False,1689120000
TXN_4005697,CUST_09,Electric household essentials,Item_22_EHE,36.5,1.0,36.5,Cash,In-store,2025-01-15,True,1736899200
TXN_3806405,CUST_04,Patisserie,Item_8_PAT,15.5,3.0,46.5,Cash,In-store,2024-03-08,False,1709856000
TXN_6229496,CUST_15,Patisserie,Item_25_PAT,41.0,7.0,287.0,Digital Wallet,In-store,2024-03-29,False,1711670400
TXN_8138219,CUST_04,Butchers,Item_11_BUT,20.0,6.0,120.0,Digital Wallet,Online,2022-06-03,False,1654214400
TXN_5270278,CUST_14,Milk Products,Item_8_MILK,15.5,2.0,31.0,Cash,Online,2022-02-13,True,1644710400
TXN_6780976,CUST_13,Computers and electric accessories,Item_25_CEA,41.0,1.0,41.0,Credit Card,In-store,2023-03-13,True,1678665600
TXN_9629011,CUST_06,Butchers,Item_22_BUT,36.5,9.0,328.5,Digital Wallet,In-store,2022-03-04,True,1646352000
TXN_4114361,CUST_15,Food,Item_25_FOOD,41.0,6.0,246.0,Cash,Online,2023-03-09,True,1678320000
TXN_9435614,CUST_11,Patisserie,Item_20_PAT,33.5,1.0,33.5,Credit Card,In-store,2024-03-03,True,1709424000
TXN_6280574,CUST_20,Milk Products,Item_22_MILK,36.5,2.0,73.0,Digital Wallet,Online,2022-03-12,True,1647043200
TXN_7691237,CUST_01,Electric household essentials,Item_11_EHE,20.0,4.0,80.0,Cash,In-store,2025-01-12,False,1736640000
TXN_2519908,CUST_17,Electric household essentials,Item_19_EHE,32.0,3.0,96.0,Digital Wallet,In-store,2022-01-13,False,1642032000
TXN_6105571,CUST_25,Electric household essentials,Item_22_EHE,36.5,2.0,73.0,Credit Card,Online,2024-10-17,True,1729123200
TXN_2823557,CUST_05,Food,Item_17_FOOD,29.0,3.0,87.0,Cash,In-store,2022-01-26,True,1643155200
TXN_5302343,CUST_04,Food,Item_6_FOOD,12.5,1.0,12.5,Digital Wallet,Online,2022-04-05,True,1649116800
TXN_2182761,CUST_16,Electric household essentials,Item_25_EHE,41.0,2.0,82.0,Cash,Online,2023-08-05,True,1691193600
TXN_8397219,CUST_24,Milk Products,Item_22_MILK,36.5,9.0,328.5,Credit Card,Online,2022-10-16,False,1665878400
TXN_2633896,CUST_24,Patisserie,Item_12_PAT,21.5,7.0,150.5,Digital Wallet,In-store,2024-05-23,True,1716422400
TXN_7505995,CUST_08,Milk Products,Item_2_MILK,6.5,4.0,26.0,Digital Wallet,In-store,2022-06-04,False,1654300800
TXN_1990907,CUST_18,Furniture,Item_8_FUR,15.5,6.0,93.0,Digital Wallet,In-store,2023-08-02,True,1690934400
TXN_5095185,CUST_05,Beverages,Item_25_BEV,41.0,4.0,164.0,Credit Card,In-store,2024-07-21,True,1721520000
TXN_2997969,CUST_22,Computers and electric accessories,Item_17_CEA,29.0,2.0,58.0,Digital Wallet,Online,2023-07-17,False,1689552000
TXN_5387564,CUST_12,Food,Item_3_FOOD,8.0,4.0,32.0,Cash,In-store,2022-03-31,False,1648684800
TXN_8169294,CUST_08,Food,Item_2_FOOD,6.5,4.0,26.0,Cash,Online,2022-06-05,True,1654387200
TXN_6581631,CUST_04,Milk Products,Item_1_MILK,5.0,5.0,25.0,Cash,In-store,2022-08-07,True,1659830400
TXN_5731969,CUST_16,Electric household essentials,Item_6_EHE,12.5,4.0,50.0,Cash,In-store,2022-04-22,True,1650585600
TXN_2181378,CUST_04,Electric household essentials,Item_20_EHE,33.5,6.0,201.0,Credit Card,In-store,2022-10-13,True,1665619200
TXN_1522116,CUST_11,Patisserie,Item_7_PAT,14.0,5.0,70.0,Credit Card,Online,2022-05-30,False,1653868800
TXN_9848727,CUST_05,Electric household essentials,Item_6_EHE,12.5,6.0,75.0,Digital Wallet,In-store,2023-03-18,True,1679097600
TXN_8546325,CUST_19,Butchers,Item_6_BUT,12.5,7.0,87.5,Digital Wallet,In-store,2024-06-07,False,1717718400
TXN_9097911,CUST_25,Patisserie,Item_24_PAT,39.5,7.0,276.5,Credit Card,Online,2022-05-05,True,1651708800
TXN_2206422,CUST_21,Computers and electric accessories,Item_23_CEA,38.0,10.0,380.0,Credit Card,Online,2024-03-24,True,1711238400
TXN_3325627,CUST_21,Beverages,Item_10_BEV,18.5,3.0,55.5,Digital Wallet,In-store,2022-02-19,True,1645228800
TXN_9941927,CUST_17,Electric household essentials,Item_6_EHE,12.5,4.0,50.0,Credit Card,Online,2022-01-16,False,1642291200
TXN_1525936,CUST_20,Computers and electric accessories,Item_7_CEA,14.0,8.0,112.0,Digital Wallet,In-store,2025-01-15,False,1736899200
TXN_5856641,CUST_25,Milk Products,Item_19_MILK,32.0,5.0,160.0,Credit Card,In-store,2023-02-07,False,1675728000
TXN_3394998,CUST_18,Beverages,Item_8_BEV,15.5,5.0,77.5,Digital Wallet,Online,2024-11-09,False,1731110400
TXN_8965991,CUST_02,Electric household essentials,Item_20_EHE,33.5,1.0,33.5,Credit Card,Online,2022-06-16,False,1655337600
TXN_5034759,CUST_10,Milk Products,Item_22_MILK,36.5,9.0,328.5,Cash,In-store,2024-12-26,True,1735171200
TXN_4422875,CUST_23,Furniture,Item_15_FUR,26.0,2.0,52.0,Digital Wallet,In-store,2023-10-01,False,1696118400
TXN_1248527,CUST_02,Furniture,Item_5_FUR,11.0,6.0,66.0,Credit Card,In-store,2024-03-02,False,1709337600
TXN_5765739,CUST_03,Beverages,Item_16_BEV,27.5,6.0,165.0,Digital Wallet,Online,2022-07-06,True,1657065600
TXN_4125241,CUST_12,Food,Item_9_FOOD,17.0,4.0,68.0,Cash,In-store,2022-12-25,True,1671926400
TXN_3251996,CUST_16,Computers and electric accessories,Item_17_CEA,29.0,4.0,116.0,Digital Wallet,Online,2023-01-26,False,1674691200
TXN_4300165,CUST_15,Beverages,Item_25_BEV,41.0,3.0,123.0,Digital Wallet,Online,2023-02-18,True,1676678400
TXN_2320393,CUST_13,Patisserie,Item_4_PAT,9.5,4.0,38.0,Cash,In-store,2024-01-02,False,1704153600
TXN_1679032,CUST_01,Electric household essentials,Item_2_EHE,6.5,6.0,39.0,Cash,In-store,2023-01-07,True,1673049600
TXN_4900538,CUST_10,Butchers,Item_24_BUT,39.5,8.0,316.0,Cash,In-store,2024-12-29,True,1735430400
TXN_2948772,CUST_17,Furniture,Item_15_FUR,26.0,5.0,130.0,Digital Wallet,Online,2023-04-22,True,1682121600
TXN_9122442,CUST_10,Butchers,Item_22_BUT,36.5,8.0,292.0,Credit Card,In-store,2024-11-26,False,1732579200
TXN_8377069,CUST_20,Milk Products,Item_23_MILK,38.0,6.0,228.0,Digital Wallet,Online,2023-11-26,False,1700956800
TXN_9449378,CUST_10,Computers and electric accessories,Item_11_CEA,20.0,2.0,40.0,Cash,Online,2023-10-30,True,1698624000
TXN_7043815,CUST_02,Electric household essentials,Item_18_EHE,30.5,6.0,183.0,Cash,Online,2024-01-29,False,1706486400
TXN_7618002,CUST_02,Butchers,Item_2_BUT,6.5,5.0,32.5,Credit Card,Online,2023-06-12,False,1686528000
TXN_3425571,CUST_10,Milk Products,Item_3_MILK,8.0,5.0,40.0,Credit Card,Online,2024-07-25,True,1721865600
TXN_3434610,CUST_05,Milk Products,Item_12_MILK,21.5,1.0,21.5,Credit Card,In-store,2024-01-06,True,1704499200
TXN_5715479,CUST_01,Beverages,Item_11_BEV,20.0,10.0,200.0,Credit Card,Online,2023-01-31,True,1675123200
TXN_4900166,CUST_01,Computers and electric accessories,Item_2_CEA,6.5,4.0,26.0,Digital Wallet,Online,2023-07-23,False,1690070400
TXN_7764643,CUST_08,Food,Item_9_FOOD,17.0,6.0,102.0,Digital Wallet,Online,2024-04-01,True,1711929600
TXN_3909456,CUST_02,Milk Products,Item_4_MILK,9.5,2.0,19.0,Credit Card,In-store,2024-06-11,False,1718064000
TXN_9768625,CUST_15,Computers and electric accessories,Item_21_CEA,35.0,6.0,210.0,Credit Card,Online,2023-12-15,False,1702598400
TXN_7744488,CUST_09,Beverages,Item_16_BEV,27.5,3.0,82.5,Cash,Online,2023-07-31,True,1690761600
TXN_3932434,CUST_15,Electric household essentials,Item_2_EHE,6.5,3.0,19.5,Credit Card,Online,2024-12-24,True,1734998400
TXN_4940851,CUST_07,Butchers,Item_15_BUT,26.0,8.0,208.0,Cash,Online,2022-05-09,True,1652054400
TXN_8229936,CUST_17,Furniture,Item_18_FUR,30.5,9.0,274.5,Cash,Online,2024-04-27,False,1714176000
TXN_9945795,CUST_04,Beverages,Item_16_BEV,27.5,7.0,192.5,Cash,Online,2022-05-22,False,1653177600
TXN_2124243,CUST_23,Computers and electric accessories,Item_5_CEA,11.0,7.0,77.0,Credit Card,In-store,2022-06-10,False,1654819200
TXN_6532456,CUST_24,Computers and electric accessories,Item_19_CEA,32.0,10.0,320.0,Cash,Online,2024-07-12,False,1720742400
TXN_8417758,CUST_14,Computers and electric accessories,Item_25_CEA,41.0,5.0,205.0,Digital Wallet,In-store,2022-04-28,True,1651104000
TXN_6233251,CUST_08,Furniture,Item_22_FUR,36.5,2.0,73.0,Digital Wallet,Online,2024-05-26,True,1716681600
TXN_4044183,CUST_03,Beverages,Item_1_BEV,5.0,4.0,20.0,Digital Wallet,In-store,2023-07-31,False,1690761600
TXN_2982700,CUST_03,Computers and electric accessories,Item_21_CEA,35.0,8.0,280.0,Digital Wallet,In-store,2022-10-09,False,1665273600
TXN_7194672,CUST_18,Butchers,Item_15_BUT,26.0,8.0,208.0,Digital Wallet,Online,2024-10-07,True,1728259200
TXN_2466028,CUST_04,Butchers,Item_7_BUT,14.0,1.0,14.0,Cash,Online,2022-11-29,False,1669680000
TXN_2910590,CUST_09,Patisserie,Item_17_PAT,29.0,1.0,29.0,Credit Card,Online,2023-12-17,False,1702771200
TXN_6725698,CUST_06,Butchers,Item_13_BUT,23.0,8.0,184.0,Digital Wallet,Online,2024-11-03,True,1730592000
TXN_7254324,CUST_01,Electric household essentials,Item_23_EHE,38.0,10.0,380.0,Digital Wallet,Online,2024-02-08,False,1707350400
TXN_4878295,CUST_09,Beverages,Item_8_BEV,15.5,8.0,124.0,Credit Card,In-store,2023-02-09,False,1675900800
TXN_1807679,CUST_04,Patisserie,Item_13_PAT,23.0,1.0,23.0,Credit Card,In-store,2024-12-15,False,1734220800
TXN_1583003,CUST_24,Food,Item_12_FOOD,21.5,8.0,172.0,Cash,Online,2024-10-04,True,1728000000
TXN_3206331,CUST_22,Beverages,Item_15_BEV,26.0,9.0,234.0,Digital Wallet,In-store,2023-01-04,True,1672790400
TXN_1870960,CUST_06,Milk Products,Item_13_MILK,23.0,5.0,115.0,Cash,In-store,2024-07-08,False,1720396800
TXN_3138269,CUST_19,Furniture,Item_7_FUR,14.0,3.0,42.0,Cash,Online,2022-09-17,True,1663372800
TXN_7603643,CUST_22,Milk Products,Item_18_MILK,30.5,1.0,30.5,Digital Wallet,Online,2023-09-28,True,1695859200
TXN_3290365,CUST_02,Food,Item_13_FOOD,23.0,3.0,69.0,Cash,In-store,2023-04-25,True,1682380800
TXN_8529373,CUST_24,Butchers,Item_24_BUT,39.5,6.0,237.0,Credit Card,In-store,2022-01-01,True,1640995200
TXN_7719299,CUST_23,Computers and electric accessories,Item_2_CEA,6.5,7.0,45.5,Credit Card,In-store,2022-08-07,False,1659830400
TXN_8131304,CUST_24,Furniture,Item_11_FUR,20.0,4.0,80.0,Credit Card,In-store,2024-08-12,False,1723420800
TXN_6408271,CUST_14,Electric household essentials,Item_12_EHE,21.5,9.0,193.5,Credit Card,Online,2022-11-08,False,1667865600
TXN_5937092,CUST_02,Milk Products,Item_1_MILK,5.0,6.0,30.0,Credit Card,In-store,2024-11-12,False,1731369600
TXN_1102033,CUST_01,Computers and electric accessories,Item_13_CEA,23.0,10.0,230.0,Digital Wallet,In-store,2022-04-17,False,1650153600
TXN_2138805,CUST_07,Computers and electric accessories,Item_9_CEA,17.0,4.0,68.0,Credit Card,Online,2022-06-24,False,1656028800
TXN_7274579,CUST_14,Computers and electric accessories,Item_8_CEA,15.5,9.0,139.5,Cash,In-store,2023-10-21,True,1697846400
TXN_7054732,CUST_18,Patisserie,Item_17_PAT,29.0,8.0,232.0,Credit Card,In-store,2024-01-24,True,1706054400
TXN_4332290,CUST_04,Furniture,Item_3_FUR,8.0,8.0,64.0,Cash,In-store,2024-09-11,True,1726012800
TXN_7998829,CUST_11,Computers and electric accessories,Item_2_CEA,6.5,3.0,19.5,Credit Card,In-store,2022-05-01,True,1651363200
TXN_1927624,CUST_12,Electric household essentials,Item_19_EHE,32.0,10.0,320.0,Credit Card,Online,2022-03-02,False,1646179200
TXN_1632854,CUST_22,Milk Products,Item_23_MILK,38.0,9.0,342.0,Cash,Online,2023-04-25,True,1682380800
TXN_9986809,CUST_10,Beverages,Item_6_BEV,12.5,6.0,75.0,Credit Card,Online,2022-08-20,True,1660953600
TXN_7904844,CUST_25,Beverages,Item_11_BEV,20.0,5.0,100.0,Digital Wallet,Online,2022-07-01,False,1656633600
TXN_3869371,CUST_03,Furniture,Item_1_FUR,5.0,3.0,15.0,Digital Wallet,Online,2022-02-13,True,1644710400
TXN_2459307,CUST_22,Milk Products,Item_16_MILK,27.5,4.0,110.0,Cash,Online,2023-04-05,True,1680652800
TXN_1077412,CUST_07,Electric household essentials,Item_9_EHE,17.0,3.0,51.0,Cash,Online,2024-06-02,True,1717286400
TXN_8866836,CUST_08,Food,Item_13_FOOD,23.0,6.0,138.0,Digital Wallet,In-store,2024-06-22,True,1719014400
TXN_8342635,CUST_24,Milk Products,Item_4_MILK,9.5,2.0,19.0,Digital Wallet,In-store,2022-07-30,False,1659139200
TXN_9279531,CUST_04,Patisserie,Item_13_PAT,23.0,9.0,207.0,Cash,Online,2022-09-23,True,1663891200
TXN_1038947,CUST_14,Milk Products,Item_16_MILK,27.5,2.0,55.0,Digital Wallet,Online,2024-03-07,True,1709769600
TXN_8945922,CUST_18,Beverages,Item_7_BEV,14.0,10.0,140.0,Digital Wallet,In-store,2024-07-20,True,1721433600
TXN_1565839,CUST_23,Milk Products,Item_22_MILK,36.5,2.0,73.0,Credit Card,Online,2022-01-12,True,1641945600
TXN_4765966,CUST_18,Electric household essentials,Item_9_EHE,17.0,5.0,85.0,Cash,Online,2022-11-02,False,1667347200
TXN_2207487,CUST_16,Milk Products,Item_18_MILK,30.5,9.0,274.5,Cash,In-store,2023-06-01,True,1685577600
TXN_7629978,CUST_01,Computers and electric accessories,Item_16_CEA,27.5,1.0,27.5,Digital Wallet,In-store,2024-10-16,True,1729036800
TXN_2329051,CUST_11,Butchers,Item_7_BUT,14.0,2.0,28.0,Digital Wallet,Online,2024-04-11,True,1712793600
TXN_9590838,CUST_13,Electric household essentials,Item_5_EHE,11.0,6.0,66.0,Digital Wallet,In-store,2023-06-15,False,1686787200
TXN_6091744,CUST_12,Butchers,Item_19_BUT,32.0,5.0,160.0,Credit Card,Online,2022-10-28,True,1666915200
TXN_8678788,CUST_24,Computers and electric accessories,Item_19_CEA,32.0,7.0,224.0,Digital Wallet,Online,2023-08-25,False,1692921600
TXN_6883886,CUST_23,Food,Item_14_FOOD,24.5,2.0,49.0,Digital Wallet,In-store,2024-02-17,True,1708128000
TXN_5617475,CUST_12,Beverages,Item_3_BEV,8.0,5.0,40.0,Cash,Online,2023-09-30,False,1696032000
TXN_6634398,CUST_08,Butchers,Item_19_BUT,32.0,9.0,288.0,Credit Card,In-store,2024-01-24,False,1706054400
TXN_8101715,CUST_08,Computers and electric accessories,Item_15_CEA,26.0,5.0,130.0,Cash,In-store,2023-03-12,True,1678579200
TXN_2108164,CUST_18,Food,Item_4_FOOD,9.5,9.0,85.5,Cash,Online,2022-06-27,False,1656288000
TXN_7172046,CUST_07,Beverages,Item_14_BEV,24.5,8.0,196.0,Cash,In-store,2023-03-27,False,1679875200
TXN_1585678,CUST_24,Milk Products,Item_1_MILK,5.0,2.0,10.0,Cash,Online,2022-12-03,False,1670025600
TXN_7026068,CUST_06,Electric household essentials,Item_23_EHE,38.0,2.0,76.0,Digital Wallet,In-store,2024-01-12,True,1705017600
TXN_2516949,CUST_03,Furniture,Item_6_FUR,12.5,9.0,112.5,Cash,Online,2024-06-23,False,1719100800
TXN_1611004,CUST_05,Patisserie,Item_1_PAT,5.0,10.0,50.0,Credit Card,Online,2023-08-04,True,1691107200
TXN_7350591,CUST_02,Beverages,Item_23_BEV,38.0,3.0,114.0,Digital Wallet,In-store,2022-07-04,False,1656892800
TXN_6868345,CUST_25,Beverages,Item_6_BEV,12.5,6.0,75.0,Credit Card,Online,2023-11-16,True,1700092800
TXN_6376665,CUST_09,Food,Item_24_FOOD,39.5,10.0,395.0,Cash,Online,2024-01-01,True,1704067200
TXN_5655357,CUST_06,Patisserie,Item_11_PAT,20.0,10.0,200.0,Digital Wallet,Online,2024-09-28,False,1727481600
TXN_5178964,CUST_14,Beverages,Item_16_BEV,27.5,3.0,82.5,Cash,In-store,2023-11-14,True,1699920000
TXN_4964635,CUST_15,Beverages,Item_22_BEV,36.5,8.0,292.0,Cash,In-store,2023-10-03,True,1696291200
TXN_1574964,CUST_06,Food,Item_9_FOOD,17.0,1.0,17.0,Credit Card,In-store,2023-10-26,False,1698278400
TXN_3192449,CUST_02,Butchers,Item_18_BUT,30.5,10.0,305.0,Credit Card,In-store,2024-07-20,False,1721433600
TXN_4077402,CUST_07,Butchers,Item_23_BUT,38.0,1.0,38.0,Credit Card,In-store,2024-02-09,False,1707436800
TXN_1133577,CUST_06,Electric household essentials,Item_4_EHE,9.5,6.0,57.0,Cash,Online,2022-08-13,True,1660348800
TXN_8645893,CUST_23,Beverages,Item_14_BEV,24.5,3.0,73.5,Credit Card,Online,2023-07-06,False,1688601600
TXN_9581850,CUST_16,Beverages,Item_12_BEV,21.5,4.0,86.0,Cash,Online,2022-08-27,False,1661558400
TXN_6135201,CUST_22,Beverages,Item_12_BEV,21.5,1.0,21.5,Cash,Online,2023-09-07,False,1694044800
TXN_4948429,CUST_06,Electric household essentials,Item_22_EHE,36.5,5.0,182.5,Cash,In-store,2022-12-27,False,1672099200
TXN_1095513,CUST_03,Food,Item_24_FOOD,39.5,1.0,39.5,Credit Card,Online,2022-08-04,False,1659571200
TXN_1564693,CUST_13,Beverages,Item_17_BEV,29.0,6.0,174.0,Cash,In-store,2024-01-02,True,1704153600
TXN_9832770,CUST_23,Computers and electric accessories,Item_22_CEA,36.5,9.0,328.5,Cash,Online,2024-02-22,False,1708560000
TXN_6690069,CUST_22,Patisserie,Item_12_PAT,21.5,1.0,21.5,Credit Card,In-store,2022-08-03,False,1659484800
TXN_4388498,CUST_05,Computers and electric accessories,Item_25_CEA,41.0,1.0,41.0,Digital Wallet,Online,2023-12-09,True,1702080000
TXN_7449467,CUST_22,Computers and electric accessories,Item_19_CEA,32.0,6.0,192.0,Credit Card,In-store,2023-03-07,False,1678147200
TXN_6617081,CUST_10,Electric household essentials,Item_13_EHE,23.0,3.0,69.0,Cash,In-store,2022-05-02,False,1651449600
TXN_7896612,CUST_17,Beverages,Item_6_BEV,12.5,10.0,125.0,Digital Wallet,In-store,2024-08-06,False,1722902400
TXN_8403235,CUST_05,Milk Products,Item_3_MILK,8.0,4.0,32.0,Cash,In-store,2024-05-26,True,1716681600
TXN_5157840,CUST_18,Food,Item_3_FOOD,8.0,7.0,56.0,Digital Wallet,In-store,2024-06-10,False,1717977600
TXN_6079647,CUST_12,Beverages,Item_14_BEV,24.5,2.0,49.0,Cash,In-store,2022-10-08,True,1665187200
TXN_4882057,CUST_09,Butchers,Item_25_BUT,41.0,5.0,205.0,Cash,In-store,2023-02-07,True,1675728000
TXN_2029816,CUST_09,Food,Item_17_FOOD,29.0,6.0,174.0,Digital Wallet,In-store,2023-12-12,False,1702339200
TXN_3025023,CUST_23,Butchers,Item_1_BUT,5.0,6.0,30.0,Digital Wallet,In-store,2023-04-13,True,1681344000
TXN_7867899,CUST_05,Butchers,Item_24_BUT,39.5,6.0,237.0,Credit Card,Online,2022-08-11,False,1660176000
TXN_6461021,CUST_11,Milk Products,Item_3_MILK,8.0,9.0,72.0,Digital Wallet,In-store,2022-10-16,True,1665878400
TXN_8467828,CUST_13,Food,Item_3_FOOD,8.0,3.0,24.0,Credit Card,Online,2023-11-28,True,1701129600
TXN_6094184,CUST_11,Food,Item_11_FOOD,20.0,3.0,60.0,Credit Card,In-store,2025-01-06,False,1736121600
TXN_7358436,CUST_09,Computers and electric accessories,Item_12_CEA,21.5,6.0,129.0,Credit Card,In-store,2023-11-08,True,1699401600
TXN_6179500,CUST_02,Butchers,Item_8_BUT,15.5,4.0,62.0,Credit Card,In-store,2022-06-15,False,1655251200
TXN_4655797,CUST_16,Patisserie,Item_20_PAT,33.5,2.0,67.0,Digital Wallet,In-store,2024-05-01,False,1714521600
TXN_6453492,CUST_15,Food,Item_12_FOOD,21.5,9.0,193.5,Credit Card,In-store,2022-06-12,True,1654992000
TXN_3320818,CUST_06,Computers and electric accessories,Item_15_CEA,26.0,5.0,130.0,Cash,Online,2024-08-14,True,1723593600
TXN_9135173,CUST_13,Computers and electric accessories,Item_21_CEA,35.0,2.0,70.0,Cash,Online,2022-05-25,False,1653436800
TXN_2716104,CUST_22,Patisserie,Item_17_PAT,29.0,4.0,116.0,Cash,In-store,2022-01-13,True,1642032000
TXN_8768729,CUST_19,Beverages,Item_7_BEV,14.0,6.0,84.0,Credit Card,Online,2022-04-09,False,1649462400
TXN_1595061,CUST_14,Milk Products,Item_23_MILK,38.0,3.0,114.0,Digital Wallet,Online,2022-09-24,False,1663977600
TXN_1143957,CUST_06,Milk Products,Item_23_MILK,38.0,7.0,266.0,Cash,Online,2024-04-27,False,1714176000
TXN_9116992,CUST_17,Milk Products,Item_11_MILK,20.0,9.0,180.0,Cash,In-store,2023-10-01,False,1696118400
TXN_7346993,CUST_05,Patisserie,Item_14_PAT,24.5,5.0,122.5,Digital Wallet,Online,2022-07-02,False,1656720000
TXN_8574907,CUST_14,Patisserie,Item_4_PAT,9.5,9.0,85.5,Digital Wallet,In-store,2024-06-16,False,1718496000
TXN_2704600,CUST_17,Electric household essentials,Item_22_EHE,36.5,9.0,328.5,Credit Card,In-store,2022-07-26,True,1658793600
TXN_7901897,CUST_06,Furniture,Item_17_FUR,29.0,3.0,87.0,Cash,Online,2023-02-28,False,1677542400
TXN_1814977,CUST_13,Furniture,Item_2_FUR,6.5,10.0,65.0,Digital Wallet,In-store,2022-04-30,True,1651276800
TXN_9650087,CUST_16,Beverages,Item_17_BEV,29.0,10.0,290.0,Credit Card,In-store,2022-08-22,False,1661126400
TXN_8802679,CUST_25,Electric household essentials,Item_22_EHE,36.5,7.0,255.5,Digital Wallet,In-store,2022-04-25,True,1650844800
TXN_9724017,CUST_16,Computers and electric accessories,Item_9_CEA,17.0,2.0,34.0,Credit Card,Online,2023-12-03,False,1701561600
TXN_7256305,CUST_01,Beverages,Item_2_BEV,6.5,8.0,52.0,Cash,Online,2023-07-12,True,1689120000
TXN_1217844,CUST_03,Computers and electric accessories,Item_14_CEA,24.5,8.0,196.0,Credit Card,In-store,2022-04-30,False,1651276800
TXN_9877509,CUST_14,Butchers,Item_19_BUT,32.0,4.0,128.0,Digital Wallet,In-store,2024-06-02,True,1717286400
TXN_9323213,CUST_22,Computers and electric accessories,Item_2_CEA,6.5,3.0,19.5,Digital Wallet,Online,2024-12-02,False,1733097600
TXN_5568136,CUST_04,Patisserie,Item_11_PAT,20.0,8.0,160.0,Credit Card,Online,2023-12-25,True,1703462400
TXN_5842704,CUST_01,Patisserie,Item_1_PAT,5.0,6.0,30.0,Cash,Online,2023-09-30,False,1696032000
TXN_8537042,CUST_20,Electric household essentials,Item_16_EHE,27.5,4.0,110.0,Digital Wallet,Online,2024-06-08,False,1717804800
TXN_7000451,CUST_06,Butchers,Item_23_BUT,38.0,9.0,342.0,Credit Card,In-store,2022-10-06,False,1665014400
TXN_6174168,CUST_13,Beverages,Item_16_BEV,27.5,10.0,275.0,Cash,In-store,2023-03-18,False,1679097600
TXN_7932286,CUST_25,Milk Products,Item_19_MILK,32.0,4.0,128.0,Cash,Online,2022-11-17,False,1668643200
TXN_6102615,CUST_05,Butchers,Item_18_BUT,30.5,2.0,61.0,Cash,In-store,2022-03-04,False,1646352000
TXN_7238273,CUST_02,Milk Products,Item_16_MILK,27.5,9.0,247.5,Cash,Online,2023-10-22,True,1697932800
TXN_1273571,CUST_07,Beverages,Item_4_BEV,9.5,6.0,57.0,Cash,Online,2023-03-07,True,1678147200
TXN_7344843,CUST_04,Computers and electric accessories,Item_17_CEA,29.0,9.0,261.0,Digital Wallet,In-store,2022-01-29,False,1643414400
TXN_1602301,CUST_21,Computers and electric accessories,Item_7_CEA,14.0,6.0,84.0,Credit Card,In-store,2023-08-26,False,1693008000
TXN_2807320,CUST_05,Milk Products,Item_13_MILK,23.0,5.0,115.0,Cash,Online,2022-05-30,False,1653868800
TXN_5395458,CUST_14,Food,Item_5_FOOD,11.0,7.0,77.0,Credit Card,Online,2024-10-12,False,1728691200
TXN_8568991,CUST_05,Computers and electric accessories,Item_1_CEA,5.0,10.0,50.0,Cash,Online,2024-10-10,False,1728518400
TXN_6820348,CUST_15,Butchers,Item_23_BUT,38.0,10.0,380.0,Credit Card,Online,2024-07-04,False,1720051200
TXN_6612014,CUST_22,Furniture,Item_1_FUR,5.0,4.0,20.0,Credit Card,Online,2023-11-05,False,1699142400
TXN_4090288,CUST_01,Milk Products,Item_19_MILK,32.0,9.0,288.0,Cash,In-store,2022-07-02,True,1656720000
TXN_9930429,CUST_19,Electric household essentials,Item_17_EHE,29.0,9.0,261.0,Digital Wallet,Online,2023-12-02,False,1701475200
TXN_2651294,CUST_19,Patisserie,Item_8_PAT,15.5,2.0,31.0,Credit Card,In-store,2023-11-18,False,1700265600
TXN_7861115,CUST_05,Milk Products,Item_4_MILK,9.5,3.0,28.5,Credit Card,Online,2023-11-24,False,1700784000
TXN_1211734,CUST_18,Patisserie,Item_6_PAT,12.5,2.0,25.0,Credit Card,Online,2023-06-15,True,1686787200
TXN_9024754,CUST_06,Furniture,Item_25_FUR,41.0,2.0,82.0,Digital Wallet,Online,2022-10-04,False,1664841600
TXN_8201653,CUST_06,Butchers,Item_19_BUT,32.0,5.0,160.0,Digital Wallet,Online,2023-05-28,False,1685232000
TXN_1464828,CUST_02,Electric household essentials,Item_12_EHE,21.5,7.0,150.5,Digital Wallet,In-store,2022-09-19,False,1663545600
TXN_7108214,CUST_12,Milk Products,Item_7_MILK,14.0,7.0,98.0,Credit Card,In-store,2022-01-04,False,1641254400
TXN_6426118,CUST_10,Butchers,Item_13_BUT,23.0,9.0,207.0,Cash,In-store,2022-08-09,True,1660003200
TXN_6992970,CUST_01,Food,Item_11_FOOD,20.0,6.0,120.0,Digital Wallet,Online,2024-12-12,True,1733961600
TXN_9519628,CUST_02,Electric household essentials,Item_19_EHE,32.0,3.0,96.0,Digital Wallet,In-store,2023-12-07,True,1701907200
TXN_9463303,CUST_25,Computers and electric accessories,Item_19_CEA,32.0,2.0,64.0,Cash,Online,2024-09-09,True,1725840000
TXN_7972987,CUST_23,Food,Item_5_FOOD,11.0,2.0,22.0,Digital Wallet,Online,2022-05-30,False,1653868800
TXN_3941354,CUST_22,Electric household essentials,Item_25_EHE,41.0,2.0,82.0,Digital Wallet,Online,2023-04-09,False,1680998400
TXN_2205066,CUST_11,Food,Item_6_FOOD,12.5,2.0,25.0,Digital Wallet,In-store,2024-06-23,True,1719100800
TXN_2480021,CUST_17,Computers and electric accessories,Item_14_CEA,24.5,6.0,147.0,Cash,In-store,2023-06-14,False,1686700800
TXN_7705088,CUST_14,Butchers,Item_15_BUT,26.0,10.0,260.0,Cash,In-store,2023-07-04,True,1688428800
TXN_3443251,CUST_10,Furniture,Item_3_FUR,8.0,8.0,64.0,Digital Wallet,Online,2024-03-12,True,1710201600
TXN_6545897,CUST_06,Patisserie,Item_18_PAT,30.5,2.0,61.0,Digital Wallet,In-store,2022-01-07,False,1641513600
TXN_8250306,CUST_08,Computers and electric accessories,Item_15_CEA,26.0,6.0,156.0,Cash,In-store,2023-03-20,False,1679270400
TXN_1684657,CUST_22,Milk Products,Item_6_MILK,12.5,7.0,87.5,Digital Wallet,Online,2024-07-10,False,1720569600
TXN_3631452,CUST_12,Patisserie,Item_17_PAT,29.0,7.0,203.0,Digital Wallet,Online,2024-04-15,True,1713139200
TXN_2809812,CUST_15,Furniture,Item_15_FUR,26.0,9.0,234.0,Credit Card,In-store,2022-09-01,True,1661990400
TXN_3387043,CUST_16,Computers and electric accessories,Item_6_CEA,12.5,5.0,62.5,Credit Card,Online,2023-08-05,False,1691193600
TXN_7529592,CUST_23,Computers and electric accessories,Item_15_CEA,26.0,6.0,156.0,Credit Card,In-store,2023-01-31,False,1675123200
TXN_3854610,CUST_11,Food,Item_4_FOOD,9.5,4.0,38.0,Cash,Online,2024-09-29,False,1727568000
TXN_8192036,CUST_08,Beverages,Item_17_BEV,29.0,1.0,29.0,Cash,In-store,2024-05-28,False,1716854400
TXN_3113686,CUST_06,Electric household essentials,Item_21_EHE,35.0,10.0,350.0,Cash,Online,2022-01-01,True,1640995200
TXN_5908874,CUST_15,Milk Products,Item_11_MILK,20.0,9.0,180.0,Credit Card,In-store,2024-09-29,False,1727568000
TXN_3460510,CUST_06,Milk Products,Item_14_MILK,24.5,2.0,49.0,Cash,Online,2023-01-01,False,1672531200
TXN_5659150,CUST_04,Beverages,Item_1_BEV,5.0,6.0,30.0,Digital Wallet,Online,2024-07-18,False,1721260800
TXN_3827311,CUST_25,Milk Products,Item_1_MILK,5.0,6.0,30.0,Credit Card,In-store,2023-07-17,False,1689552000
TXN_1665071,CUST_15,Beverages,Item_4_BEV,9.5,8.0,76.0,Digital Wallet,In-store,2024-05-15,False,1715731200
TXN_1641449,CUST_13,Food,Item_4_FOOD,9.5,3.0,28.5,Credit Card,Online,2024-01-19,True,1705622400
TXN_8211512,CUST_09,Electric household essentials,Item_19_EHE,32.0,7.0,224.0,Digital Wallet,Online,2024-10-05,True,1728086400
TXN_1387633,CUST_02,Patisserie,Item_11_PAT,20.0,6.0,120.0,Digital Wallet,In-store,2024-01-01,False,1704067200
TXN_8152726,CUST_06,Electric household essentials,Item_21_EHE,35.0,2.0,70.0,Credit Card,In-store,2024-02-10,True,1707523200
TXN_1030654,CUST_20,Milk Products,Item_23_MILK,38.0,7.0,266.0,Digital Wallet,Online,2022-08-26,True,1661472000
TXN_9122970,CUST_18,Food,Item_6_FOOD,12.5,7.0,87.5,Credit Card,Online,2024-08-31,True,1725062400
TXN_8414334,CUST_23,Furniture,Item_7_FUR,14.0,8.0,112.0,Digital Wallet,Online,2024-11-27,True,1732665600
TXN_7694074,CUST_05,Butchers,Item_25_BUT,41.0,4.0,164.0,Cash,In-store,2024-12-05,True,1733356800
TXN_5746977,CUST_13,Butchers,Item_15_BUT,26.0,9.0,234.0,Cash,Online,2023-06-15,False,1686787200
TXN_7011651,CUST_24,Beverages,Item_14_BEV,24.5,7.0,171.5,Cash,Online,2024-11-25,False,1732492800
TXN_3447649,CUST_24,Electric household essentials,Item_20_EHE,33.5,1.0,33.5,Credit Card,In-store,2024-02-20,False,1708387200
TXN_9534348,CUST_19,Food,Item_10_FOOD,18.5,1.0,18.5,Credit Card,Online,2023-09-09,True,1694217600
TXN_8984720,CUST_06,Computers and electric accessories,Item_4_CEA,9.5,9.0,85.5,Credit Card,Online,2024-01-26,True,1706227200
TXN_9635879,CUST_07,Food,Item_22_FOOD,36.5,9.0,328.5,Digital Wallet,Online,2023-09-30,True,1696032000
TXN_9604839,CUST_16,Food,Item_13_FOOD,23.0,6.0,138.0,Digital Wallet,Online,2022-07-16,True,1657929600
TXN_5140377,CUST_04,Butchers,Item_13_BUT,23.0,7.0,161.0,Digital Wallet,Online,2022-01-23,False,1642896000
TXN_8749911,CUST_14,Furniture,Item_17_FUR,29.0,1.0,29.0,Cash,Online,2023-11-17,True,1700179200
TXN_9066835,CUST_17,Food,Item_10_FOOD,18.5,2.0,37.0,Digital Wallet,In-store,2024-04-03,False,1712102400
TXN_7404296,CUST_16,Butchers,Item_22_BUT,36.5,1.0,36.5,Digital Wallet,In-store,2022-07-25,False,1658707200
TXN_1481272,CUST_24,Electric household essentials,Item_6_EHE,12.5,1.0,12.5,Cash,Online,2022-05-19,True,1652918400
TXN_6871081,CUST_18,Beverages,Item_23_BEV,38.0,6.0,228.0,Cash,Online,2023-09-24,True,1695513600
TXN_4570231,CUST_15,Patisserie,Item_23_PAT,38.0,5.0,190.0,Digital Wallet,In-store,2022-12-17,True,1671235200
TXN_5107572,CUST_06,Butchers,Item_2_BUT,6.5,8.0,52.0,Credit Card,In-store,2023-09-06,True,1693958400
TXN_2300485,CUST_01,Furniture,Item_11_FUR,20.0,10.0,200.0,Digital Wallet,Online,2024-12-23,False,1734912000
TXN_6981287,CUST_17,Furniture,Item_11_FUR,20.0,2.0,40.0,Cash,In-store,2023-06-08,False,1686182400
TXN_6483684,CUST_10,Patisserie,Item_4_PAT,9.5,9.0,85.5,Cash,In-store,2024-03-09,False,1709942400
TXN_5286547,CUST_16,Food,Item_25_FOOD,41.0,10.0,410.0,Digital Wallet,Online,2023-02-16,False,1676505600
TXN_6640803,CUST_17,Patisserie,Item_3_PAT,8.0,8.0,64.0,Digital Wallet,Online,2022-09-09,True,1662681600
TXN_9174227,CUST_19,Butchers,Item_15_BUT,26.0,4.0,104.0,Credit Card,In-store,2023-02-28,True,1677542400
TXN_1507506,CUST_01,Food,Item_2_FOOD,6.5,7.0,45.5,Digital Wallet,In-store,2023-03-31,False,1680220800
TXN_5254886,CUST_22,Beverages,Item_20_BEV,33.5,10.0,335.0,Digital Wallet,Online,2023-05-26,True,1685059200
TXN_5689168,CUST_11,Patisserie,Item_15_PAT,26.0,2.0,52.0,Digital Wallet,Online,2022-02-24,False,1645660800
TXN_6111459,CUST_14,Computers and electric accessories,Item_7_CEA,14.0,8.0,112.0,Cash,In-store,2023-05-22,False,1684713600
TXN_6212454,CUST_17,Computers and electric accessories,Item_13_CEA,23.0,5.0,115.0,Cash,In-store,2024-04-14,True,1713052800
TXN_8932184,CUST_04,Beverages,Item_20_BEV,33.5,2.0,67.0,Credit Card,In-store,2023-12-22,True,1703203200
TXN_1538849,CUST_21,Furniture,Item_8_FUR,15.5,6.0,93.0,Cash,In-store,2022-11-26,False,1669420800
TXN_5687185,CUST_21,Butchers,Item_7_BUT,14.0,1.0,14.0,Digital Wallet,In-store,2022-02-05,True,1644019200
TXN_2973718,CUST_16,Computers and electric accessories,Item_14_CEA,24.5,9.0,220.5,Credit Card,In-store,2023-05-28,True,1685232000
TXN_9943430,CUST_20,Furniture,Item_1_FUR,5.0,5.0,25.0,Credit Card,In-store,2022-01-03,True,1641168000
TXN_8091223,CUST_19,Butchers,Item_22_BUT,36.5,6.0,219.0,Cash,In-store,2024-03-29,True,1711670400
TXN_1293012,CUST_06,Patisserie,Item_17_PAT,29.0,4.0,116.0,Digital Wallet,In-store,2022-03-30,True,1648598400
TXN_8636216,CUST_19,Butchers,Item_17_BUT,29.0,1.0,29.0,Digital Wallet,In-store,2024-04-14,False,1713052800
TXN_5682462,CUST_20,Beverages,Item_24_BEV,39.5,8.0,316.0,Cash,Online,2024-05-19,True,1716076800
TXN_9204093,CUST_21,Butchers,Item_8_BUT,15.5,6.0,93.0,Cash,Online,2023-02-14,False,1676332800
TXN_5541676,CUST_17,Beverages,Item_9_BEV,17.0,9.0,153.0,Digital Wallet,Online,2024-03-20,False,1710892800
TXN_7490726,CUST_17,Furniture,Item_16_FUR,27.5,4.0,110.0,Digital Wallet,In-store,2022-02-01,False,1643673600
TXN_3145941,CUST_11,Milk Products,Item_3_MILK,8.0,4.0,32.0,Credit Card,In-store,2024-06-05,False,1717545600
TXN_8930734,CUST_08,Beverages,Item_17_BEV,29.0,1.0,29.0,Digital Wallet,Online,2023-04-04,False,1680566400
TXN_9455438,CUST_17,Computers and electric accessories,Item_19_CEA,32.0,5.0,160.0,Credit Card,In-store,2023-07-01,False,1688169600
TXN_7274761,CUST_11,Patisserie,Item_11_PAT,20.0,9.0,180.0,Digital Wallet,In-store,2023-01-25,False,1674604800
TXN_2092141,CUST_06,Butchers,Item_23_BUT,38.0,7.0,266.0,Credit Card,Online,2022-11-05,False,1667606400
TXN_3552188,CUST_23,Food,Item_10_FOOD,18.5,1.0,18.5,Cash,Online,2022-08-03,True,1659484800
TXN_1653522,CUST_02,Furniture,Item_8_FUR,15.5,8.0,124.0,Cash,In-store,2022-12-08,True,1670457600
TXN_5196281,CUST_20,Computers and electric accessories,Item_22_CEA,36.5,5.0,182.5,Cash,In-store,2023-10-02,True,1696204800
TXN_5324237,CUST_19,Milk Products,Item_19_MILK,32.0,9.0,288.0,Credit Card,Online,2023-11-09,False,1699488000
TXN_8732641,CUST_03,Electric household essentials,Item_13_EHE,23.0,10.0,230.0,Cash,Online,2023-09-30,True,1696032000
TXN_4219923,CUST_14,Computers and electric accessories,Item_11_CEA,20.0,10.0,200.0,Credit Card,Online,2024-03-15,True,1710460800
TXN_3710830,CUST_13,Beverages,Item_9_BEV,17.0,4.0,68.0,Cash,In-store,2022-01-04,False,1641254400
TXN_8568373,CUST_05,Furniture,Item_16_FUR,27.5,4.0,110.0,Credit Card,In-store,2022-03-23,True,1647993600
TXN_3947387,CUST_17,Computers and electric accessories,Item_4_CEA,9.5,7.0,66.5,Digital Wallet,Online,2023-12-13,False,1702425600
TXN_4589320,CUST_23,Milk Products,Item_3_MILK,8.0,7.0,56.0,Cash,Online,2024-09-25,False,1727222400
TXN_8992034,CUST_05,Patisserie,Item_7_PAT,14.0,3.0,42.0,Cash,In-store,2023-01-24,False,1674518400
TXN_3314885,CUST_23,Electric household essentials,Item_25_EHE,41.0,2.0,82.0,Credit Card,Online,2024-01-17,True,1705449600
TXN_9675839,CUST_09,Patisserie,Item_8_PAT,15.5,2.0,31.0,Credit Card,In-store,2023-04-07,False,1680825600
TXN_1140976,CUST_06,Computers and electric accessories,Item_12_CEA,21.5,4.0,86.0,Credit Card,In-store,2024-05-01,False,1714521600
TXN_3036860,CUST_08,Electric household essentials,Item_22_EHE,36.5,8.0,292.0,Cash,Online,2024-04-24,False,1713916800
TXN_9732293,CUST_24,Butchers,Item_25_BUT,41.0,3.0,123.0,Credit Card,In-store,2022-08-06,True,1659744000
TXN_3690471,CUST_05,Milk Products,Item_23_MILK,38.0,2.0,76.0,Digital Wallet,In-store,2022-03-11,False,1646956800
TXN_7795859,CUST_22,Furniture,Item_25_FUR,41.0,9.0,369.0,Credit Card,Online,2023-10-09,False,1696809600
TXN_7870096,CUST_06,Butchers,Item_2_BUT,6.5,5.0,32.5,Cash,In-store,2023-05-03,False,1683072000
TXN_9030177,CUST_14,Milk Products,Item_20_MILK,33.5,3.0,100.5,Digital Wallet,In-store,2023-04-16,False,1681603200
TXN_9240994,CUST_16,Furniture,Item_19_FUR,32.0,8.0,256.0,Digital Wallet,Online,2024-06-25,False,1719273600
TXN_9988833,CUST_22,Furniture,Item_14_FUR,24.5,10.0,245.0,Cash,In-store,2022-12-12,True,1670803200
TXN_8197865,CUST_10,Milk Products,Item_18_MILK,30.5,3.0,91.5,Digital Wallet,Online,2024-01-05,False,1704412800
TXN_8480994,CUST_18,Butchers,Item_18_BUT,30.5,7.0,213.5,Cash,Online,2024-02-21,False,1708473600
TXN_8984027,CUST_12,Electric household essentials,Item_21_EHE,35.0,4.0,140.0,Cash,In-store,2023-10-05,False,1696464000
TXN_8451193,CUST_19,Patisserie,Item_23_PAT,38.0,3.0,114.0,Credit Card,In-store,2024-02-29,True,1709164800
TXN_7814128,CUST_01,Beverages,Item_2_BEV,6.5,6.0,39.0,Digital Wallet,Online,2024-09-22,True,1726963200
TXN_6040995,CUST_09,Computers and electric accessories,Item_17_CEA,29.0,8.0,232.0,Digital Wallet,Online,2022-07-24,False,1658620800
TXN_2857681,CUST_21,Food,Item_12_FOOD,21.5,2.0,43.0,Digital Wallet,In-store,2023-03-13,False,1678665600
TXN_8514144,CUST_06,Computers and electric accessories,Item_20_CEA,33.5,10.0,335.0,Cash,Online,2023-07-04,True,1688428800
TXN_7428897,CUST_16,Furniture,Item_25_FUR,41.0,8.0,328.0,Credit Card,In-store,2022-04-14,True,1649894400
TXN_8831168,CUST_25,Electric household essentials,Item_12_EHE,21.5,3.0,64.5,Cash,Online,2023-11-12,True,1699747200
TXN_8886498,CUST_16,Electric household essentials,Item_11_EHE,20.0,5.0,100.0,Digital Wallet,Online,2023-08-15,False,1692057600
TXN_9554512,CUST_01,Butchers,Item_16_BUT,27.5,5.0,137.5,Digital Wallet,In-store,2024-11-21,True,1732147200
TXN_5769114,CUST_21,Milk Products,Item_7_MILK,14.0,7.0,98.0,Digital Wallet,In-store,2023-09-20,True,1695168000
TXN_3907047,CUST_19,Beverages,Item_19_BEV,32.0,2.0,64.0,Cash,Online,2022-01-27,True,1643241600
TXN_4173885,CUST_09,Patisserie,Item_3_PAT,8.0,7.0,56.0,Cash,In-store,2022-08-15,False,1660521600
TXN_9003520,CUST_21,Furniture,Item_24_FUR,39.5,5.0,197.5,Digital Wallet,In-store,2023-10-13,True,1697155200
TXN_8917078,CUST_18,Computers and electric accessories,Item_20_CEA,33.5,8.0,268.0,Credit Card,Online,2022-10-15,False,1665792000
TXN_1122145,CUST_06,Electric household essentials,Item_6_EHE,12.5,5.0,62.5,Digital Wallet,In-store,2022-11-14,False,1668384000
TXN_2635940,CUST_05,Beverages,Item_14_BEV,24.5,8.0,196.0,Cash,In-store,2024-04-13,False,1712966400
TXN_6729334,CUST_17,Butchers,Item_22_BUT,36.5,9.0,328.5,Cash,Online,2023-06-20,True,1687219200
TXN_9478901,CUST_11,Patisserie,Item_12_PAT,21.5,7.0,150.5,Digital Wallet,In-store,2022-09-23,True,1663891200
TXN_5200691,CUST_16,Food,Item_9_FOOD,17.0,9.0,153.0,Credit Card,In-store,2022-07-18,False,1658102400
TXN_5444047,CUST_21,Milk Products,Item_19_MILK,32.0,3.0,96.0,Credit Card,Online,2022-01-12,False,1641945600
TXN_6983480,CUST_17,Milk Products,Item_13_MILK,23.0,1.0,23.0,Digital Wallet,Online,2022-05-12,True,1652313600
TXN_3067798,CUST_01,Furniture,Item_23_FUR,38.0,7.0,266.0,Digital Wallet,In-store,2024-09-02,True,1725235200
TXN_5492495,CUST_19,Furniture,Item_5_FUR,11.0,5.0,55.0,Digital Wallet,In-store,2023-05-07,True,1683417600
TXN_2917453,CUST_18,Milk Products,Item_6_MILK,12.5,8.0,100.0,Cash,Online,2022-01-14,True,1642118400
TXN_8760288,CUST_17,Food,Item_10_FOOD,18.5,2.0,37.0,Credit Card,Online,2022-10-30,False,1667088000
TXN_7282375,CUST_17,Beverages,Item_4_BEV,9.5,7.0,66.5,Credit Card,Online,2024-06-11,False,1718064000
TXN_8489525,CUST_12,Computers and electric accessories,Item_19_CEA,32.0,2.0,64.0,Credit Card,In-store,2023-09-20,True,1695168000
TXN_5328299,CUST_23,Patisserie,Item_17_PAT,29.0,2.0,58.0,Cash,In-store,2022-01-17,False,1642377600
TXN_3454798,CUST_04,Milk Products,Item_6_MILK,12.5,4.0,50.0,Cash,In-store,2023-12-04,True,1701648000
TXN_8283036,CUST_06,Food,Item_18_FOOD,30.5,2.0,61.0,Credit Card,In-store,2024-09-30,False,1727654400
TXN_1551643,CUST_23,Computers and electric accessories,Item_12_CEA,21.5,3.0,64.5,Credit Card,In-store,2023-11-09,True,1699488000
TXN_6764514,CUST_04,Electric household essentials,Item_8_EHE,15.5,8.0,124.0,Digital Wallet,Online,2022-07-23,True,1658534400
TXN_8853331,CUST_25,Butchers,Item_12_BUT,21.5,5.0,107.5,Credit Card,Online,2024-06-01,True,1717200000
TXN_1422045,CUST_09,Beverages,Item_20_BEV,33.5,7.0,234.5,Digital Wallet,Online,2024-08-17,False,1723852800
TXN_9800440,CUST_16,Furniture,Item_17_FUR,29.0,6.0,174.0,Digital Wallet,Online,2023-12-19,False,1702944000
TXN_8508878,CUST_03,Computers and electric accessories,Item_2_CEA,6.5,9.0,58.5,Cash,In-store,2023-10-05,True,1696464000
TXN_2951536,CUST_12,Beverages,Item_12_BEV,21.5,6.0,129.0,Cash,Online,2022-10-21,True,1666310400
TXN_4235196,CUST_13,Food,Item_6_FOOD,12.5,9.0,112.5,Digital Wallet,In-store,2024-02-28,False,1709078400
TXN_7191353,CUST_08,Beverages,Item_17_BEV,29.0,10.0,290.0,Digital Wallet,In-store,2024-01-19,False,1705622400
TXN_9575417,CUST_04,Furniture,Item_12_FUR,21.5,2.0,43.0,Digital Wallet,In-store,2022-05-15,False,1652572800
TXN_8476669,CUST_17,Butchers,Item_18_BUT,30.5,5.0,152.5,Digital Wallet,Online,2022-06-29,False,1656460800
TXN_7672297,CUST_06,Food,Item_21_FOOD,35.0,4.0,140.0,Cash,In-store,2023-03-30,True,1680134400
TXN_4379449,CUST_19,Patisserie,Item_15_PAT,26.0,7.0,182.0,Credit Card,In-store,2023-10-22,False,1697932800
TXN_9930960,CUST_08,Milk Products,Item_3_MILK,8.0,3.0,24.0,Digital Wallet,Online,2023-11-02,False,1698883200
TXN_6183279,CUST_06,Food,Item_11_FOOD,20.0,4.0,80.0,Credit Card,Online,2024-12-21,True,1734739200
TXN_1481798,CUST_21,Electric household essentials,Item_13_EHE,23.0,1.0,23.0,Credit Card,Online,2023-05-09,False,1683590400
TXN_7510710,CUST_16,Electric household essentials,Item_23_EHE,38.0,4.0,152.0,Digital Wallet,Online,2023-06-26,False,1687737600
TXN_5436799,CUST_15,Beverages,Item_4_BEV,9.5,2.0,19.0,Digital Wallet,In-store,2024-03-31,False,1711843200
TXN_7964647,CUST_16,Computers and electric accessories,Item_7_CEA,14.0,9.0,126.0,Digital Wallet,Online,2022-03-27,True,1648339200
TXN_3408382,CUST_21,Furniture,Item_20_FUR,33.5,3.0,100.5,Cash,In-store,2022-01-27,False,1643241600
TXN_6486541,CUST_22,Butchers,Item_25_BUT,41.0,7.0,287.0,Digital Wallet,Online,2023-09-29,False,1695945600
TXN_6730028,CUST_09,Butchers,Item_23_BUT,38.0,1.0,38.0,Digital Wallet,In-store,2024-05-18,True,1715990400
TXN_8879321,CUST_24,Electric household essentials,Item_15_EHE,26.0,7.0,182.0,Digital Wallet,In-store,2024-04-28,True,1714262400
TXN_2912976,CUST_07,Beverages,Item_2_BEV,6.5,3.0,19.5,Credit Card,In-store,2024-04-05,True,1712275200
TXN_5533070,CUST_12,Electric household essentials,Item_20_EHE,33.5,1.0,33.5,Digital Wallet,Online,2023-05-15,True,1684108800
TXN_8685497,CUST_13,Electric household essentials,Item_23_EHE,38.0,8.0,304.0,Credit Card,In-store,2022-08-22,False,1661126400
TXN_7633013,CUST_08,Beverages,Item_11_BEV,20.0,2.0,40.0,Credit Card,Online,2022-05-03,False,1651536000
TXN_2333490,CUST_16,Butchers,Item_3_BUT,8.0,6.0,48.0,Digital Wallet,In-store,2024-02-13,False,1707782400
TXN_2158875,CUST_07,Milk Products,Item_7_MILK,14.0,3.0,42.0,Digital Wallet,Online,2023-01-03,True,1672704000
TXN_5456972,CUST_16,Electric household essentials,Item_25_EHE,41.0,2.0,82.0,Cash,In-store,2023-11-05,True,1699142400
TXN_2952993,CUST_08,Beverages,Item_6_BEV,12.5,1.0,12.5,Credit Card,In-store,2024-11-20,True,1732060800
TXN_9315342,CUST_23,Computers and electric accessories,Item_15_CEA,26.0,8.0,208.0,Digital Wallet,Online,2024-07-18,False,1721260800
TXN_6117034,CUST_15,Computers and electric accessories,Item_12_CEA,21.5,2.0,43.0,Digital Wallet,In-store,2023-05-16,True,1684195200
TXN_4691043,CUST_20,Beverages,Item_11_BEV,20.0,6.0,120.0,Cash,Online,2022-05-06,True,1651795200
TXN_1840133,CUST_07,Beverages,Item_11_BEV,20.0,9.0,180.0,Credit Card,Online,2023-06-25,False,1687651200
TXN_6563779,CUST_22,Food,Item_21_FOOD,35.0,1.0,35.0,Credit Card,In-store,2023-07-27,True,1690416000
TXN_3240724,CUST_24,Patisserie,Item_8_PAT,15.5,10.0,155.0,Cash,In-store,2024-02-18,False,1708214400
TXN_5709336,CUST_10,Food,Item_4_FOOD,9.5,2.0,19.0,Credit Card,In-store,2025-01-18,True,1737158400
TXN_6673236,CUST_22,Milk Products,Item_16_MILK,27.5,5.0,137.5,Digital Wallet,In-store,2022-10-05,True,1664928000
TXN_3056537,CUST_05,Computers and electric accessories,Item_20_CEA,33.5,3.0,100.5,Digital Wallet,Online,2024-08-06,True,1722902400
TXN_4062925,CUST_07,Beverages,Item_9_BEV,17.0,8.0,136.0,Cash,Online,2023-08-10,False,1691625600
TXN_7399994,CUST_08,Food,Item_22_FOOD,36.5,5.0,182.5,Digital Wallet,In-store,2023-07-26,True,1690329600
TXN_4116590,CUST_11,Food,Item_3_FOOD,8.0,1.0,8.0,Cash,In-store,2022-04-24,True,1650758400
TXN_9811351,CUST_07,Electric household essentials,Item_2_EHE,6.5,6.0,39.0,Digital Wallet,In-store,2023-05-22,False,1684713600
TXN_7478191,CUST_02,Furniture,Item_16_FUR,27.5,2.0,55.0,Cash,In-store,2023-12-26,True,1703548800
TXN_6850311,CUST_03,Butchers,Item_20_BUT,33.5,2.0,67.0,Cash,In-store,2022-06-26,False,1656201600
TXN_9576872,CUST_01,Computers and electric accessories,Item_12_CEA,21.5,3.0,64.5,Cash,In-store,2022-11-15,True,1668470400
TXN_4376840,CUST_21,Computers and electric accessories,Item_14_CEA,24.5,8.0,196.0,Digital Wallet,Online,2024-06-15,False,1718409600
TXN_1148392,CUST_14,Computers and electric accessories,Item_11_CEA,20.0,5.0,100.0,Credit Card,Online,2022-08-05,False,1659657600
TXN_2621151,CUST_24,Beverages,Item_16_BEV,27.5,5.0,137.5,Credit Card,Online,2024-11-28,False,1732752000
TXN_2014213,CUST_24,Food,Item_17_FOOD,29.0,3.0,87.0,Credit Card,Online,2023-01-05,True,1672876800
TXN_2665357,CUST_15,Butchers,Item_13_BUT,23.0,3.0,69.0,Cash,Online,2022-12-24,False,1671840000
TXN_5710989,CUST_21,Beverages,Item_25_BEV,41.0,10.0,410.0,Credit Card,In-store,2023-08-13,True,1691884800
TXN_2305142,CUST_03,Patisserie,Item_15_PAT,26.0,1.0,26.0,Cash,Online,2024-08-06,False,1722902400
TXN_5214483,CUST_22,Computers and electric accessories,Item_18_CEA,30.5,2.0,61.0,Credit Card,In-store,2022-07-03,True,1656806400
TXN_7172192,CUST_20,Butchers,Item_2_BUT,6.5,1.0,6.5,Credit Card,In-store,2023-07-03,True,1688342400
TXN_4398511,CUST_07,Furniture,Item_6_FUR,12.5,5.0,62.5,Cash,In-store,2022-02-20,False,1645315200
TXN_5878279,CUST_02,Furniture,Item_5_FUR,11.0,7.0,77.0,Cash,Online,2024-02-25,False,1708819200
TXN_3972926,CUST_20,Computers and electric accessories,Item_25_CEA,41.0,8.0,328.0,Credit Card,In-store,2022-10-11,False,1665446400
TXN_2337021,CUST_17,Computers and electric accessories,Item_9_CEA,17.0,1.0,17.0,Cash,In-store,2024-01-28,False,1706400000
TXN_9213019,CUST_22,Patisserie,Item_12_PAT,21.5,7.0,150.5,Digital Wallet,Online,2023-03-29,False,1680048000
TXN_3867607,CUST_19,Furniture,Item_20_FUR,33.5,3.0,100.5,Credit Card,Online,2023-05-10,True,1683676800
TXN_3348669,CUST_09,Beverages,Item_4_BEV,9.5,5.0,47.5,Credit Card,Online,2022-02-21,True,1645401600
TXN_8276463,CUST_24,Electric household essentials,Item_11_EHE,20.0,6.0,120.0,Digital Wallet,Online,2024-03-27,True,1711497600
TXN_9544241,CUST_15,Food,Item_7_FOOD,14.0,9.0,126.0,Cash,In-store,2023-07-07,False,1688688000
TXN_4296408,CUST_04,Butchers,Item_13_BUT,23.0,6.0,138.0,Cash,Online,2022-08-26,True,1661472000
TXN_8711676,CUST_19,Furniture,Item_14_FUR,24.5,8.0,196.0,Digital Wallet,Online,2022-01-09,True,1641686400
TXN_2838184,CUST_21,Computers and electric accessories,Item_5_CEA,11.0,8.0,88.0,Credit Card,Online,2022-03-15,True,1647302400
TXN_2396087,CUST_16,Computers and electric accessories,Item_12_CEA,21.5,10.0,215.0,Credit Card,Online,2022-03-12,False,1647043200
TXN_6234812,CUST_06,Computers and electric accessories,Item_7_CEA,14.0,6.0,84.0,Credit Card,In-store,2024-09-08,True,1725753600
TXN_1547338,CUST_14,Patisserie,Item_11_PAT,20.0,3.0,60.0,Credit Card,Online,2023-03-21,False,1679356800
TXN_6809427,CUST_16,Furniture,Item_5_FUR,11.0,2.0,22.0,Digital Wallet,Online,2024-09-30,True,1727654400
TXN_6500125,CUST_08,Computers and electric accessories,Item_20_CEA,33.5,8.0,268.0,Cash,Online,2024-11-09,False,1731110400
TXN_9234803,CUST_10,Butchers,Item_11_BUT,20.0,8.0,160.0,Cash,In-store,2022-02-14,True,1644796800
TXN_2169323,CUST_25,Milk Products,Item_13_MILK,23.0,9.0,207.0,Cash,Online,2024-05-22,True,1716336000
TXN_9493303,CUST_13,Computers and electric accessories,Item_21_CEA,35.0,10.0,350.0,Credit Card,Online,2023-11-04,True,1699056000
TXN_3515383,CUST_07,Computers and electric accessories,Item_10_CEA,18.5,6.0,111.0,Cash,In-store,2023-09-13,True,1694563200
TXN_6065064,CUST_03,Patisserie,Item_4_PAT,9.5,4.0,38.0,Digital Wallet,In-store,2023-05-24,False,1684886400
TXN_6878442,CUST_12,Furniture,Item_1_FUR,5.0,4.0,20.0,Credit Card,In-store,2022-02-23,True,1645574400
TXN_2898737,CUST_11,Computers and electric accessories,Item_22_CEA,36.5,7.0,255.5,Digital Wallet,Online,2024-06-08,True,1717804800
TXN_4865786,CUST_14,Electric household essentials,Item_8_EHE,15.5,9.0,139.5,Cash,Online,2023-02-25,False,1677283200
TXN_6392061,CUST_16,Beverages,Item_24_BEV,39.5,5.0,197.5,Digital Wallet,Online,2023-01-30,True,1675036800
TXN_6811437,CUST_23,Furniture,Item_3_FUR,8.0,4.0,32.0,Digital Wallet,In-store,2024-01-28,False,1706400000
TXN_5902799,CUST_15,Milk Products,Item_3_MILK,8.0,4.0,32.0,Credit Card,Online,2023-09-03,True,1693699200
TXN_1294354,CUST_10,Electric household essentials,Item_21_EHE,35.0,6.0,210.0,Digital Wallet,In-store,2024-07-06,True,1720224000
TXN_5586175,CUST_08,Beverages,Item_9_BEV,17.0,6.0,102.0,Cash,In-store,2023-01-07,True,1673049600
TXN_9063254,CUST_04,Furniture,Item_11_FUR,20.0,9.0,180.0,Cash,In-store,2022-04-02,False,1648857600
TXN_3396013,CUST_15,Butchers,Item_17_BUT,29.0,2.0,58.0,Digital Wallet,Online,2022-08-24,False,1661299200
TXN_4425679,CUST_16,Electric household essentials,Item_8_EHE,15.5,2.0,31.0,Credit Card,In-store,2022-11-09,False,1667952000
TXN_4212096,CUST_19,Beverages,Item_25_BEV,41.0,2.0,82.0,Digital Wallet,Online,2024-10-16,True,1729036800
TXN_3046542,CUST_03,Furniture,Item_24_FUR,39.5,7.0,276.5,Digital Wallet,Online,2024-04-09,False,1712620800
TXN_5498797,CUST_24,Beverages,Item_19_BEV,32.0,4.0,128.0,Digital Wallet,Online,2023-01-25,True,1674604800
TXN_9961587,CUST_18,Beverages,Item_2_BEV,6.5,3.0,19.5,Cash,Online,2022-11-21,False,1668988800
TXN_5645945,CUST_01,Milk Products,Item_17_MILK,29.0,8.0,232.0,Credit Card,Online,2024-01-24,False,1706054400
TXN_2752080,CUST_20,Milk Products,Item_24_MILK,39.5,5.0,197.5,Digital Wallet,In-store,2023-02-18,True,1676678400
TXN_9365217,CUST_23,Butchers,Item_20_BUT,33.5,8.0,268.0,Cash,In-store,2024-05-11,False,1715385600
TXN_8371014,CUST_10,Electric household essentials,Item_20_EHE,33.5,10.0,335.0,Cash,In-store,2023-11-24,False,1700784000
TXN_7275004,CUST_14,Computers and electric accessories,Item_19_CEA,32.0,5.0,160.0,Digital Wallet,In-store,2024-08-14,False,1723593600
TXN_6629897,CUST_11,Beverages,Item_18_BEV,30.5,7.0,213.5,Credit Card,In-store,2024-03-05,True,1709596800
TXN_6921763,CUST_23,Butchers,Item_20_BUT,33.5,4.0,134.0,Cash,In-store,2023-06-15,False,1686787200
TXN_8568204,CUST_23,Food,Item_18_FOOD,30.5,10.0,305.0,Digital Wallet,In-store,2022-12-08,False,1670457600
TXN_2648609,CUST_11,Milk Products,Item_11_MILK,20.0,6.0,120.0,Credit Card,In-store,2022-09-23,False,1663891200
TXN_7986151,CUST_17,Food,Item_20_FOOD,33.5,5.0,167.5,Digital Wallet,Online,2023-12-07,True,1701907200
TXN_8350913,CUST_02,Electric household essentials,Item_9_EHE,17.0,10.0,170.0,Credit Card,Online,2022-05-31,False,1653955200
TXN_1715848,CUST_08,Computers and electric accessories,Item_12_CEA,21.5,5.0,107.5,Cash,In-store,2024-09-15,True,1726358400
TXN_9209672,CUST_05,Furniture,Item_17_FUR,29.0,3.0,87.0,Cash,Online,2024-06-05,False,1717545600
TXN_1287015,CUST_05,Beverages,Item_4_BEV,9.5,6.0,57.0,Digital Wallet,Online,2022-04-20,False,1650412800
TXN_5936964,CUST_04,Milk Products,Item_3_MILK,8.0,10.0,80.0,Credit Card,Online,2024-11-12,False,1731369600
TXN_8551130,CUST_19,Furniture,Item_25_FUR,41.0,7.0,287.0,Cash,Online,2022-03-23,True,1647993600
TXN_1195231,CUST_24,Electric household essentials,Item_1_EHE,5.0,8.0,40.0,Digital Wallet,In-store,2022-11-28,False,1669593600
TXN_2241242,CUST_25,Furniture,Item_24_FUR,39.5,5.0,197.5,Digital Wallet,In-store,2024-03-16,False,1710547200
TXN_2654851,CUST_02,Butchers,Item_12_BUT,21.5,5.0,107.5,Credit Card,Online,2024-01-12,False,1705017600
TXN_3846417,CUST_17,Beverages,Item_9_BEV,17.0,2.0,34.0,Cash,In-store,2024-03-30,True,1711756800
TXN_6434836,CUST_17,Patisserie,Item_12_PAT,21.5,7.0,150.5,Cash,In-store,2024-05-16,True,1715817600
TXN_6928841,CUST_02,Butchers,Item_4_BUT,9.5,6.0,57.0,Digital Wallet,In-store,2022-07-09,True,1657324800
TXN_9885565,CUST_21,Milk Products,Item_11_MILK,20.0,10.0,200.0,Cash,In-store,2023-01-24,False,1674518400
TXN_3056004,CUST_22,Butchers,Item_17_BUT,29.0,5.0,145.0,Credit Card,Online,2022-11-30,True,1669766400
TXN_8219398,CUST_05,Milk Products,Item_4_MILK,9.5,3.0,28.5,Digital Wallet,In-store,2023-10-24,True,1698105600
TXN_7178378,CUST_24,Beverages,Item_3_BEV,8.0,4.0,32.0,Cash,Online,2024-05-17,True,1715904000
TXN_1055174,CUST_12,Computers and electric accessories,Item_14_CEA,24.5,2.0,49.0,Cash,In-store,2022-06-17,True,1655424000
TXN_6064627,CUST_01,Beverages,Item_3_BEV,8.0,9.0,72.0,Cash,Online,2022-08-21,True,1661040000
TXN_9313276,CUST_22,Electric household essentials,Item_25_EHE,41.0,6.0,246.0,Digital Wallet,In-store,2023-02-02,True,1675296000
TXN_1223573,CUST_14,Computers and electric accessories,Item_6_CEA,12.5,3.0,37.5,Credit Card,In-store,2024-04-06,True,1712361600
TXN_8835062,CUST_10,Patisserie,Item_8_PAT,15.5,9.0,139.5,Digital Wallet,In-store,2022-11-02,True,1667347200
TXN_9367468,CUST_25,Milk Products,Item_17_MILK,29.0,4.0,116.0,Cash,In-store,2024-07-12,False,1720742400
TXN_8782783,CUST_05,Food,Item_18_FOOD,30.5,4.0,122.0,Cash,In-store,2022-03-06,True,1646524800
TXN_2566784,CUST_10,Electric household essentials,Item_13_EHE,23.0,9.0,207.0,Digital Wallet,Online,2022-07-23,True,1658534400
TXN_5853925,CUST_01,Patisserie,Item_6_PAT,12.5,2.0,25.0,Credit Card,Online,2024-06-23,True,1719100800
TXN_9038879,CUST_16,Butchers,Item_15_BUT,26.0,1.0,26.0,Digital Wallet,Online,2022-03-22,True,1647907200
TXN_5277679,CUST_20,Computers and electric accessories,Item_18_CEA,30.5,1.0,30.5,Credit Card,In-store,2023-06-08,False,1686182400
TXN_9364068,CUST_16,Butchers,Item_18_BUT,30.5,8.0,244.0,Cash,Online,2024-10-08,False,1728345600
TXN_1785816,CUST_01,Milk Products,Item_24_MILK,39.5,6.0,237.0,Credit Card,In-store,2024-01-16,True,1705363200
TXN_2092821,CUST_21,Electric household essentials,Item_7_EHE,14.0,6.0,84.0,Cash,In-store,2023-11-23,True,1700697600
TXN_4702637,CUST_24,Computers and electric accessories,Item_25_CEA,41.0,9.0,369.0,Credit Card,In-store,2024-06-20,True,1718841600
TXN_8022463,CUST_18,Furniture,Item_23_FUR,38.0,7.0,266.0,Credit Card,In-store,2022-01-10,True,1641772800
TXN_1198866,CUST_11,Patisserie,Item_15_PAT,26.0,8.0,208.0,Credit Card,Online,2022-01-12,False,1641945600
TXN_3753292,CUST_17,Electric household essentials,Item_5_EHE,11.0,8.0,88.0,Credit Card,Online,2024-05-22,True,1716336000
TXN_4297569,CUST_07,Beverages,Item_17_BEV,29.0,10.0,290.0,Cash,Online,2023-05-10,False,1683676800
TXN_9644345,CUST_05,Computers and electric accessories,Item_14_CEA,24.5,2.0,49.0,Cash,Online,2024-05-04,False,1714780800
TXN_4857821,CUST_20,Beverages,Item_17_BEV,29.0,4.0,116.0,Cash,In-store,2024-03-02,False,1709337600
TXN_1980146,CUST_18,Furniture,Item_18_FUR,30.5,8.0,244.0,Cash,Online,2022-05-15,True,1652572800
TXN_2694884,CUST_01,Patisserie,Item_22_PAT,36.5,7.0,255.5,Cash,Online,2024-12-13,True,1734048000
TXN_1382113,CUST_23,Beverages,Item_20_BEV,33.5,1.0,33.5,Digital Wallet,Online,2022-03-28,False,1648425600
TXN_3256982,CUST_09,Beverages,Item_16_BEV,27.5,5.0,137.5,Digital Wallet,Online,2022-07-31,True,1659225600
TXN_8830578,CUST_18,Electric household essentials,Item_6_EHE,12.5,9.0,112.5,Cash,Online,2023-04-17,False,1681689600
TXN_8658665,CUST_22,Patisserie,Item_4_PAT,9.5,5.0,47.5,Cash,In-store,2022-09-09,False,1662681600
TXN_4369693,CUST_11,Food,Item_9_FOOD,17.0,2.0,34.0,Cash,In-store,2022-07-02,True,1656720000
TXN_9100315,CUST_06,Beverages,Item_19_BEV,32.0,10.0,320.0,Digital Wallet,Online,2024-12-11,False,1733875200
TXN_6038207,CUST_02,Patisserie,Item_5_PAT,11.0,4.0,44.0,Digital Wallet,In-store,2024-12-26,False,1735171200
TXN_6025445,CUST_06,Butchers,Item_22_BUT,36.5,10.0,365.0,Cash,In-store,2023-11-24,False,1700784000
TXN_8591611,CUST_21,Electric household essentials,Item_13_EHE,23.0,9.0,207.0,Digital Wallet,Online,2024-08-14,True,1723593600
TXN_9989402,CUST_05,Beverages,Item_15_BEV,26.0,5.0,130.0,Cash,Online,2025-01-01,False,1735689600
TXN_6469412,CUST_15,Beverages,Item_3_BEV,8.0,1.0,8.0,Digital Wallet,In-store,2023-04-04,True,1680566400
TXN_9160928,CUST_11,Patisserie,Item_7_PAT,14.0,1.0,14.0,Digital Wallet,Online,2022-08-03,False,1659484800
TXN_6928165,CUST_06,Computers and electric accessories,Item_5_CEA,11.0,9.0,99.0,Credit Card,Online,2022-05-24,True,1653350400
TXN_8047214,CUST_19,Milk Products,Item_18_MILK,30.5,4.0,122.0,Cash,Online,2022-05-17,True,1652745600
TXN_3404090,CUST_08,Butchers,Item_3_BUT,8.0,2.0,16.0,Digital Wallet,Online,2022-07-27,False,1658880000
TXN_4975771,CUST_21,Food,Item_4_FOOD,9.5,7.0,66.5,Digital Wallet,Online,2022-06-12,True,1654992000
TXN_7887414,CUST_15,Computers and electric accessories,Item_19_CEA,32.0,9.0,288.0,Digital Wallet,In-store,2023-05-26,False,1685059200
TXN_7285632,CUST_04,Furniture,Item_19_FUR,32.0,6.0,192.0,Cash,In-store,2024-07-23,False,1721692800
TXN_3635725,CUST_04,Furniture,Item_21_FUR,35.0,5.0,175.0,Digital Wallet,In-store,2024-06-22,True,1719014400
TXN_8949666,CUST_01,Patisserie,Item_17_PAT,29.0,2.0,58.0,Digital Wallet,In-store,2022-11-16,True,1668556800
TXN_7402104,CUST_03,Computers and electric accessories,Item_5_CEA,11.0,8.0,88.0,Credit Card,Online,2024-07-31,False,1722384000
TXN_3521530,CUST_11,Beverages,Item_14_BEV,24.5,5.0,122.5,Credit Card,In-store,2023-01-30,True,1675036800
TXN_2527692,CUST_20,Computers and electric accessories,Item_12_CEA,21.5,7.0,150.5,Credit Card,In-store,2023-01-31,False,1675123200
TXN_6590291,CUST_07,Patisserie,Item_7_PAT,14.0,3.0,42.0,Digital Wallet,Online,2022-05-01,True,1651363200
TXN_5635056,CUST_04,Computers and electric accessories,Item_9_CEA,17.0,6.0,102.0,Cash,Online,2023-04-24,True,1682294400
TXN_7304233,CUST_22,Food,Item_25_FOOD,41.0,6.0,246.0,Digital Wallet,In-store,2023-03-02,False,1677715200
TXN_9253623,CUST_08,Patisserie,Item_1_PAT,5.0,2.0,10.0,Cash,Online,2023-01-06,False,1672963200
TXN_6165989,CUST_13,Food,Item_5_FOOD,11.0,5.0,55.0,Digital Wallet,Online,2023-12-13,False,1702425600
TXN_1046262,CUST_14,Milk Products,Item_7_MILK,14.0,5.0,70.0,Cash,In-store,2022-11-19,False,1668816000
TXN_9201978,CUST_21,Butchers,Item_3_BUT,8.0,4.0,32.0,Cash,Online,2024-01-08,True,1704672000
TXN_7454284,CUST_06,Computers and electric accessories,Item_18_CEA,30.5,6.0,183.0,Cash,In-store,2022-09-13,False,1663027200
TXN_8123523,CUST_04,Milk Products,Item_21_MILK,35.0,10.0,350.0,Cash,Online,2022-07-01,True,1656633600
TXN_9861930,CUST_12,Electric household essentials,Item_6_EHE,12.5,2.0,25.0,Digital Wallet,Online,2022-04-15,True,1649980800
TXN_3499913,CUST_11,Furniture,Item_15_FUR,26.0,10.0,260.0,Credit Card,Online,2022-12-03,False,1670025600
TXN_1913469,CUST_20,Electric household essentials,Item_20_EHE,33.5,2.0,67.0,Digital Wallet,Online,2022-09-19,False,1663545600
TXN_8008279,CUST_17,Beverages,Item_10_BEV,18.5,10.0,185.0,Cash,Online,2022-11-18,True,1668729600
TXN_7044349,CUST_01,Food,Item_25_FOOD,41.0,2.0,82.0,Credit Card,In-store,2022-04-22,True,1650585600
TXN_2345067,CUST_08,Patisserie,Item_4_PAT,9.5,5.0,47.5,Digital Wallet,In-store,2022-10-02,False,1664668800
TXN_7720273,CUST_23,Beverages,Item_7_BEV,14.0,2.0,28.0,Credit Card,In-store,2024-07-26,True,1721952000
TXN_5600824,CUST_08,Electric household essentials,Item_19_EHE,32.0,9.0,288.0,Digital Wallet,Online,2023-10-29,False,1698537600
TXN_8155559,CUST_02,Butchers,Item_7_BUT,14.0,2.0,28.0,Cash,In-store,2023-05-26,False,1685059200
TXN_6806342,CUST_02,Furniture,Item_3_FUR,8.0,8.0,64.0,Digital Wallet,In-store,2022-08-13,True,1660348800
TXN_2121764,CUST_16,Computers and electric accessories,Item_5_CEA,11.0,9.0,99.0,Cash,Online,2022-02-14,False,1644796800
TXN_8437474,CUST_20,Computers and electric accessories,Item_2_CEA,6.5,10.0,65.0,Cash,In-store,2022-05-25,True,1653436800
TXN_1470677,CUST_24,Milk Products,Item_2_MILK,6.5,6.0,39.0,Cash,Online,2023-07-31,True,1690761600
TXN_5810679,CUST_19,Computers and electric accessories,Item_23_CEA,38.0,8.0,304.0,Credit Card,In-store,2024-11-24,True,1732406400
TXN_5483650,CUST_04,Computers and electric accessories,Item_19_CEA,32.0,8.0,256.0,Credit Card,Online,2022-09-21,False,1663718400
TXN_6087995,CUST_01,Electric household essentials,Item_13_EHE,23.0,6.0,138.0,Digital Wallet,In-store,2024-01-16,False,1705363200
TXN_6696518,CUST_20,Computers and electric accessories,Item_5_CEA,11.0,6.0,66.0,Cash,In-store,2024-10-20,False,1729382400
TXN_8688377,CUST_25,Milk Products,Item_12_MILK,21.5,1.0,21.5,Credit Card,Online,2024-02-10,True,1707523200
TXN_3171599,CUST_06,Patisserie,Item_12_PAT,21.5,9.0,193.5,Credit Card,In-store,2023-06-02,True,1685664000
TXN_2458698,CUST_05,Patisserie,Item_7_PAT,14.0,3.0,42.0,Digital Wallet,Online,2022-08-27,False,1661558400
TXN_5969212,CUST_04,Patisserie,Item_4_PAT,9.5,10.0,95.0,Digital Wallet,In-store,2024-10-14,True,1728864000
TXN_8869702,CUST_06,Computers and electric accessories,Item_6_CEA,12.5,9.0,112.5,Digital Wallet,Online,2023-07-14,False,1689292800
TXN_9247458,CUST_25,Butchers,Item_1_BUT,5.0,6.0,30.0,Credit Card,In-store,2023-05-04,False,1683158400
TXN_2297342,CUST_07,Computers and electric accessories,Item_19_CEA,32.0,10.0,320.0,Digital Wallet,Online,2022-08-01,False,1659312000
TXN_1451533,CUST_07,Computers and electric accessories,Item_5_CEA,11.0,9.0,99.0,Digital Wallet,Online,2023-02-15,False,1676419200
TXN_4431438,CUST_05,Furniture,Item_5_FUR,11.0,6.0,66.0,Credit Card,Online,2023-12-31,True,1703980800
TXN_5692167,CUST_18,Electric household essentials,Item_6_EHE,12.5,2.0,25.0,Cash,In-store,2024-09-25,False,1727222400
TXN_2858218,CUST_24,Beverages,Item_24_BEV,39.5,9.0,355.5,Digital Wallet,In-store,2024-06-04,True,1717459200
TXN_3457042,CUST_07,Butchers,Item_25_BUT,41.0,7.0,287.0,Cash,Online,2022-02-06,False,1644105600
TXN_8170521,CUST_09,Furniture,Item_2_FUR,6.5,1.0,6.5,Digital Wallet,In-store,2024-02-19,True,1708300800
TXN_4571221,CUST_12,Food,Item_1_FOOD,5.0,5.0,25.0,Digital Wallet,Online,2022-03-30,False,1648598400
TXN_7439015,CUST_17,Beverages,Item_24_BEV,39.5,2.0,79.0,Cash,In-store,2024-09-18,True,1726617600
TXN_4255190,CUST_13,Food,Item_14_FOOD,24.5,6.0,147.0,Digital Wallet,In-store,2023-03-15,False,1678838400
TXN_5838263,CUST_10,Milk Products,Item_7_MILK,14.0,8.0,112.0,Credit Card,Online,2022-04-26,False,1650931200
TXN_4617673,CUST_24,Furniture,Item_5_FUR,11.0,2.0,22.0,Digital Wallet,In-store,2022-03-02,False,1646179200
TXN_8648672,CUST_04,Electric household essentials,Item_2_EHE,6.5,6.0,39.0,Digital Wallet,In-store,2022-07-01,False,1656633600
TXN_6440331,CUST_17,Milk Products,Item_19_MILK,32.0,2.0,64.0,Credit Card,In-store,2022-03-31,True,1648684800
TXN_5821224,CUST_11,Milk Products,Item_16_MILK,27.5,9.0,247.5,Credit Card,In-store,2022-05-21,True,1653091200
TXN_9550618,CUST_23,Beverages,Item_24_BEV,39.5,7.0,276.5,Cash,Online,2022-11-07,True,1667779200
TXN_7842114,CUST_23,Food,Item_14_FOOD,24.5,6.0,147.0,Cash,Online,2023-03-11,False,1678492800
TXN_6182431,CUST_07,Milk Products,Item_1_MILK,5.0,9.0,45.0,Digital Wallet,Online,2024-03-03,True,1709424000
TXN_6666892,CUST_01,Beverages,Item_11_BEV,20.0,3.0,60.0,Cash,Online,2023-05-22,True,1684713600
TXN_2880014,CUST_12,Computers and electric accessories,Item_12_CEA,21.5,5.0,107.5,Cash,In-store,2023-01-03,False,1672704000
TXN_7641109,CUST_13,Patisserie,Item_20_PAT,33.5,8.0,268.0,Cash,In-store,2023-08-20,True,1692489600
TXN_4193004,CUST_15,Computers and electric accessories,Item_4_CEA,9.5,4.0,38.0,Digital Wallet,In-store,2023-10-23,False,1698019200
TXN_5951718,CUST_06,Furniture,Item_19_FUR,32.0,6.0,192.0,Credit Card,In-store,2024-04-22,False,1713744000
TXN_5174529,CUST_20,Patisserie,Item_12_PAT,21.5,8.0,172.0,Credit Card,In-store,2024-05-13,True,1715558400
TXN_4481519,CUST_03,Butchers,Item_23_BUT,38.0,8.0,304.0,Cash,In-store,2023-05-07,False,1683417600
TXN_2681399,CUST_24,Butchers,Item_22_BUT,36.5,3.0,109.5,Cash,In-store,2023-10-17,True,1697500800
TXN_4279707,CUST_19,Furniture,Item_2_FUR,6.5,2.0,13.0,Cash,Online,2022-03-03,True,1646265600
TXN_1384378,CUST_05,Computers and electric accessories,Item_18_CEA,30.5,7.0,213.5,Credit Card,In-store,2023-09-24,True,1695513600
TXN_6609869,CUST_08,Milk Products,Item_17_MILK,29.0,10.0,290.0,Digital Wallet,Online,2024-11-02,False,1730505600
TXN_2808540,CUST_23,Computers and electric accessories,Item_18_CEA,30.5,6.0,183.0,Digital Wallet,Online,2023-02-25,True,1677283200
TXN_4909656,CUST_23,Milk Products,Item_24_MILK,39.5,7.0,276.5,Credit Card,In-store,2023-07-09,True,1688860800
TXN_4062425,CUST_04,Electric household essentials,Item_4_EHE,9.5,7.0,66.5,Digital Wallet,In-store,2024-06-21,False,1718928000
TXN_1919855,CUST_14,Food,Item_18_FOOD,30.5,5.0,152.5,Credit Card,In-store,2022-07-09,True,1657324800
TXN_6329610,CUST_11,Computers and electric accessories,Item_12_CEA,21.5,6.0,129.0,Digital Wallet,Online,2022-04-12,False,1649721600
TXN_5729612,CUST_11,Patisserie,Item_23_PAT,38.0,8.0,304.0,Digital Wallet,Online,2022-10-10,True,1665360000
TXN_6082372,CUST_10,Furniture,Item_23_FUR,38.0,5.0,190.0,Digital Wallet,In-store,2022-03-27,True,1648339200
TXN_4076284,CUST_05,Milk Products,Item_8_MILK,15.5,2.0,31.0,Credit Card,Online,2025-01-12,True,1736640000
TXN_2593320,CUST_04,Milk Products,Item_8_MILK,15.5,6.0,93.0,Credit Card,In-store,2023-01-21,False,1674259200
TXN_8574556,CUST_13,Milk Products,Item_19_MILK,32.0,4.0,128.0,Cash,Online,2023-04-17,False,1681689600
TXN_7517582,CUST_24,Computers and electric accessories,Item_11_CEA,20.0,9.0,180.0,Credit Card,Online,2022-08-07,True,1659830400
TXN_2284744,CUST_11,Furniture,Item_5_FUR,11.0,7.0,77.0,Cash,Online,2024-09-30,True,1727654400
TXN_9760823,CUST_11,Beverages,Item_1_BEV,5.0,5.0,25.0,Credit Card,In-store,2023-06-14,False,1686700800
TXN_6090167,CUST_06,Beverages,Item_8_BEV,15.5,7.0,108.5,Cash,In-store,2023-11-18,True,1700265600
TXN_5380293,CUST_05,Computers and electric accessories,Item_19_CEA,32.0,6.0,192.0,Cash,In-store,2024-10-08,False,1728345600
TXN_8616642,CUST_20,Milk Products,Item_22_MILK,36.5,4.0,146.0,Digital Wallet,Online,2023-11-06,False,1699228800
TXN_2417229,CUST_13,Computers and electric accessories,Item_7_CEA,14.0,2.0,28.0,Cash,In-store,2022-06-08,False,1654646400
TXN_4721128,CUST_22,Electric household essentials,Item_15_EHE,26.0,3.0,78.0,Cash,In-store,2023-07-08,False,1688774400
TXN_9316296,CUST_13,Patisserie,Item_20_PAT,33.5,9.0,301.5,Cash,Online,2022-06-18,True,1655510400
TXN_3795064,CUST_06,Food,Item_14_FOOD,24.5,6.0,147.0,Cash,In-store,2023-09-27,True,1695772800
TXN_5983240,CUST_13,Electric household essentials,Item_23_EHE,38.0,5.0,190.0,Credit Card,In-store,2023-04-25,True,1682380800
TXN_3081988,CUST_16,Beverages,Item_4_BEV,9.5,2.0,19.0,Credit Card,Online,2024-06-08,False,1717804800
TXN_2080604,CUST_23,Computers and electric accessories,Item_11_CEA,20.0,3.0,60.0,Digital Wallet,Online,2024-06-18,False,1718668800
TXN_9217850,CUST_03,Food,Item_10_FOOD,18.5,9.0,166.5,Digital Wallet,In-store,2022-10-07,False,1665100800
TXN_8573178,CUST_13,Computers and electric accessories,Item_8_CEA,15.5,9.0,139.5,Credit Card,In-store,2023-11-17,False,1700179200
TXN_1285084,CUST_05,Computers and electric accessories,Item_6_CEA,12.5,2.0,25.0,Digital Wallet,In-store,2024-07-03,True,1719964800
TXN_6761654,CUST_10,Computers and electric accessories,Item_8_CEA,15.5,5.0,77.5,Credit Card,Online,2023-07-20,False,1689811200
TXN_8487424,CUST_23,Milk Products,Item_17_MILK,29.0,6.0,174.0,Cash,Online,2023-10-18,True,1697587200
TXN_3867722,CUST_06,Furniture,Item_11_FUR,20.0,1.0,20.0,Credit Card,In-store,2024-12-02,True,1733097600
TXN_4838066,CUST_22,Electric household essentials,Item_8_EHE,15.5,10.0,155.0,Credit Card,Online,2022-08-26,True,1661472000
TXN_3876726,CUST_05,Electric household essentials,Item_9_EHE,17.0,2.0,34.0,Cash,In-store,2024-10-08,True,1728345600
TXN_2797985,CUST_21,Electric household essentials,Item_19_EHE,32.0,2.0,64.0,Digital Wallet,In-store,2023-01-23,True,1674432000
TXN_2032489,CUST_14,Butchers,Item_23_BUT,38.0,8.0,304.0,Cash,Online,2023-09-24,True,1695513600
TXN_1372787,CUST_24,Patisserie,Item_11_PAT,20.0,10.0,200.0,Cash,Online,2022-06-02,False,1654128000
TXN_8241824,CUST_13,Patisserie,Item_13_PAT,23.0,8.0,184.0,Digital Wallet,Online,2022-01-25,True,1643068800
TXN_4116552,CUST_15,Butchers,Item_23_BUT,38.0,3.0,114.0,Digital Wallet,Online,2024-10-05,True,1728086400
TXN_6954466,CUST_25,Butchers,Item_16_BUT,27.5,5.0,137.5,Credit Card,In-store,2024-11-24,False,1732406400
TXN_7451610,CUST_19,Patisserie,Item_23_PAT,38.0,9.0,342.0,Cash,Online,2024-03-25,True,1711324800
TXN_2251815,CUST_08,Food,Item_24_FOOD,39.5,6.0,237.0,Digital Wallet,In-store,2023-10-22,True,1697932800
TXN_6637102,CUST_08,Furniture,Item_2_FUR,6.5,10.0,65.0,Credit Card,In-store,2023-08-22,False,1692662400
TXN_3192013,CUST_01,Beverages,Item_21_BEV,35.0,9.0,315.0,Cash,In-store,2022-02-13,True,1644710400
TXN_1411832,CUST_13,Food,Item_3_FOOD,8.0,10.0,80.0,Cash,Online,2022-11-23,False,1669161600
TXN_5336983,CUST_10,Computers and electric accessories,Item_4_CEA,9.5,1.0,9.5,Credit Card,Online,2024-03-22,False,1711065600
TXN_6109021,CUST_06,Electric household essentials,Item_16_EHE,27.5,1.0,27.5,Digital Wallet,Online,2024-11-03,True,1730592000
TXN_1014375,CUST_17,Food,Item_17_FOOD,29.0,3.0,87.0,Digital Wallet,Online,2023-09-28,True,1695859200
TXN_5308548,CUST_12,Butchers,Item_25_BUT,41.0,5.0,205.0,Credit Card,Online,2023-10-01,True,1696118400
TXN_3394031,CUST_04,Milk Products,Item_13_MILK,23.0,2.0,46.0,Credit Card,In-store,2023-11-07,True,1699315200
TXN_5681367,CUST_25,Patisserie,Item_15_PAT,26.0,8.0,208.0,Credit Card,Online,2022-04-26,False,1650931200
TXN_3260804,CUST_14,Beverages,Item_25_BEV,41.0,8.0,328.0,Digital Wallet,Online,2024-08-02,False,1722556800
TXN_7432361,CUST_24,Computers and electric accessories,Item_3_CEA,8.0,10.0,80.0,Credit Card,Online,2023-10-28,False,1698451200
TXN_3249079,CUST_01,Butchers,Item_6_BUT,12.5,5.0,62.5,Digital Wallet,Online,2022-01-24,False,1642982400
TXN_1494063,CUST_11,Butchers,Item_6_BUT,12.5,4.0,50.0,Credit Card,In-store,2024-01-16,True,1705363200
TXN_1961400,CUST_01,Computers and electric accessories,Item_8_CEA,15.5,7.0,108.5,Digital Wallet,In-store,2023-04-24,False,1682294400
TXN_2718872,CUST_17,Computers and electric accessories,Item_5_CEA,11.0,1.0,11.0,Digital Wallet,In-store,2023-08-05,False,1691193600
TXN_3770345,CUST_25,Milk Products,Item_6_MILK,12.5,6.0,75.0,Digital Wallet,Online,2022-02-19,True,1645228800
TXN_8107966,CUST_20,Food,Item_20_FOOD,33.5,10.0,335.0,Cash,In-store,2023-05-22,True,1684713600
TXN_4585670,CUST_03,Food,Item_21_FOOD,35.0,8.0,280.0,Digital Wallet,Online,2022-05-28,True,1653696000
TXN_6630344,CUST_04,Milk Products,Item_7_MILK,14.0,8.0,112.0,Digital Wallet,In-store,2023-02-24,True,1677196800
TXN_7277962,CUST_16,Computers and electric accessories,Item_10_CEA,18.5,1.0,18.5,Cash,In-store,2022-02-08,True,1644278400
TXN_5637756,CUST_19,Electric household essentials,Item_25_EHE,41.0,4.0,164.0,Cash,Online,2024-01-28,False,1706400000
TXN_4758145,CUST_24,Beverages,Item_15_BEV,26.0,6.0,156.0,Cash,In-store,2022-04-19,False,1650326400
TXN_6853941,CUST_21,Patisserie,Item_23_PAT,38.0,4.0,152.0,Credit Card,Online,2024-12-24,False,1734998400
TXN_5926111,CUST_11,Patisserie,Item_20_PAT,33.5,9.0,301.5,Cash,Online,2023-05-01,True,1682899200
TXN_9083605,CUST_20,Butchers,Item_17_BUT,29.0,4.0,116.0,Digital Wallet,In-store,2023-08-16,False,1692144000
TXN_1669239,CUST_14,Food,Item_16_FOOD,27.5,3.0,82.5,Digital Wallet,In-store,2024-03-14,False,1710374400
TXN_7673761,CUST_25,Food,Item_11_FOOD,20.0,10.0,200.0,Digital Wallet,Online,2023-09-19,False,1695081600
TXN_6078486,CUST_20,Computers and electric accessories,Item_8_CEA,15.5,4.0,62.0,Cash,In-store,2024-04-25,True,1714003200
TXN_4700436,CUST_23,Butchers,Item_7_BUT,14.0,3.0,42.0,Digital Wallet,In-store,2022-11-11,False,1668124800
TXN_6608719,CUST_03,Patisserie,Item_7_PAT,14.0,2.0,28.0,Digital Wallet,In-store,2022-05-27,False,1653609600
TXN_2370062,CUST_10,Milk Products,Item_13_MILK,23.0,6.0,138.0,Digital Wallet,Online,2023-05-24,False,1684886400
TXN_6595084,CUST_25,Butchers,Item_8_BUT,15.5,8.0,124.0,Digital Wallet,Online,2023-06-24,True,1687564800
TXN_6837562,CUST_03,Milk Products,Item_8_MILK,15.5,6.0,93.0,Cash,Online,2022-07-30,True,1659139200
TXN_4935565,CUST_07,Furniture,Item_5_FUR,11.0,5.0,55.0,Credit Card,Online,2022-06-05,True,1654387200
TXN_4795710,CUST_02,Food,Item_15_FOOD,26.0,8.0,208.0,Credit Card,In-store,2023-02-01,False,1675209600
TXN_1962874,CUST_03,Food,Item_4_FOOD,9.5,9.0,85.5,Cash,In-store,2023-07-27,False,1690416000
TXN_2562140,CUST_08,Butchers,Item_25_BUT,41.0,8.0,328.0,Credit Card,Online,2024-11-06,True,1730851200
TXN_2291678,CUST_21,Milk Products,Item_16_MILK,27.5,10.0,275.0,Credit Card,In-store,2024-12-22,True,1734825600
TXN_3245632,CUST_10,Patisserie,Item_19_PAT,32.0,6.0,192.0,Digital Wallet,Online,2022-02-09,True,1644364800
TXN_3581663,CUST_20,Electric household essentials,Item_5_EHE,11.0,1.0,11.0,Cash,Online,2024-12-29,False,1735430400
TXN_5219250,CUST_23,Electric household essentials,Item_13_EHE,23.0,3.0,69.0,Cash,In-store,2023-02-08,True,1675814400
TXN_7356854,CUST_06,Patisserie,Item_11_PAT,20.0,10.0,200.0,Credit Card,Online,2024-10-30,True,1730246400
TXN_8911952,CUST_23,Electric household essentials,Item_9_EHE,17.0,7.0,119.0,Cash,In-store,2024-06-07,False,1717718400
TXN_4759525,CUST_11,Furniture,Item_25_FUR,41.0,1.0,41.0,Digital Wallet,In-store,2024-11-27,True,1732665600
TXN_2228877,CUST_20,Patisserie,Item_23_PAT,38.0,7.0,266.0,Cash,Online,2022-04-21,False,1650499200
TXN_3201354,CUST_13,Patisserie,Item_20_PAT,33.5,3.0,100.5,Cash,In-store,2023-01-23,False,1674432000
TXN_9537792,CUST_15,Milk Products,Item_8_MILK,15.5,9.0,139.5,Cash,In-store,2023-04-25,False,1682380800
TXN_5161250,CUST_12,Furniture,Item_5_FUR,11.0,8.0,88.0,Cash,Online,2024-12-31,True,1735603200
TXN_3918997,CUST_04,Milk Products,Item_17_MILK,29.0,8.0,232.0,Credit Card,In-store,2023-04-29,False,1682726400
TXN_8108026,CUST_19,Furniture,Item_5_FUR,11.0,9.0,99.0,Credit Card,Online,2022-12-03,False,1670025600
TXN_2156507,CUST_10,Beverages,Item_22_BEV,36.5,10.0,365.0,Digital Wallet,Online,2024-06-06,False,1717632000
TXN_7485369,CUST_25,Furniture,Item_20_FUR,33.5,3.0,100.5,Digital Wallet,Online,2022-06-19,True,1655596800
TXN_4508080,CUST_17,Computers and electric accessories,Item_7_CEA,14.0,10.0,140.0,Digital Wallet,In-store,2024-12-25,False,1735084800
TXN_5577761,CUST_03,Beverages,Item_24_BEV,39.5,6.0,237.0,Cash,Online,2023-10-06,False,1696550400
TXN_7666691,CUST_11,Butchers,Item_22_BUT,36.5,6.0,219.0,Credit Card,In-store,2023-03-26,False,1679788800
TXN_6766893,CUST_02,Furniture,Item_25_FUR,41.0,7.0,287.0,Cash,In-store,2023-04-29,False,1682726400
TXN_6528640,CUST_08,Furniture,Item_14_FUR,24.5,9.0,220.5,Digital Wallet,Online,2022-02-18,False,1645142400
TXN_8423167,CUST_11,Milk Products,Item_19_MILK,32.0,8.0,256.0,Credit Card,In-store,2023-03-21,False,1679356800
TXN_6845254,CUST_24,Milk Products,Item_6_MILK,12.5,4.0,50.0,Digital Wallet,Online,2024-11-02,False,1730505600
TXN_6184133,CUST_21,Electric household essentials,Item_8_EHE,15.5,8.0,124.0,Digital Wallet,In-store,2024-05-14,False,1715644800
TXN_9776378,CUST_16,Beverages,Item_24_BEV,39.5,1.0,39.5,Cash,In-store,2023-04-27,False,1682553600
TXN_2377075,CUST_05,Electric household essentials,Item_18_EHE,30.5,3.0,91.5,Digital Wallet,In-store,2022-11-01,True,1667260800
TXN_5277964,CUST_03,Butchers,Item_7_BUT,14.0,5.0,70.0,Cash,In-store,2023-01-28,False,1674864000
TXN_6110164,CUST_05,Computers and electric accessories,Item_16_CEA,27.5,7.0,192.5,Credit Card,In-store,2023-10-12,False,1697068800
TXN_6688642,CUST_25,Butchers,Item_13_BUT,23.0,3.0,69.0,Cash,Online,2023-12-20,False,1703030400
TXN_1135615,CUST_21,Beverages,Item_2_BEV,6.5,8.0,52.0,Digital Wallet,In-store,2022-08-25,True,1661385600
TXN_1174385,CUST_18,Computers and electric accessories,Item_19_CEA,32.0,1.0,32.0,Cash,In-store,2024-03-12,True,1710201600
TXN_5481214,CUST_14,Patisserie,Item_13_PAT,23.0,7.0,161.0,Credit Card,Online,2022-04-16,False,1650067200
TXN_9648410,CUST_25,Food,Item_5_FOOD,11.0,7.0,77.0,Credit Card,Online,2023-01-09,True,1673222400
TXN_7536831,CUST_18,Butchers,Item_16_BUT,27.5,6.0,165.0,Cash,Online,2022-12-08,False,1670457600
TXN_4466822,CUST_21,Electric household essentials,Item_4_EHE,9.5,10.0,95.0,Digital Wallet,In-store,2024-02-25,True,1708819200
TXN_4562594,CUST_19,Milk Products,Item_3_MILK,8.0,1.0,8.0,Credit Card,In-store,2023-12-15,True,1702598400
TXN_3478292,CUST_14,Milk Products,Item_16_MILK,27.5,9.0,247.5,Digital Wallet,Online,2023-04-05,False,1680652800
TXN_3627669,CUST_13,Patisserie,Item_25_PAT,41.0,4.0,164.0,Cash,In-store,2024-11-12,False,1731369600
TXN_5455904,CUST_02,Electric household essentials,Item_22_EHE,36.5,8.0,292.0,Credit Card,Online,2024-07-04,True,1720051200
TXN_8994166,CUST_02,Food,Item_16_FOOD,27.5,4.0,110.0,Cash,Online,2022-09-26,True,1664150400
TXN_8680983,CUST_02,Food,Item_24_FOOD,39.5,9.0,355.5,Cash,Online,2022-11-29,True,1669680000
TXN_9980683,CUST_02,Furniture,Item_3_FUR,8.0,3.0,24.0,Digital Wallet,In-store,2023-07-01,True,1688169600
TXN_5598682,CUST_13,Butchers,Item_20_BUT,33.5,5.0,167.5,Cash,In-store,2022-04-25,True,1650844800
TXN_6868890,CUST_15,Milk Products,Item_23_MILK,38.0,2.0,76.0,Digital Wallet,In-store,2023-01-05,False,1672876800
TXN_3412748,CUST_04,Butchers,Item_15_BUT,26.0,6.0,156.0,Digital Wallet,Online,2024-06-12,False,1718150400
TXN_2632666,CUST_01,Butchers,Item_1_BUT,5.0,7.0,35.0,Digital Wallet,Online,2023-06-15,False,1686787200
TXN_3389691,CUST_03,Patisserie,Item_10_PAT,18.5,2.0,37.0,Credit Card,Online,2023-10-15,False,1697328000
TXN_7284110,CUST_06,Food,Item_22_FOOD,36.5,10.0,365.0,Credit Card,In-store,2023-07-31,False,1690761600
TXN_3614727,CUST_18,Computers and electric accessories,Item_25_CEA,41.0,7.0,287.0,Cash,Online,2022-01-12,True,1641945600
TXN_9403273,CUST_18,Electric household essentials,Item_12_EHE,21.5,7.0,150.5,Digital Wallet,In-store,2023-11-01,False,1698796800
TXN_7152319,CUST_14,Beverages,Item_22_BEV,36.5,1.0,36.5,Credit Card,Online,2023-07-28,True,1690502400
TXN_8405843,CUST_23,Butchers,Item_5_BUT,11.0,6.0,66.0,Credit Card,Online,2022-01-06,True,1641427200
TXN_8620480,CUST_03,Electric household essentials,Item_4_EHE,9.5,2.0,19.0,Credit Card,Online,2023-09-01,True,1693526400
TXN_1520722,CUST_16,Patisserie,Item_13_PAT,23.0,4.0,92.0,Cash,Online,2024-01-29,True,1706486400
TXN_9518640,CUST_06,Computers and electric accessories,Item_6_CEA,12.5,8.0,100.0,Cash,In-store,2024-12-24,False,1734998400
TXN_7604093,CUST_09,Food,Item_7_FOOD,14.0,5.0,70.0,Credit Card,In-store,2022-02-06,False,1644105600
TXN_4436192,CUST_18,Beverages,Item_12_BEV,21.5,10.0,215.0,Credit Card,In-store,2023-04-29,False,1682726400
TXN_5838495,CUST_14,Milk Products,Item_3_MILK,8.0,9.0,72.0,Credit Card,Online,2022-10-17,False,1665964800
TXN_9189148,CUST_15,Butchers,Item_17_BUT,29.0,10.0,290.0,Digital Wallet,Online,2024-03-20,False,1710892800
TXN_2472029,CUST_07,Electric household essentials,Item_4_EHE,9.5,7.0,66.5,Digital Wallet,In-store,2022-11-29,True,1669680000
TXN_5501281,CUST_19,Electric household essentials,Item_8_EHE,15.5,8.0,124.0,Cash,In-store,2024-01-03,False,1704240000
TXN_1394876,CUST_20,Furniture,Item_25_FUR,41.0,3.0,123.0,Credit Card,Online,2022-12-30,True,1672358400
TXN_3522960,CUST_10,Electric household essentials,Item_12_EHE,21.5,1.0,21.5,Digital Wallet,Online,2023-08-01,True,1690848000
TXN_8637678,CUST_16,Patisserie,Item_6_PAT,12.5,2.0,25.0,Cash,Online,2023-12-08,True,1701993600
TXN_3887868,CUST_25,Milk Products,Item_21_MILK,35.0,2.0,70.0,Digital Wallet,In-store,2024-11-22,False,1732233600
TXN_8141257,CUST_09,Beverages,Item_25_BEV,41.0,4.0,164.0,Digital Wallet,In-store,2024-01-11,True,1704931200
TXN_6582092,CUST_18,Beverages,Item_12_BEV,21.5,1.0,21.5,Credit Card,Online,2024-04-09,True,1712620800
TXN_3091025,CUST_23,Electric household essentials,Item_17_EHE,29.0,6.0,174.0,Cash,Online,2024-05-07,True,1715040000
TXN_2434158,CUST_03,Electric household essentials,Item_8_EHE,15.5,6.0,93.0,Credit Card,In-store,2023-10-30,False,1698624000
TXN_7790991,CUST_25,Milk Products,Item_4_MILK,9.5,5.0,47.5,Credit Card,Online,2024-03-13,True,1710288000
TXN_5951686,CUST_13,Computers and electric accessories,Item_21_CEA,35.0,3.0,105.0,Cash,Online,2023-07-30,False,1690675200
TXN_2811659,CUST_03,Beverages,Item_2_BEV,6.5,8.0,52.0,Credit Card,Online,2022-07-26,False,1658793600
TXN_2065846,CUST_19,Milk Products,Item_19_MILK,32.0,1.0,32.0,Credit Card,Online,2024-02-12,True,1707696000
TXN_9993395,CUST_22,Butchers,Item_2_BUT,6.5,2.0,13.0,Credit Card,In-store,2023-02-09,True,1675900800
TXN_6354290,CUST_17,Butchers,Item_20_BUT,33.5,7.0,234.5,Digital Wallet,Online,2024-05-05,True,1714867200
TXN_5943276,CUST_02,Food,Item_25_FOOD,41.0,2.0,82.0,Credit Card,Online,2023-07-25,True,1690243200
TXN_6931532,CUST_15,Butchers,Item_8_BUT,15.5,1.0,15.5,Credit Card,Online,2022-11-16,True,1668556800
TXN_9259738,CUST_25,Food,Item_25_FOOD,41.0,8.0,328.0,Cash,Online,2022-11-14,False,1668384000
TXN_7589315,CUST_04,Computers and electric accessories,Item_4_CEA,9.5,10.0,95.0,Credit Card,In-store,2022-12-16,True,1671148800
TXN_2767877,CUST_09,Patisserie,Item_6_PAT,12.5,1.0,12.5,Cash,In-store,2024-08-01,False,1722470400
TXN_6088854,CUST_06,Patisserie,Item_7_PAT,14.0,9.0,126.0,Cash,Online,2024-12-17,False,1734393600
TXN_2097083,CUST_02,Milk Products,Item_13_MILK,23.0,8.0,184.0,Credit Card,In-store,2024-10-13,True,1728777600
TXN_2174591,CUST_11,Electric household essentials,Item_15_EHE,26.0,8.0,208.0,Digital Wallet,Online,2022-09-12,True,1662940800
TXN_6812555,CUST_02,Beverages,Item_25_BEV,41.0,10.0,410.0,Cash,In-store,2024-01-24,True,1706054400
TXN_2691375,CUST_13,Furniture,Item_18_FUR,30.5,10.0,305.0,Digital Wallet,In-store,2023-04-29,False,1682726400
TXN_7904645,CUST_19,Patisserie,Item_25_PAT,41.0,6.0,246.0,Cash,In-store,2022-12-14,True,1670976000
TXN_3384109,CUST_10,Patisserie,Item_6_PAT,12.5,2.0,25.0,Digital Wallet,In-store,2022-09-30,False,1664496000
TXN_7624812,CUST_07,Furniture,Item_9_FUR,17.0,4.0,68.0,Credit Card,In-store,2022-02-11,False,1644537600
TXN_1278400,CUST_15,Patisserie,Item_24_PAT,39.5,5.0,197.5,Digital Wallet,In-store,2024-04-08,True,1712534400
TXN_7152095,CUST_08,Computers and electric accessories,Item_22_CEA,36.5,3.0,109.5,Credit Card,Online,2022-06-05,True,1654387200
TXN_5151400,CUST_10,Patisserie,Item_20_PAT,33.5,1.0,33.5,Credit Card,Online,2024-05-12,True,1715472000
TXN_4473481,CUST_16,Beverages,Item_19_BEV,32.0,4.0,128.0,Digital Wallet,Online,2023-11-20,False,1700438400
TXN_9161684,CUST_16,Computers and electric accessories,Item_23_CEA,38.0,5.0,190.0,Credit Card,Online,2024-07-29,True,1722211200
TXN_7865105,CUST_01,Furniture,Item_17_FUR,29.0,8.0,232.0,Cash,In-store,2024-02-03,True,1706918400
TXN_2221764,CUST_20,Patisserie,Item_5_PAT,11.0,1.0,11.0,Credit Card,Online,2023-11-17,True,1700179200
TXN_2476664,CUST_23,Food,Item_10_FOOD,18.5,5.0,92.5,Cash,In-store,2023-02-07,True,1675728000
TXN_2124123,CUST_12,Electric household essentials,Item_15_EHE,26.0,10.0,260.0,Digital Wallet,Online,2024-01-23,False,1705968000
TXN_2215196,CUST_03,Beverages,Item_9_BEV,17.0,6.0,102.0,Credit Card,In-store,2022-02-04,True,1643932800
TXN_4281742,CUST_13,Electric household essentials,Item_2_EHE,6.5,6.0,39.0,Digital Wallet,Online,2024-04-22,False,1713744000
TXN_5407015,CUST_22,Milk Products,Item_4_MILK,9.5,5.0,47.5,Digital Wallet,In-store,2023-07-10,False,1688947200
TXN_5608512,CUST_17,Butchers,Item_15_BUT,26.0,6.0,156.0,Digital Wallet,Online,2022-09-27,True,1664236800
TXN_1219590,CUST_25,Food,Item_23_FOOD,38.0,3.0,114.0,Credit Card,Online,2024-01-16,True,1705363200
TXN_1424166,CUST_22,Food,Item_20_FOOD,33.5,7.0,234.5,Credit Card,In-store,2022-05-16,True,1652659200
TXN_2940196,CUST_10,Milk Products,Item_17_MILK,29.0,4.0,116.0,Cash,Online,2022-12-02,True,1669939200
TXN_7648026,CUST_09,Beverages,Item_24_BEV,39.5,10.0,395.0,Credit Card,Online,2024-01-24,True,1706054400
TXN_2052834,CUST_17,Butchers,Item_16_BUT,27.5,9.0,247.5,Cash,In-store,2024-02-28,True,1709078400
TXN_9276040,CUST_20,Food,Item_23_FOOD,38.0,10.0,380.0,Digital Wallet,In-store,2023-12-09,False,1702080000
TXN_8666461,CUST_20,Food,Item_5_FOOD,11.0,7.0,77.0,Credit Card,In-store,2024-01-13,False,1705104000
TXN_8585970,CUST_06,Electric household essentials,Item_15_EHE,26.0,4.0,104.0,Digital Wallet,Online,2023-09-19,False,1695081600
TXN_4824863,CUST_10,Electric household essentials,Item_8_EHE,15.5,9.0,139.5,Digital Wallet,Online,2022-07-05,True,1656979200
TXN_1193062,CUST_22,Furniture,Item_20_FUR,33.5,5.0,167.5,Credit Card,In-store,2022-02-23,True,1645574400
TXN_4914355,CUST_17,Patisserie,Item_9_PAT,17.0,1.0,17.0,Cash,Online,2023-04-07,True,1680825600
TXN_7528525,CUST_11,Patisserie,Item_7_PAT,14.0,4.0,56.0,Cash,In-store,2023-05-06,False,1683331200
TXN_4245153,CUST_08,Beverages,Item_19_BEV,32.0,10.0,320.0,Cash,In-store,2024-08-20,False,1724112000
TXN_3854731,CUST_03,Food,Item_13_FOOD,23.0,5.0,115.0,Credit Card,In-store,2025-01-01,True,1735689600
TXN_6582789,CUST_24,Computers and electric accessories,Item_10_CEA,18.5,4.0,74.0,Digital Wallet,Online,2023-01-23,True,1674432000
TXN_5509332,CUST_02,Food,Item_20_FOOD,33.5,9.0,301.5,Credit Card,In-store,2022-12-29,False,1672272000
TXN_6900823,CUST_04,Butchers,Item_3_BUT,8.0,4.0,32.0,Credit Card,Online,2024-02-27,True,1708992000
TXN_5581558,CUST_09,Computers and electric accessories,Item_5_CEA,11.0,8.0,88.0,Digital Wallet,In-store,2022-09-22,False,1663804800
TXN_8877890,CUST_13,Electric household essentials,Item_23_EHE,38.0,1.0,38.0,Cash,In-store,2022-09-08,True,1662595200
TXN_3044686,CUST_07,Electric household essentials,Item_2_EHE,6.5,3.0,19.5,Digital Wallet,In-store,2022-09-16,True,1663286400
TXN_5269978,CUST_17,Food,Item_21_FOOD,35.0,6.0,210.0,Digital Wallet,Online,2024-03-30,True,1711756800
TXN_4140793,CUST_03,Electric household essentials,Item_8_EHE,15.5,8.0,124.0,Cash,Online,2022-11-29,False,1669680000
TXN_5870737,CUST_17,Computers and electric accessories,Item_25_CEA,41.0,10.0,410.0,Credit Card,Online,2024-12-24,False,1734998400
TXN_7979356,CUST_09,Computers and electric accessories,Item_17_CEA,29.0,9.0,261.0,Credit Card,Online,2022-11-19,False,1668816000
TXN_4007615,CUST_18,Computers and electric accessories,Item_10_CEA,18.5,7.0,129.5,Cash,In-store,2025-01-08,True,1736294400
TXN_3513460,CUST_02,Milk Products,Item_22_MILK,36.5,6.0,219.0,Digital Wallet,In-store,2023-07-11,False,1689033600
TXN_5061512,CUST_21,Beverages,Item_20_BEV,33.5,10.0,335.0,Credit Card,Online,2024-03-19,False,1710806400
TXN_9777368,CUST_01,Food,Item_25_FOOD,41.0,10.0,410.0,Digital Wallet,Online,2023-10-10,True,1696896000
TXN_9601038,CUST_02,Patisserie,Item_14_PAT,24.5,1.0,24.5,Credit Card,Online,2024-10-29,True,1730160000
TXN_8582247,CUST_17,Furniture,Item_20_FUR,33.5,4.0,134.0,Digital Wallet,In-store,2024-07-20,False,1721433600
TXN_4845406,CUST_01,Butchers,Item_11_BUT,20.0,2.0,40.0,Digital Wallet,In-store,2024-02-16,False,1708041600
TXN_9612514,CUST_13,Computers and electric accessories,Item_11_CEA,20.0,6.0,120.0,Credit Card,In-store,2024-06-24,True,1719187200
TXN_5290650,CUST_01,Butchers,Item_22_BUT,36.5,9.0,328.5,Digital Wallet,In-store,2023-06-28,True,1687910400
TXN_7228096,CUST_21,Milk Products,Item_18_MILK,30.5,10.0,305.0,Credit Card,Online,2022-03-31,False,1648684800
TXN_9736193,CUST_10,Milk Products,Item_12_MILK,21.5,8.0,172.0,Cash,In-store,2024-05-28,False,1716854400
TXN_3462357,CUST_16,Food,Item_14_FOOD,24.5,8.0,196.0,Cash,In-store,2023-08-27,True,1693094400
TXN_3322099,CUST_17,Electric household essentials,Item_13_EHE,23.0,6.0,138.0,Digital Wallet,In-store,2023-04-02,False,1680393600
TXN_3406391,CUST_08,Patisserie,Item_25_PAT,41.0,5.0,205.0,Credit Card,In-store,2023-02-04,False,1675468800
TXN_5118834,CUST_08,Computers and electric accessories,Item_16_CEA,27.5,4.0,110.0,Credit Card,In-store,2022-04-25,True,1650844800
TXN_6162781,CUST_09,Butchers,Item_13_BUT,23.0,10.0,230.0,Credit Card,Online,2022-02-27,False,1645920000
TXN_1244212,CUST_24,Milk Products,Item_11_MILK,20.0,6.0,120.0,Cash,Online,2024-10-15,True,1728950400
TXN_3456696,CUST_12,Patisserie,Item_20_PAT,33.5,6.0,201.0,Digital Wallet,Online,2023-07-27,True,1690416000
TXN_8769384,CUST_02,Patisserie,Item_9_PAT,17.0,6.0,102.0,Cash,In-store,2023-07-20,False,1689811200
TXN_3969448,CUST_23,Computers and electric accessories,Item_15_CEA,26.0,9.0,234.0,Digital Wallet,In-store,2023-07-30,False,1690675200
TXN_1780281,CUST_16,Food,Item_23_FOOD,38.0,2.0,76.0,Cash,Online,2024-12-07,False,1733529600
TXN_5125056,CUST_01,Electric household essentials,Item_9_EHE,17.0,7.0,119.0,Digital Wallet,In-store,2023-12-10,True,1702166400
TXN_6481590,CUST_22,Beverages,Item_12_BEV,21.5,7.0,150.5,Credit Card,In-store,2022-08-24,True,1661299200
TXN_8252234,CUST_04,Computers and electric accessories,Item_3_CEA,8.0,6.0,48.0,Credit Card,Online,2024-12-28,True,1735344000
TXN_8874047,CUST_05,Beverages,Item_10_BEV,18.5,10.0,185.0,Digital Wallet,Online,2022-03-31,True,1648684800
TXN_7107634,CUST_24,Milk Products,Item_23_MILK,38.0,3.0,114.0,Digital Wallet,Online,2022-05-16,False,1652659200
TXN_7967269,CUST_21,Electric household essentials,Item_4_EHE,9.5,7.0,66.5,Cash,In-store,2022-05-03,True,1651536000
TXN_1039114,CUST_08,Patisserie,Item_13_PAT,23.0,7.0,161.0,Cash,In-store,2023-12-19,False,1702944000
TXN_7529501,CUST_18,Furniture,Item_11_FUR,20.0,8.0,160.0,Cash,Online,2023-11-13,False,1699833600
TXN_3003224,CUST_24,Food,Item_9_FOOD,17.0,9.0,153.0,Cash,In-store,2024-05-29,True,1716940800
TXN_9024860,CUST_04,Computers and electric accessories,Item_19_CEA,32.0,2.0,64.0,Digital Wallet,Online,2024-12-21,True,1734739200
TXN_6635815,CUST_03,Butchers,Item_23_BUT,38.0,2.0,76.0,Cash,In-store,2022-02-05,False,1644019200
TXN_7595390,CUST_14,Butchers,Item_13_BUT,23.0,6.0,138.0,Credit Card,In-store,2023-04-08,False,1680912000
TXN_5770406,CUST_04,Milk Products,Item_18_MILK,30.5,7.0,213.5,Digital Wallet,In-store,2022-08-27,False,1661558400
TXN_8878131,CUST_11,Milk Products,Item_4_MILK,9.5,5.0,47.5,Credit Card,Online,2024-12-19,False,1734566400
TXN_9464600,CUST_11,Furniture,Item_21_FUR,35.0,9.0,315.0,Cash,In-store,2024-10-04,False,1728000000
TXN_6956096,CUST_03,Patisserie,Item_22_PAT,36.5,4.0,146.0,Credit Card,Online,2022-05-02,True,1651449600
TXN_2663672,CUST_05,Butchers,Item_22_BUT,36.5,10.0,365.0,Cash,Online,2023-09-12,True,1694476800
TXN_2052776,CUST_17,Patisserie,Item_7_PAT,14.0,8.0,112.0,Cash,Online,2024-11-01,True,1730419200
TXN_1838690,CUST_20,Furniture,Item_21_FUR,35.0,8.0,280.0,Cash,Online,2024-09-20,True,1726790400
TXN_5796919,CUST_09,Milk Products,Item_6_MILK,12.5,6.0,75.0,Digital Wallet,Online,2024-06-03,False,1717372800
TXN_8832056,CUST_22,Butchers,Item_16_BUT,27.5,1.0,27.5,Cash,In-store,2022-10-31,False,1667174400
TXN_6633737,CUST_03,Beverages,Item_18_BEV,30.5,10.0,305.0,Cash,Online,2023-07-12,True,1689120000
TXN_2210266,CUST_11,Furniture,Item_4_FUR,9.5,2.0,19.0,Credit Card,In-store,2024-02-08,False,1707350400
TXN_3534846,CUST_10,Beverages,Item_14_BEV,24.5,7.0,171.5,Credit Card,Online,2023-06-22,False,1687392000
TXN_5899902,CUST_17,Milk Products,Item_1_MILK,5.0,4.0,20.0,Credit Card,Online,2023-04-11,True,1681171200
TXN_8429586,CUST_19,Milk Products,Item_7_MILK,14.0,4.0,56.0,Digital Wallet,Online,2023-02-05,False,1675555200
TXN_2017195,CUST_19,Patisserie,Item_3_PAT,8.0,4.0,32.0,Cash,In-store,2023-03-27,False,1679875200
TXN_8237202,CUST_09,Milk Products,Item_13_MILK,23.0,9.0,207.0,Cash,In-store,2024-08-25,True,1724544000
TXN_9946792,CUST_23,Furniture,Item_25_FUR,41.0,6.0,246.0,Credit Card,Online,2022-09-07,True,1662508800
TXN_2444942,CUST_09,Patisserie,Item_7_PAT,14.0,8.0,112.0,Digital Wallet,Online,2023-05-02,False,1682985600
TXN_3931564,CUST_21,Milk Products,Item_3_MILK,8.0,2.0,16.0,Credit Card,Online,2022-08-14,False,1660435200
TXN_4954384,CUST_13,Computers and electric accessories,Item_10_CEA,18.5,4.0,74.0,Digital Wallet,In-store,2023-03-21,True,1679356800
TXN_7120744,CUST_17,Patisserie,Item_17_PAT,29.0,2.0,58.0,Cash,Online,2023-06-24,True,1687564800
TXN_8689221,CUST_07,Electric household essentials,Item_25_EHE,41.0,2.0,82.0,Credit Card,Online,2023-04-22,False,1682121600
TXN_7039501,CUST_15,Butchers,Item_23_BUT,38.0,2.0,76.0,Cash,Online,2024-08-31,False,1725062400
TXN_6449781,CUST_12,Food,Item_4_FOOD,9.5,3.0,28.5,Credit Card,In-store,2022-03-30,True,1648598400
TXN_5585946,CUST_05,Butchers,Item_13_BUT,23.0,5.0,115.0,Credit Card,In-store,2024-06-04,True,1717459200
TXN_7822326,CUST_04,Computers and electric accessories,Item_9_CEA,17.0,8.0,136.0,Digital Wallet,Online,2024-04-04,False,1712188800
TXN_2210332,CUST_23,Food,Item_8_FOOD,15.5,4.0,62.0,Digital Wallet,In-store,2024-11-08,True,1731024000
TXN_2569828,CUST_24,Beverages,Item_9_BEV,17.0,2.0,34.0,Credit Card,Online,2023-09-29,True,1695945600
TXN_9081402,CUST_03,Butchers,Item_22_BUT,36.5,10.0,365.0,Digital Wallet,In-store,2024-01-10,False,1704844800
TXN_7525583,CUST_20,Milk Products,Item_22_MILK,36.5,3.0,109.5,Digital Wallet,Online,2023-07-23,False,1690070400
TXN_1762272,CUST_13,Patisserie,Item_16_PAT,27.5,10.0,275.0,Credit Card,Online,2022-04-27,False,1651017600
TXN_2752566,CUST_19,Milk Products,Item_11_MILK,20.0,2.0,40.0,Credit Card,In-store,2022-01-09,False,1641686400
TXN_1399723,CUST_01,Computers and electric accessories,Item_10_CEA,18.5,6.0,111.0,Credit Card,Online,2024-02-26,False,1708905600
TXN_4764622,CUST_12,Furniture,Item_7_FUR,14.0,8.0,112.0,Cash,In-store,2023-03-05,False,1677974400
TXN_4401677,CUST_25,Furniture,Item_5_FUR,11.0,2.0,22.0,Digital Wallet,In-store,2022-02-06,True,1644105600
TXN_3275079,CUST_05,Beverages,Item_20_BEV,33.5,7.0,234.5,Credit Card,In-store,2022-02-21,True,1645401600
TXN_9558666,CUST_22,Food,Item_14_FOOD,24.5,4.0,98.0,Digital Wallet,In-store,2024-07-01,True,1719792000
TXN_4346191,CUST_18,Electric household essentials,Item_12_EHE,21.5,6.0,129.0,Digital Wallet,Online,2024-11-12,False,1731369600
TXN_1978587,CUST_12,Patisserie,Item_14_PAT,24.5,6.0,147.0,Cash,Online,2022-03-05,False,1646438400
TXN_1299663,CUST_03,Butchers,Item_2_BUT,6.5,4.0,26.0,Cash,Online,2023-06-15,False,1686787200
TXN_2256249,CUST_22,Computers and electric accessories,Item_12_CEA,21.5,10.0,215.0,Credit Card,In-store,2023-04-24,False,1682294400
TXN_1727861,CUST_08,Food,Item_21_FOOD,35.0,8.0,280.0,Credit Card,In-store,2022-12-31,True,1672444800
TXN_4848427,CUST_16,Food,Item_10_FOOD,18.5,3.0,55.5,Credit Card,In-store,2022-02-12,False,1644624000
TXN_2892369,CUST_03,Beverages,Item_21_BEV,35.0,8.0,280.0,Credit Card,In-store,2023-06-10,False,1686355200
TXN_3424321,CUST_16,Beverages,Item_8_BEV,15.5,5.0,77.5,Credit Card,Online,2022-03-08,True,1646697600
TXN_7040885,CUST_12,Furniture,Item_8_FUR,15.5,5.0,77.5,Credit Card,Online,2023-07-08,True,1688774400
TXN_6604135,CUST_22,Electric household essentials,Item_14_EHE,24.5,8.0,196.0,Credit Card,Online,2023-01-15,True,1673740800
TXN_6964148,CUST_09,Computers and electric accessories,Item_25_CEA,41.0,1.0,41.0,Cash,Online,2024-03-15,False,1710460800
TXN_3135262,CUST_02,Patisserie,Item_8_PAT,15.5,4.0,62.0,Credit Card,Online,2023-03-26,False,1679788800
TXN_1089119,CUST_05,Food,Item_11_FOOD,20.0,9.0,180.0,Credit Card,In-store,2024-08-18,False,1723939200
TXN_9926710,CUST_04,Butchers,Item_15_BUT,26.0,7.0,182.0,Credit Card,In-store,2023-02-13,True,1676246400
TXN_4147529,CUST_18,Computers and electric accessories,Item_13_CEA,23.0,4.0,92.0,Digital Wallet,In-store,2022-10-19,True,1666137600
TXN_2272691,CUST_05,Food,Item_21_FOOD,35.0,8.0,280.0,Credit Card,Online,2022-08-16,True,1660608000
TXN_4032210,CUST_14,Patisserie,Item_12_PAT,21.5,9.0,193.5,Credit Card,In-store,2022-06-14,True,1655164800
TXN_5374493,CUST_23,Computers and electric accessories,Item_22_CEA,36.5,4.0,146.0,Cash,Online,2023-03-05,False,1677974400
TXN_8425366,CUST_18,Computers and electric accessories,Item_9_CEA,17.0,9.0,153.0,Digital Wallet,In-store,2022-01-08,False,1641600000
TXN_9340588,CUST_12,Computers and electric accessories,Item_16_CEA,27.5,3.0,82.5,Cash,In-store,2023-10-02,False,1696204800
TXN_5702123,CUST_21,Food,Item_13_FOOD,23.0,4.0,92.0,Cash,In-store,2023-08-27,False,1693094400
TXN_3582606,CUST_08,Furniture,Item_15_FUR,26.0,3.0,78.0,Cash,Online,2024-09-23,True,1727049600
TXN_9502131,CUST_12,Beverages,Item_1_BEV,5.0,3.0,15.0,Credit Card,Online,2023-07-19,True,1689724800
TXN_4092798,CUST_20,Patisserie,Item_16_PAT,27.5,8.0,220.0,Cash,Online,2022-07-01,False,1656633600
TXN_3767932,CUST_09,Milk Products,Item_18_MILK,30.5,1.0,30.5,Credit Card,Online,2022-04-06,False,1649203200
TXN_7026879,CUST_06,Computers and electric accessories,Item_23_CEA,38.0,1.0,38.0,Credit Card,Online,2023-02-22,True,1677024000
TXN_6546571,CUST_09,Butchers,Item_6_BUT,12.5,5.0,62.5,Digital Wallet,Online,2023-07-28,True,1690502400
TXN_1020775,CUST_06,Patisserie,Item_16_PAT,27.5,3.0,82.5,Cash,In-store,2023-04-08,False,1680912000
TXN_1005750,CUST_04,Electric household essentials,Item_12_EHE,21.5,6.0,129.0,Credit Card,Online,2022-11-26,False,1669420800
TXN_4055976,CUST_05,Milk Products,Item_19_MILK,32.0,4.0,128.0,Cash,In-store,2024-09-29,False,1727568000
TXN_4811114,CUST_06,Electric household essentials,Item_20_EHE,33.5,8.0,268.0,Credit Card,Online,2022-07-07,True,1657152000
TXN_1935246,CUST_20,Beverages,Item_3_BEV,8.0,3.0,24.0,Credit Card,In-store,2024-01-19,True,1705622400
TXN_5395129,CUST_17,Furniture,Item_8_FUR,15.5,4.0,62.0,Cash,Online,2023-03-15,False,1678838400
TXN_4869342,CUST_13,Electric household essentials,Item_9_EHE,17.0,4.0,68.0,Cash,Online,2022-08-22,False,1661126400
TXN_7306114,CUST_15,Furniture,Item_6_FUR,12.5,1.0,12.5,Cash,Online,2022-05-04,False,1651622400
TXN_3204284,CUST_23,Computers and electric accessories,Item_14_CEA,24.5,7.0,171.5,Credit Card,In-store,2024-01-07,True,1704585600
TXN_9711658,CUST_09,Electric household essentials,Item_11_EHE,20.0,4.0,80.0,Credit Card,Online,2022-03-06,True,1646524800
TXN_2143826,CUST_05,Milk Products,Item_19_MILK,32.0,5.0,160.0,Credit Card,In-store,2024-08-14,False,1723593600
TXN_9436654,CUST_08,Food,Item_5_FOOD,11.0,10.0,110.0,Credit Card,In-store,2024-08-25,False,1724544000
TXN_8641832,CUST_03,Furniture,Item_25_FUR,41.0,6.0,246.0,Cash,In-store,2024-08-18,True,1723939200
TXN_4778282,CUST_16,Milk Products,Item_1_MILK,5.0,3.0,15.0,Digital Wallet,In-store,2023-04-09,False,1680998400
TXN_8132309,CUST_10,Electric household essentials,Item_25_EHE,41.0,9.0,369.0,Digital Wallet,In-store,2024-07-27,True,1722038400
TXN_4270618,CUST_02,Food,Item_17_FOOD,29.0,10.0,290.0,Digital Wallet,Online,2024-05-18,True,1715990400
TXN_5350553,CUST_03,Electric household essentials,Item_10_EHE,18.5,6.0,111.0,Cash,Online,2022-07-31,False,1659225600
TXN_3087686,CUST_18,Butchers,Item_23_BUT,38.0,5.0,190.0,Cash,Online,2023-04-30,True,1682812800
TXN_9067738,CUST_16,Electric household essentials,Item_13_EHE,23.0,5.0,115.0,Cash,Online,2024-01-28,False,1706400000
TXN_3604177,CUST_13,Food,Item_22_FOOD,36.5,7.0,255.5,Cash,Online,2022-05-01,False,1651363200
TXN_3336876,CUST_10,Patisserie,Item_13_PAT,23.0,10.0,230.0,Credit Card,In-store,2024-07-25,False,1721865600
TXN_9466734,CUST_15,Milk Products,Item_10_MILK,18.5,8.0,148.0,Digital Wallet,Online,2023-11-10,False,1699574400
TXN_1795726,CUST_05,Electric household essentials,Item_25_EHE,41.0,4.0,164.0,Cash,In-store,2022-05-01,False,1651363200
TXN_4533853,CUST_03,Food,Item_14_FOOD,24.5,3.0,73.5,Digital Wallet,In-store,2022-11-01,False,1667260800
TXN_4459060,CUST_04,Beverages,Item_2_BEV,6.5,7.0,45.5,Credit Card,In-store,2024-01-20,True,1705708800
TXN_4286798,CUST_25,Furniture,Item_24_FUR,39.5,5.0,197.5,Digital Wallet,Online,2022-05-22,False,1653177600
TXN_1201757,CUST_14,Electric household essentials,Item_6_EHE,12.5,9.0,112.5,Digital Wallet,Online,2024-12-16,False,1734307200
TXN_5725550,CUST_18,Furniture,Item_2_FUR,6.5,1.0,6.5,Credit Card,In-store,2024-11-17,False,1731801600
TXN_4034447,CUST_13,Electric household essentials,Item_21_EHE,35.0,10.0,350.0,Cash,Online,2023-02-18,False,1676678400
TXN_8435121,CUST_25,Computers and electric accessories,Item_18_CEA,30.5,10.0,305.0,Cash,In-store,2024-11-20,False,1732060800
TXN_8077020,CUST_13,Beverages,Item_8_BEV,15.5,5.0,77.5,Credit Card,In-store,2023-02-11,True,1676073600
TXN_4972248,CUST_03,Beverages,Item_3_BEV,8.0,1.0,8.0,Cash,In-store,2023-01-09,False,1673222400
TXN_5921082,CUST_16,Food,Item_4_FOOD,9.5,5.0,47.5,Cash,In-store,2022-08-26,False,1661472000
TXN_5498300,CUST_04,Food,Item_5_FOOD,11.0,2.0,22.0,Credit Card,In-store,2024-10-18,False,1729209600
TXN_9052265,CUST_05,Beverages,Item_14_BEV,24.5,1.0,24.5,Credit Card,In-store,2024-04-25,True,1714003200
TXN_3542101,CUST_24,Patisserie,Item_23_PAT,38.0,8.0,304.0,Credit Card,Online,2023-08-25,False,1692921600
TXN_8414492,CUST_07,Milk Products,Item_1_MILK,5.0,2.0,10.0,Credit Card,Online,2024-07-24,True,1721779200
TXN_7422235,CUST_07,Beverages,Item_20_BEV,33.5,5.0,167.5,Cash,Online,2022-05-06,True,1651795200
TXN_2120609,CUST_01,Patisserie,Item_24_PAT,39.5,1.0,39.5,Cash,Online,2024-09-03,True,1725321600
TXN_8765485,CUST_02,Milk Products,Item_8_MILK,15.5,6.0,93.0,Cash,In-store,2022-09-15,True,1663200000
TXN_5263251,CUST_14,Patisserie,Item_11_PAT,20.0,5.0,100.0,Digital Wallet,In-store,2024-02-26,False,1708905600
TXN_6058330,CUST_08,Patisserie,Item_14_PAT,24.5,8.0,196.0,Digital Wallet,Online,2022-05-24,True,1653350400
TXN_8269434,CUST_11,Computers and electric accessories,Item_15_CEA,26.0,3.0,78.0,Cash,In-store,2023-07-03,True,1688342400
TXN_5690131,CUST_20,Furniture,Item_21_FUR,35.0,10.0,350.0,Cash,Online,2022-06-05,False,1654387200
TXN_6697034,CUST_02,Electric household essentials,Item_13_EHE,23.0,10.0,230.0,Credit Card,In-store,2022-06-28,False,1656374400
TXN_5071954,CUST_09,Electric household essentials,Item_15_EHE,26.0,7.0,182.0,Credit Card,In-store,2022-12-04,True,1670112000
TXN_1810111,CUST_16,Milk Products,Item_11_MILK,20.0,5.0,100.0,Digital Wallet,In-store,2022-03-06,False,1646524800
TXN_8487509,CUST_03,Beverages,Item_24_BEV,39.5,5.0,197.5,Credit Card,Online,2022-05-04,False,1651622400
TXN_9299347,CUST_01,Computers and electric accessories,Item_14_CEA,24.5,2.0,49.0,Cash,Online,2024-11-14,False,1731542400
TXN_5654404,CUST_06,Milk Products,Item_11_MILK,20.0,7.0,140.0,Credit Card,Online,2023-07-25,True,1690243200
TXN_8178715,CUST_14,Electric household essentials,Item_20_EHE,33.5,4.0,134.0,Credit Card,In-store,2023-01-23,False,1674432000
TXN_4366890,CUST_04,Electric household essentials,Item_20_EHE,33.5,9.0,301.5,Credit Card,Online,2022-11-04,True,1667520000
TXN_1017199,CUST_02,Electric household essentials,Item_6_EHE,12.5,7.0,87.5,Cash,In-store,2024-01-14,True,1705190400
TXN_4523273,CUST_01,Furniture,Item_15_FUR,26.0,6.0,156.0,Digital Wallet,In-store,2024-11-22,False,1732233600
TXN_6711906,CUST_09,Milk Products,Item_13_MILK,23.0,1.0,23.0,Cash,In-store,2022-01-09,False,1641686400
TXN_1892600,CUST_04,Furniture,Item_10_FUR,18.5,9.0,166.5,Cash,Online,2024-04-22,True,1713744000
TXN_1790105,CUST_25,Furniture,Item_11_FUR,20.0,7.0,140.0,Credit Card,In-store,2022-08-10,True,1660089600
TXN_2830771,CUST_08,Furniture,Item_20_FUR,33.5,8.0,268.0,Cash,In-store,2022-11-01,True,1667260800
TXN_8622375,CUST_13,Milk Products,Item_4_MILK,9.5,4.0,38.0,Digital Wallet,Online,2022-03-17,True,1647475200
TXN_9649833,CUST_22,Furniture,Item_7_FUR,14.0,5.0,70.0,Credit Card,Online,2024-02-07,True,1707264000
TXN_1127219,CUST_05,Electric household essentials,Item_1_EHE,5.0,4.0,20.0,Cash,Online,2022-09-20,False,1663632000
TXN_7220277,CUST_15,Milk Products,Item_11_MILK,20.0,7.0,140.0,Credit Card,Online,2022-09-01,False,1661990400
TXN_5490508,CUST_08,Food,Item_12_FOOD,21.5,1.0,21.5,Cash,Online,2023-05-28,True,1685232000
TXN_6910028,CUST_23,Food,Item_7_FOOD,14.0,2.0,28.0,Cash,Online,2022-04-03,False,1648944000
TXN_8421920,CUST_04,Food,Item_5_FOOD,11.0,2.0,22.0,Credit Card,In-store,2023-02-09,True,1675900800
TXN_9713065,CUST_25,Butchers,Item_12_BUT,21.5,9.0,193.5,Digital Wallet,In-store,2024-08-11,True,1723334400
TXN_2394864,CUST_23,Milk Products,Item_16_MILK,27.5,6.0,165.0,Digital Wallet,In-store,2024-11-03,True,1730592000
TXN_8963284,CUST_09,Furniture,Item_24_FUR,39.5,10.0,395.0,Digital Wallet,In-store,2024-12-05,False,1733356800
TXN_4901726,CUST_24,Electric household essentials,Item_21_EHE,35.0,10.0,350.0,Credit Card,Online,2023-12-14,False,1702512000
TXN_3994914,CUST_13,Furniture,Item_17_FUR,29.0,8.0,232.0,Cash,In-store,2022-05-03,True,1651536000
TXN_6573349,CUST_20,Beverages,Item_18_BEV,30.5,8.0,244.0,Cash,In-store,2024-07-19,True,1721347200
TXN_6096297,CUST_24,Milk Products,Item_20_MILK,33.5,10.0,335.0,Cash,Online,2024-05-24,True,1716508800
TXN_2163609,CUST_25,Milk Products,Item_7_MILK,14.0,6.0,84.0,Credit Card,In-store,2023-09-18,True,1694995200
TXN_1422215,CUST_08,Furniture,Item_25_FUR,41.0,8.0,328.0,Digital Wallet,In-store,2024-08-16,False,1723766400
TXN_8581920,CUST_24,Patisserie,Item_16_PAT,27.5,4.0,110.0,Cash,Online,2024-03-14,False,1710374400
TXN_1248793,CUST_20,Patisserie,Item_4_PAT,9.5,9.0,85.5,Cash,In-store,2022-10-03,True,1664755200
TXN_5306857,CUST_08,Patisserie,Item_14_PAT,24.5,4.0,98.0,Digital Wallet,Online,2022-07-20,False,1658275200
TXN_3831310,CUST_22,Patisserie,Item_8_PAT,15.5,4.0,62.0,Credit Card,Online,2023-01-12,False,1673481600
TXN_7815351,CUST_18,Electric household essentials,Item_4_EHE,9.5,5.0,47.5,Credit Card,In-store,2024-10-10,False,1728518400
TXN_1190422,CUST_03,Patisserie,Item_12_PAT,21.5,3.0,64.5,Cash,Online,2023-01-11,True,1673395200
TXN_2621464,CUST_08,Furniture,Item_20_FUR,33.5,4.0,134.0,Cash,Online,2024-11-05,False,1730764800
TXN_9258508,CUST_01,Milk Products,Item_1_MILK,5.0,6.0,30.0,Digital Wallet,Online,2024-03-01,True,1709251200
TXN_3461490,CUST_10,Beverages,Item_14_BEV,24.5,10.0,245.0,Cash,Online,2022-08-14,False,1660435200
TXN_5010435,CUST_20,Food,Item_10_FOOD,18.5,3.0,55.5,Credit Card,In-store,2022-12-03,True,1670025600
TXN_1573513,CUST_05,Patisserie,Item_15_PAT,26.0,5.0,130.0,Credit Card,In-store,2024-12-28,True,1735344000
TXN_1201718,CUST_17,Food,Item_9_FOOD,17.0,6.0,102.0,Cash,In-store,2024-04-08,False,1712534400
TXN_7833453,CUST_22,Furniture,Item_11_FUR,20.0,6.0,120.0,Cash,In-store,2024-02-06,False,1707177600
TXN_7714982,CUST_20,Butchers,Item_14_BUT,24.5,4.0,98.0,Credit Card,Online,2024-06-17,True,1718582400
TXN_4713817,CUST_25,Patisserie,Item_17_PAT,29.0,6.0,174.0,Cash,In-store,2024-04-19,False,1713484800
TXN_2843740,CUST_19,Patisserie,Item_4_PAT,9.5,5.0,47.5,Credit Card,In-store,2024-05-06,True,1714953600
TXN_2060935,CUST_14,Electric household essentials,Item_5_EHE,11.0,9.0,99.0,Digital Wallet,In-store,2023-07-08,True,1688774400
TXN_6499717,CUST_06,Computers and electric accessories,Item_16_CEA,27.5,5.0,137.5,Credit Card,Online,2024-07-15,False,1721001600
TXN_7426702,CUST_04,Patisserie,Item_20_PAT,33.5,7.0,234.5,Cash,In-store,2023-11-17,True,1700179200
TXN_5821825,CUST_13,Patisserie,Item_16_PAT,27.5,4.0,110.0,Cash,Online,2022-12-29,False,1672272000
TXN_7938026,CUST_13,Butchers,Item_3_BUT,8.0,1.0,8.0,Digital Wallet,In-store,2023-02-18,False,1676678400
TXN_8011504,CUST_20,Patisserie,Item_17_PAT,29.0,8.0,232.0,Cash,In-store,2024-07-24,False,1721779200
TXN_5566685,CUST_06,Milk Products,Item_21_MILK,35.0,1.0,35.0,Cash,In-store,2023-12-07,False,1701907200
TXN_4780435,CUST_19,Electric household essentials,Item_8_EHE,15.5,10.0,155.0,Cash,Online,2023-05-03,True,1683072000
TXN_8976767,CUST_13,Butchers,Item_13_BUT,23.0,10.0,230.0,Cash,Online,2022-10-28,False,1666915200
TXN_2691157,CUST_14,Patisserie,Item_25_PAT,41.0,8.0,328.0,Credit Card,In-store,2024-11-11,True,1731283200
TXN_7955635,CUST_25,Computers and electric accessories,Item_10_CEA,18.5,4.0,74.0,Credit Card,In-store,2023-03-19,False,1679184000
TXN_5410671,CUST_20,Milk Products,Item_3_MILK,8.0,9.0,72.0,Credit Card,Online,2023-12-25,True,1703462400
TXN_1407563,CUST_23,Electric household essentials,Item_15_EHE,26.0,1.0,26.0,Credit Card,In-store,2024-09-12,True,1726099200
TXN_3465341,CUST_09,Milk Products,Item_19_MILK,32.0,4.0,128.0,Cash,In-store,2022-02-01,True,1643673600
TXN_1056184,CUST_16,Beverages,Item_14_BEV,24.5,5.0,122.5,Credit Card,In-store,2024-11-30,False,1732924800
TXN_9266601,CUST_12,Food,Item_2_FOOD,6.5,7.0,45.5,Digital Wallet,Online,2024-04-30,True,1714435200
TXN_8831675,CUST_14,Milk Products,Item_6_MILK,12.5,7.0,87.5,Credit Card,In-store,2023-12-22,False,1703203200
TXN_9974710,CUST_20,Furniture,Item_10_FUR,18.5,3.0,55.5,Digital Wallet,In-store,2024-11-06,False,1730851200
TXN_2843646,CUST_12,Food,Item_18_FOOD,30.5,1.0,30.5,Cash,In-store,2024-06-26,False,1719360000
TXN_3871513,CUST_15,Patisserie,Item_11_PAT,20.0,8.0,160.0,Digital Wallet,Online,2024-07-12,True,1720742400
TXN_9792470,CUST_18,Food,Item_3_FOOD,8.0,4.0,32.0,Credit Card,In-store,2024-01-22,True,1705881600
TXN_7009968,CUST_02,Food,Item_5_FOOD,11.0,5.0,55.0,Digital Wallet,In-store,2022-12-23,False,1671753600
TXN_5134226,CUST_24,Butchers,Item_25_BUT,41.0,2.0,82.0,Digital Wallet,Online,2022-07-10,True,1657411200
TXN_7662644,CUST_06,Patisserie,Item_2_PAT,6.5,8.0,52.0,Cash,In-store,2023-07-13,False,1689206400
TXN_4422759,CUST_21,Electric household essentials,Item_23_EHE,38.0,6.0,228.0,Cash,In-store,2025-01-06,False,1736121600
TXN_1947569,CUST_09,Food,Item_22_FOOD,36.5,10.0,365.0,Digital Wallet,Online,2023-10-21,True,1697846400
TXN_9770361,CUST_25,Furniture,Item_14_FUR,24.5,6.0,147.0,Cash,Online,2022-05-18,False,1652832000
TXN_2159886,CUST_23,Butchers,Item_16_BUT,27.5,3.0,82.5,Cash,In-store,2024-04-19,True,1713484800
TXN_3763280,CUST_20,Beverages,Item_4_BEV,9.5,1.0,9.5,Credit Card,In-store,2024-12-20,False,1734652800
TXN_1751349,CUST_22,Furniture,Item_2_FUR,6.5,3.0,19.5,Credit Card,Online,2024-02-26,True,1708905600
TXN_4777181,CUST_05,Furniture,Item_15_FUR,26.0,1.0,26.0,Credit Card,In-store,2024-11-03,True,1730592000
TXN_2481299,CUST_21,Butchers,Item_5_BUT,11.0,8.0,88.0,Credit Card,In-store,2023-04-27,True,1682553600
TXN_2685666,CUST_03,Milk Products,Item_11_MILK,20.0,7.0,140.0,Digital Wallet,Online,2024-01-17,False,1705449600
TXN_2972823,CUST_20,Electric household essentials,Item_21_EHE,35.0,4.0,140.0,Cash,Online,2024-08-22,False,1724284800
TXN_7798925,CUST_08,Beverages,Item_14_BEV,24.5,9.0,220.5,Cash,In-store,2023-03-21,False,1679356800
TXN_5240612,CUST_01,Patisserie,Item_9_PAT,17.0,1.0,17.0,Cash,In-store,2023-03-31,True,1680220800
TXN_2798740,CUST_05,Milk Products,Item_1_MILK,5.0,10.0,50.0,Cash,Online,2023-03-16,True,1678924800
TXN_5192905,CUST_10,Butchers,Item_3_BUT,8.0,5.0,40.0,Credit Card,In-store,2022-03-28,True,1648425600
TXN_4834959,CUST_24,Butchers,Item_3_BUT,8.0,9.0,72.0,Credit Card,In-store,2023-01-22,False,1674345600
TXN_8801583,CUST_24,Butchers,Item_16_BUT,27.5,7.0,192.5,Credit Card,In-store,2022-09-18,True,1663459200
TXN_6108978,CUST_20,Milk Products,Item_3_MILK,8.0,4.0,32.0,Cash,In-store,2022-11-17,False,1668643200
TXN_6038887,CUST_10,Electric household essentials,Item_1_EHE,5.0,7.0,35.0,Credit Card,Online,2024-07-11,False,1720656000
TXN_9224762,CUST_03,Furniture,Item_4_FUR,9.5,10.0,95.0,Digital Wallet,Online,2022-01-10,False,1641772800
TXN_3724129,CUST_15,Beverages,Item_25_BEV,41.0,8.0,328.0,Digital Wallet,In-store,2022-02-03,True,1643846400
TXN_8952212,CUST_12,Electric household essentials,Item_17_EHE,29.0,5.0,145.0,Digital Wallet,In-store,2022-03-29,True,1648512000
TXN_1037036,CUST_18,Beverages,Item_24_BEV,39.5,10.0,395.0,Digital Wallet,Online,2024-03-22,False,1711065600
TXN_3369728,CUST_18,Beverages,Item_2_BEV,6.5,7.0,45.5,Credit Card,In-store,2022-08-20,True,1660953600
TXN_4090699,CUST_20,Furniture,Item_8_FUR,15.5,1.0,15.5,Digital Wallet,In-store,2024-07-27,True,1722038400
TXN_9560804,CUST_23,Butchers,Item_11_BUT,20.0,4.0,80.0,Digital Wallet,Online,2024-04-15,False,1713139200
TXN_8222717,CUST_13,Electric household essentials,Item_15_EHE,26.0,7.0,182.0,Credit Card,In-store,2023-11-29,False,1701216000
TXN_8739336,CUST_23,Furniture,Item_16_FUR,27.5,2.0,55.0,Digital Wallet,Online,2023-10-21,False,1697846400
TXN_6292835,CUST_07,Computers and electric accessories,Item_20_CEA,33.5,7.0,234.5,Credit Card,Online,2022-04-25,False,1650844800
TXN_7241224,CUST_04,Electric household essentials,Item_9_EHE,17.0,7.0,119.0,Cash,Online,2024-09-02,False,1725235200
TXN_9675873,CUST_18,Furniture,Item_6_FUR,12.5,8.0,100.0,Credit Card,Online,2024-12-31,True,1735603200
TXN_9867797,CUST_08,Furniture,Item_15_FUR,26.0,2.0,52.0,Credit Card,Online,2024-11-12,False,1731369600
TXN_1449888,CUST_24,Electric household essentials,Item_13_EHE,23.0,5.0,115.0,Digital Wallet,Online,2024-11-24,False,1732406400
TXN_1765249,CUST_10,Computers and electric accessories,Item_22_CEA,36.5,4.0,146.0,Cash,Online,2024-02-27,True,1708992000
TXN_8011706,CUST_05,Furniture,Item_5_FUR,11.0,3.0,33.0,Cash,In-store,2024-02-07,True,1707264000
TXN_1595881,CUST_12,Butchers,Item_3_BUT,8.0,10.0,80.0,Cash,Online,2023-02-22,True,1677024000
TXN_5501500,CUST_25,Computers and electric accessories,Item_21_CEA,35.0,10.0,350.0,Credit Card,In-store,2024-05-17,False,1715904000
TXN_5798656,CUST_19,Milk Products,Item_19_MILK,32.0,6.0,192.0,Credit Card,Online,2023-08-19,False,1692403200
TXN_4491566,CUST_20,Beverages,Item_24_BEV,39.5,8.0,316.0,Credit Card,Online,2024-02-23,False,1708646400
TXN_3718315,CUST_15,Butchers,Item_24_BUT,39.5,1.0,39.5,Cash,Online,2023-05-23,False,1684800000
TXN_6943850,CUST_08,Electric household essentials,Item_1_EHE,5.0,8.0,40.0,Credit Card,In-store,2023-05-24,False,1684886400
TXN_7836121,CUST_19,Butchers,Item_15_BUT,26.0,9.0,234.0,Credit Card,In-store,2022-06-29,True,1656460800
TXN_3775360,CUST_04,Beverages,Item_24_BEV,39.5,7.0,276.5,Cash,In-store,2024-06-09,True,1717891200
TXN_1624550,CUST_19,Electric household essentials,Item_25_EHE,41.0,2.0,82.0,Digital Wallet,In-store,2024-07-28,False,1722124800
TXN_3412638,CUST_04,Electric household essentials,Item_9_EHE,17.0,1.0,17.0,Digital Wallet,Online,2022-11-28,True,1669593600
TXN_5999343,CUST_19,Electric household essentials,Item_4_EHE,9.5,1.0,9.5,Digital Wallet,In-store,2022-07-17,False,1658016000
TXN_6297355,CUST_19,Patisserie,Item_2_PAT,6.5,8.0,52.0,Cash,Online,2024-06-17,False,1718582400
TXN_6404565,CUST_01,Computers and electric accessories,Item_19_CEA,32.0,8.0,256.0,Digital Wallet,Online,2023-05-21,False,1684627200
TXN_8375614,CUST_25,Computers and electric accessories,Item_20_CEA,33.5,6.0,201.0,Digital Wallet,Online,2022-01-07,False,1641513600
TXN_4703372,CUST_23,Patisserie,Item_13_PAT,23.0,9.0,207.0,Digital Wallet,Online,2023-08-29,False,1693267200
TXN_6699940,CUST_07,Butchers,Item_11_BUT,20.0,9.0,180.0,Digital Wallet,In-store,2022-07-16,False,1657929600
TXN_5448250,CUST_03,Computers and electric accessories,Item_20_CEA,33.5,6.0,201.0,Cash,Online,2024-03-21,True,1710979200
TXN_8540247,CUST_21,Butchers,Item_22_BUT,36.5,7.0,255.5,Digital Wallet,In-store,2023-02-18,True,1676678400
TXN_8694108,CUST_16,Electric household essentials,Item_22_EHE,36.5,4.0,146.0,Credit Card,In-store,2022-11-20,True,1668902400
TXN_2279408,CUST_22,Computers and electric accessories,Item_12_CEA,21.5,9.0,193.5,Credit Card,Online,2024-08-25,False,1724544000
TXN_8505513,CUST_18,Electric household essentials,Item_1_EHE,5.0,8.0,40.0,Digital Wallet,In-store,2023-07-21,True,1689897600
TXN_1571058,CUST_06,Patisserie,Item_10_PAT,18.5,10.0,185.0,Digital Wallet,In-store,2022-06-06,True,1654473600
TXN_3119913,CUST_16,Butchers,Item_25_BUT,41.0,5.0,205.0,Digital Wallet,Online,2024-08-16,True,1723766400
TXN_6516845,CUST_07,Food,Item_17_FOOD,29.0,1.0,29.0,Cash,Online,2022-09-11,True,1662854400
TXN_2209765,CUST_21,Computers and electric accessories,Item_2_CEA,6.5,3.0,19.5,Cash,Online,2022-07-06,True,1657065600
TXN_7871362,CUST_14,Butchers,Item_8_BUT,15.5,2.0,31.0,Cash,Online,2022-06-20,True,1655683200
TXN_4886343,CUST_21,Furniture,Item_16_FUR,27.5,6.0,165.0,Cash,In-store,2022-09-17,True,1663372800
TXN_3792534,CUST_06,Patisserie,Item_9_PAT,17.0,6.0,102.0,Digital Wallet,Online,2023-09-08,False,1694131200
TXN_3846992,CUST_15,Computers and electric accessories,Item_7_CEA,14.0,9.0,126.0,Digital Wallet,Online,2023-12-11,True,1702252800
TXN_9755184,CUST_10,Butchers,Item_22_BUT,36.5,5.0,182.5,Digital Wallet,In-store,2024-11-25,True,1732492800
TXN_8886427,CUST_03,Food,Item_3_FOOD,8.0,2.0,16.0,Credit Card,Online,2023-01-02,True,1672617600
TXN_4098785,CUST_16,Patisserie,Item_9_PAT,17.0,6.0,102.0,Digital Wallet,In-store,2024-10-09,False,1728432000
TXN_1068864,CUST_13,Computers and electric accessories,Item_16_CEA,27.5,5.0,137.5,Credit Card,In-store,2023-02-16,True,1676505600
TXN_5799395,CUST_18,Milk Products,Item_7_MILK,14.0,1.0,14.0,Cash,Online,2022-04-22,True,1650585600
TXN_4611823,CUST_16,Computers and electric accessories,Item_2_CEA,6.5,9.0,58.5,Credit Card,In-store,2023-04-08,False,1680912000
TXN_8576669,CUST_24,Butchers,Item_20_BUT,33.5,2.0,67.0,Digital Wallet,Online,2024-06-27,True,1719446400
TXN_7102203,CUST_12,Milk Products,Item_20_MILK,33.5,2.0,67.0,Cash,In-store,2022-11-11,True,1668124800
TXN_1075229,CUST_03,Beverages,Item_7_BEV,14.0,3.0,42.0,Credit Card,In-store,2023-09-08,False,1694131200
TXN_3422017,CUST_22,Milk Products,Item_2_MILK,6.5,3.0,19.5,Cash,In-store,2022-03-28,True,1648425600
TXN_7000051,CUST_10,Furniture,Item_24_FUR,39.5,2.0,79.0,Cash,In-store,2023-03-08,True,1678233600
TXN_2056215,CUST_24,Food,Item_18_FOOD,30.5,3.0,91.5,Cash,Online,2023-02-13,True,1676246400
TXN_9534194,CUST_08,Beverages,Item_14_BEV,24.5,2.0,49.0,Cash,Online,2023-11-30,False,1701302400
TXN_2043452,CUST_17,Patisserie,Item_8_PAT,15.5,5.0,77.5,Credit Card,In-store,2022-02-23,True,1645574400
TXN_2825406,CUST_07,Milk Products,Item_16_MILK,27.5,6.0,165.0,Credit Card,In-store,2024-11-22,True,1732233600
TXN_9847297,CUST_25,Milk Products,Item_23_MILK,38.0,7.0,266.0,Cash,Online,2023-12-11,True,1702252800
TXN_1820052,CUST_09,Beverages,Item_18_BEV,30.5,6.0,183.0,Credit Card,Online,2023-09-05,True,1693872000
TXN_3662714,CUST_13,Furniture,Item_20_FUR,33.5,2.0,67.0,Credit Card,Online,2022-04-05,False,1649116800
TXN_6141590,CUST_15,Milk Products,Item_24_MILK,39.5,7.0,276.5,Credit Card,Online,2023-08-20,False,1692489600
TXN_4743910,CUST_16,Patisserie,Item_9_PAT,17.0,7.0,119.0,Cash,Online,2023-06-28,True,1687910400
TXN_1479443,CUST_14,Milk Products,Item_24_MILK,39.5,9.0,355.5,Cash,Online,2023-06-04,True,1685836800
TXN_7075340,CUST_13,Beverages,Item_4_BEV,9.5,3.0,28.5,Digital Wallet,In-store,2024-07-16,False,1721088000
TXN_1125784,CUST_05,Furniture,Item_7_FUR,14.0,9.0,126.0,Cash,In-store,2023-07-29,True,1690588800
TXN_1748782,CUST_22,Food,Item_18_FOOD,30.5,4.0,122.0,Digital Wallet,In-store,2022-11-23,False,1669161600
TXN_1550222,CUST_10,Beverages,Item_24_BEV,39.5,8.0,316.0,Cash,Online,2023-02-03,False,1675382400
TXN_8385458,CUST_17,Electric household essentials,Item_9_EHE,17.0,8.0,136.0,Digital Wallet,In-store,2022-06-18,False,1655510400
TXN_8230533,CUST_21,Milk Products,Item_20_MILK,33.5,10.0,335.0,Credit Card,Online,2023-10-20,False,1697760000
TXN_6213133,CUST_08,Milk Products,Item_20_MILK,33.5,5.0,167.5,Digital Wallet,Online,2022-03-10,False,1646870400
TXN_4624883,CUST_06,Patisserie,Item_24_PAT,39.5,9.0,355.5,Cash,Online,2022-07-21,True,1658361600
TXN_2746895,CUST_04,Computers and electric accessories,Item_19_CEA,32.0,8.0,256.0,Digital Wallet,In-store,2022-08-19,False,1660867200
TXN_3760030,CUST_05,Food,Item_5_FOOD,11.0,2.0,22.0,Cash,Online,2023-11-24,False,1700784000
TXN_8655450,CUST_15,Patisserie,Item_11_PAT,20.0,5.0,100.0,Cash,Online,2024-10-10,True,1728518400
TXN_9690494,CUST_09,Milk Products,Item_8_MILK,15.5,2.0,31.0,Credit Card,Online,2024-06-10,False,1717977600
TXN_6480679,CUST_13,Butchers,Item_23_BUT,38.0,9.0,342.0,Credit Card,In-store,2024-04-10,False,1712707200
TXN_7706309,CUST_08,Beverages,Item_8_BEV,15.5,4.0,62.0,Digital Wallet,Online,2022-06-06,True,1654473600
TXN_8722597,CUST_01,Electric household essentials,Item_5_EHE,11.0,6.0,66.0,Cash,Online,2024-10-30,False,1730246400
TXN_6506416,CUST_02,Furniture,Item_14_FUR,24.5,5.0,122.5,Cash,In-store,2024-07-24,True,1721779200
TXN_1201215,CUST_13,Computers and electric accessories,Item_8_CEA,15.5,6.0,93.0,Cash,Online,2022-10-03,True,1664755200
TXN_3245407,CUST_16,Milk Products,Item_3_MILK,8.0,8.0,64.0,Digital Wallet,In-store,2023-10-05,True,1696464000
TXN_9807861,CUST_07,Furniture,Item_15_FUR,26.0,10.0,260.0,Credit Card,In-store,2022-10-25,True,1666656000
TXN_4689236,CUST_20,Electric household essentials,Item_12_EHE,21.5,9.0,193.5,Credit Card,In-store,2023-12-31,False,1703980800
TXN_6544317,CUST_22,Milk Products,Item_11_MILK,20.0,10.0,200.0,Cash,Online,2022-07-20,False,1658275200
TXN_2229400,CUST_08,Food,Item_18_FOOD,30.5,7.0,213.5,Cash,Online,2023-12-29,True,1703808000
TXN_5974170,CUST_04,Computers and electric accessories,Item_10_CEA,18.5,10.0,185.0,Digital Wallet,Online,2024-01-21,False,1705795200
TXN_5928216,CUST_13,Butchers,Item_13_BUT,23.0,10.0,230.0,Credit Card,In-store,2024-05-18,False,1715990400
TXN_8227236,CUST_07,Milk Products,Item_8_MILK,15.5,4.0,62.0,Digital Wallet,Online,2024-05-12,True,1715472000
TXN_7132653,CUST_11,Computers and electric accessories,Item_11_CEA,20.0,3.0,60.0,Credit Card,Online,2024-04-12,False,1712880000
TXN_5150834,CUST_13,Electric household essentials,Item_25_EHE,41.0,10.0,410.0,Digital Wallet,Online,2022-02-24,True,1645660800
TXN_2713911,CUST_20,Patisserie,Item_21_PAT,35.0,5.0,175.0,Cash,In-store,2024-12-21,True,1734739200
TXN_9273608,CUST_22,Butchers,Item_8_BUT,15.5,8.0,124.0,Cash,Online,2023-03-19,False,1679184000
TXN_7989998,CUST_10,Computers and electric accessories,Item_2_CEA,6.5,1.0,6.5,Digital Wallet,Online,2024-07-22,False,1721606400
TXN_9632054,CUST_16,Patisserie,Item_15_PAT,26.0,9.0,234.0,Digital Wallet,Online,2023-12-14,False,1702512000
TXN_7182787,CUST_03,Butchers,Item_21_BUT,35.0,8.0,280.0,Cash,In-store,2023-09-04,True,1693785600
TXN_8613508,CUST_08,Butchers,Item_7_BUT,14.0,1.0,14.0,Cash,Online,2024-11-24,True,1732406400
TXN_1643393,CUST_01,Milk Products,Item_1_MILK,5.0,8.0,40.0,Digital Wallet,Online,2022-03-09,False,1646784000
TXN_9791556,CUST_18,Furniture,Item_25_FUR,41.0,10.0,410.0,Digital Wallet,In-store,2024-01-27,False,1706313600
TXN_6129356,CUST_24,Beverages,Item_12_BEV,21.5,7.0,150.5,Credit Card,In-store,2024-07-25,False,1721865600
TXN_4169051,CUST_01,Beverages,Item_17_BEV,29.0,5.0,145.0,Credit Card,In-store,2024-08-27,False,1724716800
TXN_9325414,CUST_07,Milk Products,Item_3_MILK,8.0,6.0,48.0,Cash,In-store,2022-10-14,True,1665705600
TXN_4584080,CUST_20,Butchers,Item_6_BUT,12.5,7.0,87.5,Cash,In-store,2023-08-03,False,1691020800
TXN_1003940,CUST_06,Furniture,Item_5_FUR,11.0,9.0,99.0,Digital Wallet,Online,2022-04-22,False,1650585600
TXN_7216595,CUST_14,Milk Products,Item_13_MILK,23.0,4.0,92.0,Digital Wallet,In-store,2022-09-01,True,1661990400
TXN_4457696,CUST_22,Butchers,Item_12_BUT,21.5,10.0,215.0,Credit Card,In-store,2022-12-04,True,1670112000
TXN_1499023,CUST_18,Milk Products,Item_11_MILK,20.0,4.0,80.0,Credit Card,Online,2024-05-04,False,1714780800
TXN_3320709,CUST_10,Electric household essentials,Item_6_EHE,12.5,5.0,62.5,Cash,Online,2024-08-02,False,1722556800
TXN_5091544,CUST_17,Milk Products,Item_16_MILK,27.5,9.0,247.5,Digital Wallet,Online,2023-02-06,False,1675641600
TXN_4562537,CUST_06,Butchers,Item_22_BUT,36.5,9.0,328.5,Digital Wallet,Online,2024-01-12,False,1705017600
TXN_3442651,CUST_02,Food,Item_18_FOOD,30.5,5.0,152.5,Credit Card,Online,2022-03-01,True,1646092800
TXN_9831254,CUST_11,Patisserie,Item_19_PAT,32.0,5.0,160.0,Credit Card,Online,2022-12-04,True,1670112000
TXN_3108062,CUST_19,Butchers,Item_8_BUT,15.5,8.0,124.0,Cash,In-store,2024-07-27,True,1722038400
TXN_1082353,CUST_02,Patisserie,Item_23_PAT,38.0,2.0,76.0,Cash,In-store,2023-01-05,False,1672876800
TXN_1113295,CUST_11,Milk Products,Item_25_MILK,41.0,10.0,410.0,Digital Wallet,Online,2022-08-23,False,1661212800
TXN_7506005,CUST_10,Electric household essentials,Item_13_EHE,23.0,8.0,184.0,Digital Wallet,Online,2024-10-12,True,1728691200
TXN_2556431,CUST_04,Beverages,Item_7_BEV,14.0,7.0,98.0,Cash,Online,2024-02-04,False,1707004800
TXN_3282392,CUST_24,Beverages,Item_1_BEV,5.0,10.0,50.0,Credit Card,Online,2023-09-20,True,1695168000
TXN_5204789,CUST_04,Furniture,Item_2_FUR,6.5,8.0,52.0,Digital Wallet,Online,2022-11-05,True,1667606400
TXN_9897293,CUST_23,Patisserie,Item_24_PAT,39.5,10.0,395.0,Cash,Online,2023-05-26,True,1685059200
TXN_5942806,CUST_16,Patisserie,Item_15_PAT,26.0,10.0,260.0,Cash,In-store,2022-11-13,False,1668297600
TXN_4023955,CUST_07,Computers and electric accessories,Item_18_CEA,30.5,8.0,244.0,Cash,Online,2024-07-03,False,1719964800
TXN_6038542,CUST_17,Butchers,Item_19_BUT,32.0,4.0,128.0,Cash,In-store,2022-09-09,False,1662681600
TXN_6928167,CUST_10,Furniture,Item_24_FUR,39.5,8.0,316.0,Credit Card,In-store,2022-06-20,False,1655683200
TXN_6429820,CUST_08,Electric household essentials,Item_9_EHE,17.0,8.0,136.0,Digital Wallet,In-store,2024-01-31,True,1706659200
TXN_4690086,CUST_04,Beverages,Item_15_BEV,26.0,6.0,156.0,Credit Card,Online,2024-09-30,False,1727654400
TXN_4900137,CUST_22,Beverages,Item_15_BEV,26.0,5.0,130.0,Cash,In-store,2022-03-10,False,1646870400
TXN_2766289,CUST_12,Electric household essentials,Item_25_EHE,41.0,7.0,287.0,Digital Wallet,In-store,2024-12-22,False,1734825600
TXN_2558306,CUST_15,Furniture,Item_8_FUR,15.5,10.0,155.0,Credit Card,Online,2023-08-02,True,1690934400
TXN_6750796,CUST_09,Milk Products,Item_4_MILK,9.5,7.0,66.5,Digital Wallet,In-store,2024-10-08,True,1728345600
TXN_9852381,CUST_21,Furniture,Item_21_FUR,35.0,4.0,140.0,Cash,In-store,2022-01-05,False,1641340800
TXN_7471824,CUST_03,Beverages,Item_14_BEV,24.5,7.0,171.5,Digital Wallet,Online,2023-01-01,True,1672531200
TXN_8762760,CUST_09,Milk Products,Item_7_MILK,14.0,9.0,126.0,Cash,In-store,2024-09-13,True,1726185600
TXN_5246412,CUST_10,Beverages,Item_8_BEV,15.5,1.0,15.5,Cash,In-store,2023-09-15,False,1694736000
TXN_8055736,CUST_15,Food,Item_1_FOOD,5.0,8.0,40.0,Digital Wallet,In-store,2022-11-23,True,1669161600
TXN_8445692,CUST_14,Patisserie,Item_8_PAT,15.5,7.0,108.5,Cash,Online,2024-11-04,True,1730678400
TXN_4033083,CUST_06,Butchers,Item_10_BUT,18.5,8.0,148.0,Credit Card,In-store,2022-11-16,True,1668556800
TXN_8987762,CUST_22,Computers and electric accessories,Item_17_CEA,29.0,9.0,261.0,Credit Card,In-store,2024-11-18,False,1731888000
TXN_2102550,CUST_03,Beverages,Item_14_BEV,24.5,9.0,220.5,Credit Card,In-store,2022-06-21,False,1655769600
TXN_5985666,CUST_09,Furniture,Item_23_FUR,38.0,8.0,304.0,Credit Card,Online,2023-07-13,False,1689206400
TXN_2585566,CUST_06,Electric household essentials,Item_17_EHE,29.0,3.0,87.0,Digital Wallet,In-store,2024-03-10,True,1710028800
TXN_9611005,CUST_09,Food,Item_4_FOOD,9.5,5.0,47.5,Credit Card,Online,2024-11-23,True,1732320000
TXN_9974657,CUST_15,Patisserie,Item_6_PAT,12.5,7.0,87.5,Digital Wallet,In-store,2022-09-20,False,1663632000
TXN_9717609,CUST_16,Computers and electric accessories,Item_8_CEA,15.5,2.0,31.0,Cash,In-store,2022-12-09,True,1670544000
TXN_8696709,CUST_12,Patisserie,Item_4_PAT,9.5,7.0,66.5,Cash,Online,2022-09-10,False,1662768000
TXN_9113838,CUST_24,Food,Item_1_FOOD,5.0,8.0,40.0,Credit Card,In-store,2023-06-30,True,1688083200
TXN_2033155,CUST_21,Food,Item_17_FOOD,29.0,3.0,87.0,Digital Wallet,Online,2023-05-29,False,1685318400
TXN_5171451,CUST_12,Electric household essentials,Item_9_EHE,17.0,8.0,136.0,Digital Wallet,In-store,2022-05-30,False,1653868800
TXN_6424495,CUST_06,Computers and electric accessories,Item_3_CEA,8.0,9.0,72.0,Digital Wallet,In-store,2023-05-21,False,1684627200
TXN_8027800,CUST_25,Milk Products,Item_6_MILK,12.5,4.0,50.0,Digital Wallet,Online,2022-09-25,False,1664064000
TXN_9576699,CUST_24,Beverages,Item_2_BEV,6.5,2.0,13.0,Cash,Online,2024-08-21,False,1724198400
TXN_6607116,CUST_09,Food,Item_4_FOOD,9.5,3.0,28.5,Digital Wallet,In-store,2022-01-23,False,1642896000
TXN_5798687,CUST_03,Beverages,Item_15_BEV,26.0,3.0,78.0,Digital Wallet,Online,2024-03-15,True,1710460800
TXN_5993328,CUST_16,Furniture,Item_25_FUR,41.0,1.0,41.0,Credit Card,In-store,2022-09-02,True,1662076800
TXN_7602955,CUST_12,Computers and electric accessories,Item_14_CEA,24.5,4.0,98.0,Digital Wallet,Online,2024-03-24,True,1711238400
TXN_5959676,CUST_19,Milk Products,Item_16_MILK,27.5,2.0,55.0,Credit Card,Online,2022-09-14,True,1663113600
TXN_2479039,CUST_16,Food,Item_13_FOOD,23.0,4.0,92.0,Credit Card,In-store,2024-01-29,True,1706486400
TXN_4461705,CUST_20,Milk Products,Item_16_MILK,27.5,8.0,220.0,Cash,In-store,2023-07-13,False,1689206400
TXN_1072609,CUST_08,Patisserie,Item_1_PAT,5.0,10.0,50.0,Digital Wallet,Online,2023-01-31,True,1675123200
TXN_5613029,CUST_03,Electric household essentials,Item_24_EHE,39.5,5.0,197.5,Credit Card,Online,2024-11-07,True,1730937600
TXN_1464198,CUST_07,Computers and electric accessories,Item_22_CEA,36.5,10.0,365.0,Credit Card,Online,2022-04-09,True,1649462400
TXN_9163687,CUST_19,Computers and electric accessories,Item_20_CEA,33.5,3.0,100.5,Digital Wallet,Online,2024-06-21,False,1718928000
TXN_4090239,CUST_08,Patisserie,Item_13_PAT,23.0,4.0,92.0,Credit Card,Online,2024-12-30,False,1735516800
TXN_8543296,CUST_16,Beverages,Item_2_BEV,6.5,8.0,52.0,Cash,Online,2022-01-11,True,1641859200
TXN_7671253,CUST_12,Electric household essentials,Item_13_EHE,23.0,3.0,69.0,Credit Card,Online,2022-10-14,True,1665705600
TXN_9169456,CUST_17,Food,Item_12_FOOD,21.5,9.0,193.5,Digital Wallet,In-store,2023-02-18,True,1676678400
TXN_7234193,CUST_12,Furniture,Item_24_FUR,39.5,1.0,39.5,Digital Wallet,Online,2024-06-05,False,1717545600
TXN_1606266,CUST_23,Food,Item_5_FOOD,11.0,1.0,11.0,Cash,In-store,2023-10-16,True,1697414400
TXN_3652625,CUST_20,Patisserie,Item_7_PAT,14.0,1.0,14.0,Cash,In-store,2023-08-23,True,1692748800
TXN_4002627,CUST_01,Electric household essentials,Item_13_EHE,23.0,10.0,230.0,Credit Card,In-store,2024-12-13,True,1734048000
TXN_3525275,CUST_21,Food,Item_11_FOOD,20.0,1.0,20.0,Digital Wallet,Online,2024-03-16,False,1710547200
TXN_8270365,CUST_04,Butchers,Item_16_BUT,27.5,2.0,55.0,Cash,In-store,2022-08-06,True,1659744000
TXN_3180157,CUST_17,Beverages,Item_3_BEV,8.0,3.0,24.0,Digital Wallet,In-store,2022-04-13,False,1649808000
TXN_6439849,CUST_24,Patisserie,Item_25_PAT,41.0,3.0,123.0,Cash,In-store,2022-10-01,False,1664582400
TXN_1346294,CUST_02,Beverages,Item_7_BEV,14.0,5.0,70.0,Credit Card,In-store,2023-09-18,True,1694995200
TXN_1862637,CUST_08,Electric household essentials,Item_21_EHE,35.0,3.0,105.0,Cash,Online,2024-03-27,True,1711497600
TXN_1051037,CUST_14,Patisserie,Item_16_PAT,27.5,3.0,82.5,Credit Card,In-store,2023-06-14,False,1686700800
TXN_4000119,CUST_15,Food,Item_5_FOOD,11.0,2.0,22.0,Cash,In-store,2022-02-19,True,1645228800
TXN_3708702,CUST_11,Beverages,Item_1_BEV,5.0,4.0,20.0,Credit Card,Online,2022-08-24,False,1661299200
TXN_4959669,CUST_11,Butchers,Item_12_BUT,21.5,5.0,107.5,Credit Card,Online,2024-11-28,False,1732752000
TXN_7218006,CUST_05,Milk Products,Item_15_MILK,26.0,9.0,234.0,Digital Wallet,Online,2024-12-22,False,1734825600
TXN_9601873,CUST_21,Milk Products,Item_17_MILK,29.0,2.0,58.0,Cash,Online,2023-11-03,False,1698969600
TXN_6430445,CUST_20,Computers and electric accessories,Item_22_CEA,36.5,9.0,328.5,Cash,Online,2023-02-06,True,1675641600
TXN_1942110,CUST_09,Computers and electric accessories,Item_8_CEA,15.5,3.0,46.5,Credit Card,Online,2024-04-09,True,1712620800
TXN_7861272,CUST_24,Milk Products,Item_13_MILK,23.0,8.0,184.0,Digital Wallet,In-store,2024-07-16,False,1721088000
TXN_5105838,CUST_17,Electric household essentials,Item_25_EHE,41.0,3.0,123.0,Digital Wallet,Online,2024-05-24,True,1716508800
TXN_1043899,CUST_16,Patisserie,Item_16_PAT,27.5,2.0,55.0,Cash,In-store,2024-09-02,True,1725235200
TXN_6618312,CUST_13,Patisserie,Item_6_PAT,12.5,3.0,37.5,Credit Card,Online,2022-07-09,True,1657324800
TXN_6237980,CUST_01,Furniture,Item_13_FUR,23.0,8.0,184.0,Cash,Online,2024-08-12,False,1723420800
TXN_4674977,CUST_15,Milk Products,Item_11_MILK,20.0,4.0,80.0,Cash,In-store,2023-03-07,True,1678147200
TXN_9944467,CUST_17,Patisserie,Item_9_PAT,17.0,6.0,102.0,Cash,Online,2023-03-13,False,1678665600
TXN_9699376,CUST_06,Computers and electric accessories,Item_16_CEA,27.5,7.0,192.5,Digital Wallet,Online,2022-01-24,True,1642982400
TXN_5740887,CUST_10,Electric household essentials,Item_13_EHE,23.0,4.0,92.0,Credit Card,Online,2023-12-17,False,1702771200
TXN_8074184,CUST_04,Milk Products,Item_24_MILK,39.5,2.0,79.0,Cash,Online,2024-05-14,False,1715644800
TXN_7739400,CUST_06,Milk Products,Item_8_MILK,15.5,2.0,31.0,Cash,In-store,2023-07-22,False,1689984000
TXN_8617279,CUST_17,Food,Item_2_FOOD,6.5,2.0,13.0,Credit Card,In-store,2022-04-05,False,1649116800
TXN_5830740,CUST_19,Electric household essentials,Item_10_EHE,18.5,1.0,18.5,Credit Card,Online,2023-11-20,False,1700438400
TXN_1383780,CUST_19,Milk Products,Item_16_MILK,27.5,4.0,110.0,Credit Card,Online,2024-06-12,True,1718150400
TXN_2558768,CUST_04,Electric household essentials,Item_23_EHE,38.0,6.0,228.0,Credit Card,In-store,2023-12-22,True,1703203200
TXN_9099567,CUST_15,Computers and electric accessories,Item_20_CEA,33.5,1.0,33.5,Digital Wallet,In-store,2023-06-14,True,1686700800
TXN_9394458,CUST_22,Patisserie,Item_24_PAT,39.5,1.0,39.5,Cash,Online,2022-08-18,True,1660780800
TXN_9567750,CUST_19,Electric household essentials,Item_20_EHE,33.5,7.0,234.5,Digital Wallet,Online,2023-06-21,True,1687305600
TXN_7518278,CUST_07,Furniture,Item_24_FUR,39.5,1.0,39.5,Digital Wallet,In-store,2024-04-11,False,1712793600
TXN_1960454,CUST_10,Electric household essentials,Item_15_EHE,26.0,10.0,260.0,Cash,Online,2022-04-01,True,1648771200
TXN_2634754,CUST_07,Electric household essentials,Item_15_EHE,26.0,3.0,78.0,Cash,Online,2022-05-15,True,1652572800
TXN_9474780,CUST_09,Computers and electric accessories,Item_22_CEA,36.5,9.0,328.5,Cash,Online,2023-11-15,True,1700006400
TXN_3758932,CUST_25,Patisserie,Item_25_PAT,41.0,6.0,246.0,Credit Card,Online,2023-06-23,True,1687478400
TXN_4912510,CUST_08,Butchers,Item_2_BUT,6.5,3.0,19.5,Credit Card,Online,2024-08-21,False,1724198400
TXN_3876549,CUST_03,Computers and electric accessories,Item_20_CEA,33.5,7.0,234.5,Digital Wallet,Online,2022-07-21,True,1658361600
TXN_8796772,CUST_22,Computers and electric accessories,Item_12_CEA,21.5,10.0,215.0,Cash,In-store,2024-06-14,False,1718323200
TXN_2895764,CUST_11,Milk Products,Item_7_MILK,14.0,9.0,126.0,Digital Wallet,In-store,2024-07-05,False,1720137600
TXN_5308530,CUST_07,Milk Products,Item_16_MILK,27.5,9.0,247.5,Digital Wallet,In-store,2023-12-18,False,1702857600
TXN_5894246,CUST_14,Furniture,Item_5_FUR,11.0,2.0,22.0,Digital Wallet,In-store,2022-05-09,False,1652054400
TXN_6218723,CUST_15,Beverages,Item_11_BEV,20.0,9.0,180.0,Credit Card,Online,2022-11-12,True,1668211200
TXN_1413741,CUST_13,Beverages,Item_18_BEV,30.5,3.0,91.5,Credit Card,In-store,2023-04-14,True,1681430400
TXN_2248111,CUST_20,Furniture,Item_3_FUR,8.0,10.0,80.0,Digital Wallet,In-store,2024-05-25,True,1716595200
TXN_5161441,CUST_15,Patisserie,Item_10_PAT,18.5,1.0,18.5,Credit Card,Online,2023-02-24,False,1677196800
TXN_8133054,CUST_12,Furniture,Item_5_FUR,11.0,2.0,22.0,Credit Card,Online,2024-02-09,False,1707436800
TXN_5035840,CUST_24,Electric household essentials,Item_11_EHE,20.0,7.0,140.0,Digital Wallet,In-store,2022-05-03,True,1651536000
TXN_6128965,CUST_10,Computers and electric accessories,Item_18_CEA,30.5,6.0,183.0,Credit Card,In-store,2024-09-26,True,1727308800
TXN_6193647,CUST_14,Electric household essentials,Item_9_EHE,17.0,10.0,170.0,Digital Wallet,Online,2022-06-05,True,1654387200
TXN_4266749,CUST_11,Furniture,Item_23_FUR,38.0,7.0,266.0,Cash,In-store,2022-08-10,True,1660089600
TXN_7014462,CUST_24,Patisserie,Item_10_PAT,18.5,2.0,37.0,Credit Card,Online,2024-11-29,False,1732838400
TXN_9720178,CUST_25,Electric household essentials,Item_2_EHE,6.5,8.0,52.0,Digital Wallet,In-store,2024-02-07,True,1707264000
TXN_8449935,CUST_06,Furniture,Item_8_FUR,15.5,7.0,108.5,Credit Card,In-store,2024-12-13,False,1734048000
TXN_6754018,CUST_10,Patisserie,Item_13_PAT,23.0,4.0,92.0,Cash,In-store,2023-12-31,False,1703980800
TXN_5241822,CUST_17,Electric household essentials,Item_17_EHE,29.0,8.0,232.0,Digital Wallet,Online,2022-12-09,True,1670544000
TXN_9669469,CUST_11,Electric household essentials,Item_7_EHE,14.0,10.0,140.0,Cash,In-store,2022-07-01,True,1656633600
TXN_3598923,CUST_16,Computers and electric accessories,Item_5_CEA,11.0,8.0,88.0,Cash,Online,2024-07-18,False,1721260800
TXN_9901111,CUST_23,Milk Products,Item_7_MILK,14.0,3.0,42.0,Cash,Online,2022-11-06,False,1667692800
TXN_3054311,CUST_03,Food,Item_21_FOOD,35.0,7.0,245.0,Digital Wallet,Online,2023-01-15,False,1673740800
TXN_1278695,CUST_02,Beverages,Item_8_BEV,15.5,6.0,93.0,Cash,In-store,2023-03-11,True,1678492800
TXN_8219700,CUST_12,Milk Products,Item_8_MILK,15.5,5.0,77.5,Digital Wallet,In-store,2022-11-29,False,1669680000
TXN_8441709,CUST_10,Electric household essentials,Item_23_EHE,38.0,8.0,304.0,Credit Card,Online,2024-05-25,True,1716595200
TXN_8889008,CUST_09,Furniture,Item_8_FUR,15.5,1.0,15.5,Credit Card,In-store,2022-04-13,False,1649808000
TXN_2403712,CUST_24,Electric household essentials,Item_19_EHE,32.0,4.0,128.0,Cash,Online,2023-06-22,True,1687392000
TXN_8797238,CUST_24,Milk Products,Item_16_MILK,27.5,2.0,55.0,Cash,In-store,2023-05-23,True,1684800000
TXN_3568403,CUST_18,Electric household essentials,Item_21_EHE,35.0,3.0,105.0,Credit Card,Online,2022-02-02,False,1643760000
TXN_6936220,CUST_17,Food,Item_9_FOOD,17.0,3.0,51.0,Digital Wallet,Online,2022-08-09,False,1660003200
TXN_4247005,CUST_01,Furniture,Item_10_FUR,18.5,6.0,111.0,Credit Card,Online,2022-02-04,False,1643932800
TXN_9655096,CUST_03,Butchers,Item_20_BUT,33.5,10.0,335.0,Cash,Online,2024-06-30,False,1719705600
TXN_4477071,CUST_20,Furniture,Item_21_FUR,35.0,1.0,35.0,Cash,Online,2023-08-28,False,1693180800
TXN_3619820,CUST_12,Food,Item_18_FOOD,30.5,7.0,213.5,Digital Wallet,Online,2023-12-23,False,1703289600
TXN_3541009,CUST_04,Beverages,Item_1_BEV,5.0,6.0,30.0,Cash,In-store,2023-12-29,True,1703808000
TXN_4678316,CUST_05,Butchers,Item_11_BUT,20.0,7.0,140.0,Credit Card,In-store,2022-10-22,False,1666396800
TXN_1016292,CUST_11,Electric household essentials,Item_15_EHE,26.0,1.0,26.0,Cash,Online,2022-02-12,False,1644624000
TXN_5389562,CUST_18,Patisserie,Item_23_PAT,38.0,5.0,190.0,Digital Wallet,Online,2022-05-03,False,1651536000
TXN_9397079,CUST_05,Electric household essentials,Item_23_EHE,38.0,7.0,266.0,Credit Card,In-store,2022-10-02,False,1664668800
TXN_5147764,CUST_01,Furniture,Item_2_FUR,6.5,5.0,32.5,Credit Card,Online,2023-09-06,True,1693958400
TXN_4864042,CUST_17,Electric household essentials,Item_10_EHE,18.5,5.0,92.5,Cash,In-store,2024-03-21,True,1710979200
TXN_5449031,CUST_23,Furniture,Item_25_FUR,41.0,4.0,164.0,Digital Wallet,Online,2024-11-22,False,1732233600
TXN_8653248,CUST_21,Computers and electric accessories,Item_2_CEA,6.5,10.0,65.0,Credit Card,Online,2022-04-07,True,1649289600
TXN_8751139,CUST_06,Butchers,Item_15_BUT,26.0,5.0,130.0,Cash,In-store,2022-11-15,False,1668470400
TXN_7016337,CUST_15,Milk Products,Item_17_MILK,29.0,5.0,145.0,Cash,In-store,2024-11-05,True,1730764800
TXN_6850372,CUST_02,Beverages,Item_9_BEV,17.0,5.0,85.0,Digital Wallet,In-store,2024-03-31,True,1711843200
TXN_1851428,CUST_22,Electric household essentials,Item_23_EHE,38.0,5.0,190.0,Cash,In-store,2024-05-18,True,1715990400
TXN_8090236,CUST_04,Computers and electric accessories,Item_14_CEA,24.5,7.0,171.5,Digital Wallet,Online,2023-05-13,False,1683936000
TXN_9422597,CUST_04,Milk Products,Item_2_MILK,6.5,9.0,58.5,Cash,Online,2024-04-08,False,1712534400
TXN_8564216,CUST_24,Patisserie,Item_14_PAT,24.5,3.0,73.5,Credit Card,In-store,2023-06-18,True,1687046400
TXN_6013565,CUST_06,Butchers,Item_16_BUT,27.5,8.0,220.0,Credit Card,In-store,2023-07-22,False,1689984000
TXN_7799651,CUST_05,Patisserie,Item_9_PAT,17.0,1.0,17.0,Credit Card,Online,2024-11-05,False,1730764800
TXN_7502019,CUST_07,Food,Item_5_FOOD,11.0,8.0,88.0,Digital Wallet,In-store,2023-01-05,False,1672876800
TXN_2328288,CUST_14,Beverages,Item_11_BEV,20.0,10.0,200.0,Credit Card,In-store,2023-04-06,False,1680739200
TXN_1384868,CUST_10,Furniture,Item_2_FUR,6.5,1.0,6.5,Credit Card,In-store,2023-09-27,True,1695772800
TXN_9164663,CUST_14,Furniture,Item_16_FUR,27.5,4.0,110.0,Cash,In-store,2023-02-11,False,1676073600
TXN_6492555,CUST_13,Milk Products,Item_11_MILK,20.0,4.0,80.0,Credit Card,In-store,2024-09-05,False,1725494400
TXN_2988794,CUST_12,Food,Item_20_FOOD,33.5,3.0,100.5,Credit Card,In-store,2024-11-11,True,1731283200
TXN_2071777,CUST_08,Beverages,Item_2_BEV,6.5,3.0,19.5,Cash,In-store,2024-10-21,False,1729468800
TXN_8996671,CUST_20,Butchers,Item_24_BUT,39.5,5.0,197.5,Cash,In-store,2023-06-21,False,1687305600
TXN_8285743,CUST_16,Patisserie,Item_20_PAT,33.5,8.0,268.0,Cash,Online,2023-02-17,True,1676592000
TXN_3430293,CUST_21,Food,Item_5_FOOD,11.0,4.0,44.0,Credit Card,Online,2022-08-12,True,1660262400
TXN_7765690,CUST_25,Patisserie,Item_1_PAT,5.0,1.0,5.0,Cash,Online,2024-03-03,True,1709424000
TXN_8790118,CUST_08,Milk Products,Item_20_MILK,33.5,5.0,167.5,Credit Card,Online,2023-07-16,False,1689465600
TXN_2752036,CUST_20,Food,Item_17_FOOD,29.0,6.0,174.0,Cash,In-store,2023-02-04,True,1675468800
TXN_2777924,CUST_17,Milk Products,Item_6_MILK,12.5,5.0,62.5,Cash,In-store,2024-10-26,True,1729900800
TXN_5890815,CUST_12,Milk Products,Item_13_MILK,23.0,2.0,46.0,Digital Wallet,Online,2024-05-29,False,1716940800
TXN_5625684,CUST_22,Computers and electric accessories,Item_11_CEA,20.0,4.0,80.0,Cash,In-store,2022-11-09,True,1667952000
TXN_1395838,CUST_05,Butchers,Item_8_BUT,15.5,1.0,15.5,Cash,Online,2022-03-21,True,1647820800
TXN_1156632,CUST_05,Food,Item_15_FOOD,26.0,2.0,52.0,Cash,In-store,2024-06-21,True,1718928000
TXN_4274237,CUST_05,Furniture,Item_19_FUR,32.0,7.0,224.0,Cash,In-store,2023-11-26,True,1700956800
TXN_1188935,CUST_17,Electric household essentials,Item_19_EHE,32.0,3.0,96.0,Cash,Online,2024-03-30,True,1711756800
TXN_4407953,CUST_11,Beverages,Item_1_BEV,5.0,4.0,20.0,Digital Wallet,Online,2024-06-17,True,1718582400
TXN_4918465,CUST_13,Butchers,Item_25_BUT,41.0,5.0,205.0,Credit Card,In-store,2024-01-27,True,1706313600
TXN_7894525,CUST_23,Butchers,Item_15_BUT,26.0,1.0,26.0,Credit Card,Online,2023-01-31,True,1675123200
TXN_5987428,CUST_08,Beverages,Item_20_BEV,33.5,3.0,100.5,Cash,In-store,2024-08-10,False,1723248000
TXN_1877576,CUST_17,Furniture,Item_15_FUR,26.0,3.0,78.0,Digital Wallet,Online,2022-01-13,False,1642032000
TXN_5602350,CUST_25,Food,Item_9_FOOD,17.0,7.0,119.0,Credit Card,Online,2022-12-03,False,1670025600
TXN_6801032,CUST_01,Computers and electric accessories,Item_20_CEA,33.5,7.0,234.5,Digital Wallet,In-store,2022-05-23,False,1653264000
TXN_2896400,CUST_12,Beverages,Item_21_BEV,35.0,8.0,280.0,Credit Card,Online,2024-04-13,True,1712966400
TXN_5928099,CUST_24,Butchers,Item_16_BUT,27.5,6.0,165.0,Cash,Online,2022-07-21,False,1658361600
TXN_3294780,CUST_19,Patisserie,Item_20_PAT,33.5,4.0,134.0,Credit Card,Online,2022-10-14,True,1665705600
TXN_4853688,CUST_21,Furniture,Item_1_FUR,5.0,8.0,40.0,Credit Card,Online,2023-02-15,True,1676419200
TXN_5832757,CUST_10,Butchers,Item_2_BUT,6.5,9.0,58.5,Digital Wallet,Online,2024-07-22,True,1721606400
TXN_5715500,CUST_17,Food,Item_20_FOOD,33.5,3.0,100.5,Digital Wallet,Online,2024-06-05,False,1717545600
TXN_1102582,CUST_09,Food,Item_13_FOOD,23.0,5.0,115.0,Credit Card,Online,2024-10-27,False,1729987200
TXN_2855409,CUST_04,Beverages,Item_14_BEV,24.5,10.0,245.0,Credit Card,Online,2023-08-19,True,1692403200
TXN_9210011,CUST_22,Furniture,Item_11_FUR,20.0,2.0,40.0,Digital Wallet,Online,2024-08-05,False,1722816000
TXN_7459774,CUST_20,Patisserie,Item_23_PAT,38.0,4.0,152.0,Credit Card,Online,2022-04-25,True,1650844800
TXN_3506491,CUST_20,Food,Item_6_FOOD,12.5,9.0,112.5,Cash,Online,2024-03-16,False,1710547200
TXN_9920471,CUST_06,Computers and electric accessories,Item_9_CEA,17.0,7.0,119.0,Cash,Online,2023-03-18,False,1679097600
TXN_1118794,CUST_06,Furniture,Item_1_FUR,5.0,2.0,10.0,Credit Card,Online,2024-02-05,True,1707091200
TXN_8111105,CUST_06,Food,Item_13_FOOD,23.0,7.0,161.0,Credit Card,Online,2024-10-04,False,1728000000
TXN_5042193,CUST_19,Beverages,Item_20_BEV,33.5,7.0,234.5,Credit Card,Online,2024-05-13,False,1715558400
TXN_9556376,CUST_04,Computers and electric accessories,Item_11_CEA,20.0,4.0,80.0,Credit Card,Online,2023-07-11,False,1689033600
TXN_2260801,CUST_03,Food,Item_18_FOOD,30.5,8.0,244.0,Credit Card,In-store,2022-02-19,False,1645228800
TXN_2919179,CUST_23,Patisserie,Item_1_PAT,5.0,7.0,35.0,Digital Wallet,Online,2022-11-22,True,1669075200
TXN_6377971,CUST_07,Butchers,Item_5_BUT,11.0,10.0,110.0,Credit Card,Online,2022-10-30,False,1667088000
TXN_9753366,CUST_20,Butchers,Item_16_BUT,27.5,10.0,275.0,Cash,In-store,2022-09-02,True,1662076800
TXN_3604299,CUST_07,Furniture,Item_24_FUR,39.5,4.0,158.0,Digital Wallet,Online,2022-01-23,True,1642896000
TXN_4685476,CUST_25,Furniture,Item_14_FUR,24.5,2.0,49.0,Cash,Online,2024-08-09,True,1723161600
TXN_2937151,CUST_06,Furniture,Item_12_FUR,21.5,6.0,129.0,Credit Card,Online,2024-05-24,False,1716508800
TXN_7484072,CUST_02,Butchers,Item_25_BUT,41.0,10.0,410.0,Credit Card,In-store,2024-12-31,False,1735603200
TXN_2340343,CUST_06,Furniture,Item_11_FUR,20.0,9.0,180.0,Credit Card,In-store,2022-01-21,False,1642723200
TXN_9373460,CUST_14,Electric household essentials,Item_5_EHE,11.0,8.0,88.0,Digital Wallet,In-store,2023-06-11,True,1686441600
TXN_6627221,CUST_17,Food,Item_14_FOOD,24.5,2.0,49.0,Credit Card,In-store,2023-08-03,True,1691020800
TXN_3271634,CUST_25,Computers and electric accessories,Item_15_CEA,26.0,4.0,104.0,Credit Card,Online,2023-02-26,True,1677369600
TXN_1434202,CUST_18,Food,Item_10_FOOD,18.5,10.0,185.0,Digital Wallet,Online,2023-12-22,True,1703203200
TXN_9743446,CUST_24,Food,Item_13_FOOD,23.0,2.0,46.0,Cash,Online,2024-05-02,False,1714608000
TXN_7239201,CUST_24,Beverages,Item_25_BEV,41.0,10.0,410.0,Digital Wallet,In-store,2024-05-01,False,1714521600
TXN_6295698,CUST_12,Milk Products,Item_22_MILK,36.5,4.0,146.0,Cash,Online,2024-10-17,False,1729123200
TXN_5604451,CUST_08,Food,Item_21_FOOD,35.0,8.0,280.0,Cash,In-store,2023-12-28,True,1703721600
TXN_6972612,CUST_20,Electric household essentials,Item_12_EHE,21.5,8.0,172.0,Digital Wallet,Online,2024-10-14,True,1728864000
TXN_6960333,CUST_12,Computers and electric accessories,Item_17_CEA,29.0,2.0,58.0,Credit Card,Online,2024-12-12,True,1733961600
TXN_5394856,CUST_08,Patisserie,Item_17_PAT,29.0,2.0,58.0,Digital Wallet,Online,2024-10-24,True,1729728000
TXN_1712895,CUST_07,Computers and electric accessories,Item_2_CEA,6.5,5.0,32.5,Digital Wallet,In-store,2024-09-06,False,1725580800
TXN_6298574,CUST_01,Milk Products,Item_1_MILK,5.0,4.0,20.0,Cash,Online,2023-05-09,False,1683590400
TXN_4890318,CUST_25,Butchers,Item_3_BUT,8.0,5.0,40.0,Credit Card,In-store,2023-03-28,False,1679961600
TXN_2318174,CUST_18,Patisserie,Item_1_PAT,5.0,9.0,45.0,Digital Wallet,In-store,2024-05-13,False,1715558400
TXN_4009414,CUST_03,Beverages,Item_2_BEV,6.5,9.0,58.5,Cash,Online,2022-08-12,False,1660262400
TXN_5167298,CUST_04,Furniture,Item_7_FUR,14.0,6.0,84.0,Cash,Online,2023-12-30,True,1703894400
